id,date,country_code,aim_label,n_articles,languages,n_languages,harm_types,autonomy_level,severity_filled,agent_mention,aiid_ids
2026-01-01-86d7,2026-01-01,,incident,8,ell,1,Psychological;Physical (death);Economic/Property,Low-action autonomy (human-in-the-loop),0,0,
2026-01-01-d854,2026-01-01,TUR,incident,6,tur,1,Physical (injury),High-action autonomy (human-out-of-the-loop),0,0,
2026-01-01-c818,2026-01-01,USA,incident,3,eng,1,Environmental;Economic/Property;Psychological,High-action autonomy (human-out-of-the-loop),0,0,
2026-01-01-93d2,2026-01-01,USA,hazard,5,slk;vie,2,Psychological,High-action autonomy (human-out-of-the-loop),0,0,
2026-01-01-27df,2026-01-01,CHN,hazard,10,eng;zho,2,Human or fundamental rights;Public interest,High-action autonomy (human-out-of-the-loop),0,0,
2026-01-01-263e,2026-01-01,CHN,incident,11,zho,1,Reputational;Public interest,No-action autonomy (human support),0,0,
2026-01-01-72f6,2026-01-01,IRL,hazard,3,eng,1,Human or fundamental rights,,0,0,
2026-01-01-ddd1,2026-01-01,USA,incident,15,eng,1,Economic/Property;Reputational,No-action autonomy (human support),0,0,
2026-01-01-3737,2026-01-01,CHN,incident,25,eng;spa;zho,3,Economic/Property;Psychological,Low-action autonomy (human-in-the-loop),0,0,
2026-01-01-449a,2026-01-01,KOR,incident,13,kor,1,,,0,0,
2026-01-01-b2e5,2026-01-01,USA,hazard,11,eng;zho,2,,,0,0,
2026-01-01-696e,2026-01-01,USA,incident,27,eng,1,Psychological;Physical (death),High-action autonomy (human-out-of-the-loop),0,0,
2026-01-01-de83,2026-01-01,GBR,incident,108,ara;deu;eng;fra;ita;por;spa;ukr,8,Human or fundamental rights;Psychological,Low-action autonomy (human-in-the-loop),0,0,1329
2026-01-02-69bf,2026-01-02,IND,incident,56,eng;hin,2,Reputational,,0,0,
2026-01-02-0bb0,2026-01-02,IRN,incident,23,fas,1,Psychological;Public interest,,0,0,
2026-01-02-6ff1,2026-01-02,USA,incident,18,eng,1,Reputational;Public interest;Human or fundamental rights,,0,0,
2026-01-02-d852,2026-01-02,GBR,hazard,6,eng,1,Psychological;Public interest,No-action autonomy (human support),0,0,
2026-01-02-56de,2026-01-02,IND,incident,349,eng;hin,2,Psychological;Reputational;Human or fundamental rights,High-action autonomy (human-out-of-the-loop),0,0,
2026-01-02-c475,2026-01-02,TUR,incident,8,tur,1,Psychological;Human or fundamental rights,High-action autonomy (human-out-of-the-loop),0,0,1329
2026-01-02-989d,2026-01-02,KOR,hazard,8,kor,1,,Medium-action autonomy (human-on-the-loop),0,0,
2026-01-02-cebc,2026-01-02,IND,incident,15,eng,1,Public interest;Reputational,No-action autonomy (human support),0,0,
2026-01-02-2d6d,2026-01-02,IRQ,incident,10,ara,1,Psychological;Reputational;Human or fundamental rights;Economic/Property,No-action autonomy (human support),0,0,
2026-01-02-ec82,2026-01-02,USA,incident,4,eng,1,Economic/Property,Low-action autonomy (human-in-the-loop),0,0,
2026-01-02-a9a1,2026-01-02,ESP,incident,6,spa,1,Reputational;Psychological;Human or fundamental rights,Low-action autonomy (human-in-the-loop),0,0,
2026-01-02-4661,2026-01-02,USA,incident,4,eng,1,Reputational;Human or fundamental rights;Psychological,High-action autonomy (human-out-of-the-loop),0,0,1329
2026-01-02-c1d2,2026-01-02,GBR,incident,16,ara;eng,2,,High-action autonomy (human-out-of-the-loop),0,0,
2026-01-02-cb3b,2026-01-02,USA,hazard,20,eng;hrv;zho,3,Public interest,,0,0,
2026-01-02-62fb,2026-01-02,USA,incident,278,ara;ell;eng;fra;hrv;ind;jpn;kor;por;ron;spa;tur;urd;vie;zho,15,Physical (injury);Physical (death),High-action autonomy (human-out-of-the-loop),0,0,
2026-01-02-e23c,2026-01-02,USA,incident,726,ara;bul;deu;ell;eng;fas;fra;nld;pol;por;ron;spa;ukr;zho,14,Human or fundamental rights;Psychological,High-action autonomy (human-out-of-the-loop),0,0,1329
2026-01-03-5c4c,2026-01-03,USA,incident,112,bul;eng;jpn;por;spa;tur;vie;zho,8,Human or fundamental rights;Psychological;Reputational,High-action autonomy (human-out-of-the-loop),0,0,
2026-01-04-7f8e,2026-01-04,RUS,incident,0,,0,Psychological;Public interest,,0,0,
2026-01-04-23b6,2026-01-04,CHN,incident,48,zho,1,Psychological,High-action autonomy (human-out-of-the-loop),0,0,
2026-01-04-b219,2026-01-04,GBR,hazard,10,eng,1,Public interest,,0,0,
2026-01-04-deb9,2026-01-04,BRA,incident,19,por,1,Human or fundamental rights,High-action autonomy (human-out-of-the-loop),0,0,
2026-01-04-2665,2026-01-04,USA,hazard,12,eng;zho,2,Human or fundamental rights;Economic/Property;Reputational,Medium-action autonomy (human-on-the-loop),0,0,
2026-01-04-e16a,2026-01-04,IND,incident,12,eng,1,Other,Medium-action autonomy (human-on-the-loop),0,0,
2026-01-04-3cbe,2026-01-04,ROU,hazard,3,ron,1,Economic/Property,High-action autonomy (human-out-of-the-loop),0,0,
2026-01-04-c2d5,2026-01-04,JPN,incident,8,jpn,1,Human or fundamental rights;Reputational;Psychological,Low-action autonomy (human-in-the-loop),0,0,1329
2026-01-05-dfc3,2026-01-05,USA,incident,10,eng,1,Economic/Property,Low-action autonomy (human-in-the-loop),0,0,
2026-01-05-ae55,2026-01-05,UKR,incident,0,,0,Physical (death);Physical (injury);Human or fundamental rights,High-action autonomy (human-out-of-the-loop),0,0,
2026-01-05-5020,2026-01-05,ESP,incident,18,spa,1,Public interest;Reputational,No-action autonomy (human support),0,0,
2026-01-05-8ce9,2026-01-05,MYS,incident,60,ind,1,Human or fundamental rights;Psychological;Reputational,High-action autonomy (human-out-of-the-loop),0,0,
2026-01-05-1b9e,2026-01-05,KOR,incident,16,kor,1,Physical (injury),No-action autonomy (human support),0,0,
2026-01-05-46eb,2026-01-05,USA,hazard,25,eng;por;ron,3,Economic/Property,,0,0,
2026-01-05-83bf,2026-01-05,AUT,incident,8,deu,1,Economic/Property,,0,0,
2026-01-05-e7d5,2026-01-05,BRA,incident,13,por,1,Reputational;Public interest,Low-action autonomy (human-in-the-loop),0,0,
2026-01-05-9bb1,2026-01-05,KOR,incident,6,kor,1,Psychological;Reputational;Human or fundamental rights,,0,0,
2026-01-05-e017,2026-01-05,IND,incident,4,eng,1,Human or fundamental rights,Low-action autonomy (human-in-the-loop),0,0,
2026-01-05-ef76,2026-01-05,BRA,incident,13,por,1,Reputational,Low-action autonomy (human-in-the-loop),0,0,
2026-01-05-4a0c,2026-01-05,JPN,incident,18,jpn;zho,2,Reputational;Psychological;Human or fundamental rights,Low-action autonomy (human-in-the-loop),0,0,
2026-01-05-fac5,2026-01-05,USA,incident,25,eng,1,Human or fundamental rights,Medium-action autonomy (human-on-the-loop),0,0,
2026-01-05-82f1,2026-01-05,USA,incident,15,eng,1,Economic/Property;Reputational,High-action autonomy (human-out-of-the-loop),0,0,
2026-01-05-9a7c,2026-01-05,IDN,incident,6,jpn,1,Reputational;Psychological;Human or fundamental rights,No-action autonomy (human support),0,0,
2026-01-05-8b89,2026-01-05,BRA,incident,6,por,1,,Medium-action autonomy (human-on-the-loop),0,0,
2026-01-05-bca4,2026-01-05,FRA,incident,7,fra,1,Economic/Property;Reputational;Human or fundamental rights,,0,0,
2026-01-05-8f65,2026-01-05,,incident,96,ell;nld,2,Human or fundamental rights;Psychological;Reputational,Low-action autonomy (human-in-the-loop),0,0,
2026-01-05-08dd,2026-01-05,USA,hazard,352,ara;deu;ell;eng;fra;hrv;ind;ita;kor;por;ron;spa;tur;ukr;zho,15,Physical (injury);Human or fundamental rights,Medium-action autonomy (human-on-the-loop),0,0,
2026-01-05-f8af,2026-01-05,USA,incident,5,eng,1,Economic/Property;Psychological;Reputational,,0,0,1355
2026-01-05-cbcc,2026-01-05,GBR,incident,28,hun;por,2,Human or fundamental rights;Psychological;Reputational,High-action autonomy (human-out-of-the-loop),0,0,
2026-01-05-a5c9,2026-01-05,ITA,hazard,8,ita,1,Economic/Property;Human or fundamental rights,High-action autonomy (human-out-of-the-loop),0,0,
2026-01-05-793c,2026-01-05,GBR,incident,3,eng,1,Economic/Property,Medium-action autonomy (human-on-the-loop),0,0,
2026-01-05-2dbe,2026-01-05,,incident,34,deu;por;zho,3,Human or fundamental rights;Reputational,High-action autonomy (human-out-of-the-loop),0,0,
2026-01-05-1ef1,2026-01-05,,incident,294,deu;ell;eng;fra;por;ron;spa;tur;zho,9,Human or fundamental rights;Psychological,Low-action autonomy (human-in-the-loop),0,0,1329
2026-01-05-6079,2026-01-05,,incident,7,dan,1,Psychological;Human or fundamental rights,High-action autonomy (human-out-of-the-loop),0,0,1329
2026-01-05-635b,2026-01-05,VEN,incident,48,ell;eng;spa,3,Reputational;Public interest,Low-action autonomy (human-in-the-loop),0,0,1333
2026-01-06-3656,2026-01-06,KOR,incident,3,zho,1,Economic/Property;Reputational,,0,0,
2026-01-06-0c96,2026-01-06,USA,incident,43,eng;fra;spa;tur;zho,5,Physical (death),No-action autonomy (human support),0,0,1370
2026-01-06-6828,2026-01-06,IRL,incident,46,eng;tur,2,Psychological;Human or fundamental rights,,0,0,
2026-01-06-a73c,2026-01-06,ROU,incident,11,ron,1,Reputational;Public interest,,0,0,
2026-01-06-e1d2,2026-01-06,,incident,219,deu;eng;fra;ita;jpn;por;spa;tur;ukr;zho,10,Psychological;Reputational;Human or fundamental rights,Low-action autonomy (human-in-the-loop),0,0,
2026-01-06-34ad,2026-01-06,IND,incident,9,eng,1,,No-action autonomy (human support),0,0,
2026-01-06-77c1,2026-01-06,USA,hazard,31,eng;por,2,Physical (injury),High-action autonomy (human-out-of-the-loop),0,0,
2026-01-06-1fa0,2026-01-06,,incident,6,eng,1,Human or fundamental rights,No-action autonomy (human support),0,0,
2026-01-06-acbc,2026-01-06,MEX,incident,10,spa,1,Psychological;Human or fundamental rights,Low-action autonomy (human-in-the-loop),0,0,
2026-01-06-b584,2026-01-06,GBR,incident,20,deu;eng;fra;jpn,4,Human or fundamental rights,,0,0,1356
2026-01-06-0163,2026-01-06,,incident,10,eng,1,Economic/Property;Public interest,,0,0,
2026-01-06-eaed,2026-01-06,,incident,5,eng,1,Economic/Property;Reputational;Human or fundamental rights,Low-action autonomy (human-in-the-loop),0,0,
2026-01-06-998a,2026-01-06,USA,incident,13,ara;eng,2,Psychological;Reputational,,0,0,
2026-01-06-b99e,2026-01-06,FRA,incident,5,fra,1,Reputational;Public interest,Low-action autonomy (human-in-the-loop),0,0,
2026-01-06-c18e,2026-01-06,UKR,incident,0,,0,Economic/Property,High-action autonomy (human-out-of-the-loop),0,0,
2026-01-06-e9f0,2026-01-06,TWN,incident,3,zho,1,,Medium-action autonomy (human-on-the-loop),0,0,
2026-01-06-f4b8,2026-01-06,USA,hazard,3,bul,1,Economic/Property,,0,0,
2026-01-06-b948,2026-01-06,USA,hazard,14,eng,1,Physical (death);Psychological,High-action autonomy (human-out-of-the-loop),0,0,
2026-01-06-8579,2026-01-06,VNM,incident,17,vie,1,Reputational,,0,0,
2026-01-06-2901,2026-01-06,USA,hazard,7,ara,1,,Medium-action autonomy (human-on-the-loop),0,0,
2026-01-06-d51c,2026-01-06,USA,incident,3,eng,1,,Medium-action autonomy (human-on-the-loop),0,0,
2026-01-06-1ed8,2026-01-06,,incident,14,swe,1,Human or fundamental rights;Psychological;Reputational,High-action autonomy (human-out-of-the-loop),0,0,
2026-01-06-ad86,2026-01-06,DEU,incident,5,deu,1,Human or fundamental rights;Psychological,Low-action autonomy (human-in-the-loop),0,0,
2026-01-06-70c5,2026-01-06,TWN,hazard,4,zho,1,,Medium-action autonomy (human-on-the-loop),0,0,
2026-01-06-29bf,2026-01-06,IDN,incident,5,hrv,1,Human or fundamental rights;Psychological;Reputational,No-action autonomy (human support),0,0,
2026-01-06-f6ac,2026-01-06,,incident,336,deu;eng;fra;por;slv;spa;tur;ukr;zho,9,Psychological;Human or fundamental rights;Reputational,High-action autonomy (human-out-of-the-loop),0,0,1329
2026-01-07-04f3,2026-01-07,USA,incident,24,ara;hun;ind;ron,4,Human or fundamental rights,,0,0,
2026-01-07-7680,2026-01-07,UKR,incident,7,eng;ukr,2,Physical (death);Physical (injury);Economic/Property,High-action autonomy (human-out-of-the-loop),0,0,
2026-01-07-8e19,2026-01-07,IDN,incident,77,ara;ind,2,Human or fundamental rights;Psychological,High-action autonomy (human-out-of-the-loop),0,0,
2026-01-07-366c,2026-01-07,IDN,incident,67,ind,1,Human or fundamental rights;Psychological;Reputational,Low-action autonomy (human-in-the-loop),0,0,
2026-01-07-7459,2026-01-07,NLD,incident,95,ara;eng;fra;ron;spa;tur;ukr;zho,8,Psychological,No-action autonomy (human support),0,0,
2026-01-07-545f,2026-01-07,ESP,incident,28,spa,1,Human or fundamental rights;Psychological,High-action autonomy (human-out-of-the-loop),0,0,
2026-01-07-80d2,2026-01-07,ARE,hazard,33,eng;zho,2,Physical (injury);Physical (death);Economic/Property;Reputational;Human or fundamental rights,High-action autonomy (human-out-of-the-loop),0,0,
2026-01-07-1e07,2026-01-07,IRL,incident,23,eng,1,Psychological;Human or fundamental rights,Low-action autonomy (human-in-the-loop),0,0,
2026-01-07-727b,2026-01-07,USA,hazard,6,zho,1,Economic/Property,,0,1,
2026-01-07-a825,2026-01-07,GBR,incident,6,eng,1,Psychological;Reputational;Economic/Property,No-action autonomy (human support),0,0,
2026-01-07-77d0,2026-01-07,USA,incident,4,eng,1,Economic/Property;Human or fundamental rights,No-action autonomy (human support),0,0,
2026-01-07-7b0c,2026-01-07,IDN,incident,21,eng;tur,2,Psychological;Human or fundamental rights,No-action autonomy (human support),0,0,
2026-01-07-1aa8,2026-01-07,GBR,incident,5,eng;tur,2,Human or fundamental rights;Psychological;Reputational,Low-action autonomy (human-in-the-loop),0,0,
2026-01-07-a8d3,2026-01-07,GBR,incident,117,ell;eng;por,3,Human or fundamental rights;Reputational,,0,0,
2026-01-07-7aaf,2026-01-07,USA,incident,821,deu;eng;fra;ita;por;spa;ukr,7,Psychological;Human or fundamental rights,Low-action autonomy (human-in-the-loop),0,0,1329
2026-01-07-b9dc,2026-01-07,USA,incident,132,ara;deu;eng;fra;por;zho,6,Physical (death);Psychological,High-action autonomy (human-out-of-the-loop),0,0,826;1209
2026-01-07-1ff3,2026-01-07,USA,incident,8,eng,1,Reputational;Public interest,High-action autonomy (human-out-of-the-loop),0,0,1332
2026-01-08-99bd,2026-01-08,USA,incident,34,eng,1,Reputational;Public interest,Low-action autonomy (human-in-the-loop),0,1,1334;1358
2026-01-08-9dd3,2026-01-08,GBR,incident,57,fra;mkd;spa,3,Human or fundamental rights;Psychological,High-action autonomy (human-out-of-the-loop),0,0,
2026-01-08-ceca,2026-01-08,MEX,incident,35,spa,1,Reputational;Psychological,Medium-action autonomy (human-on-the-loop),0,0,
2026-01-08-f60a,2026-01-08,USA,hazard,14,eng;zho,2,Human or fundamental rights,No-action autonomy (human support),0,0,
2026-01-08-60ce,2026-01-08,GBR,hazard,11,eng,1,Human or fundamental rights,High-action autonomy (human-out-of-the-loop),0,1,
2026-01-08-2ca4,2026-01-08,KOR,hazard,6,kor,1,,High-action autonomy (human-out-of-the-loop),0,0,
2026-01-08-769c,2026-01-08,IDN,incident,6,ind,1,Psychological;Reputational;Human or fundamental rights,No-action autonomy (human support),0,0,
2026-01-08-2cde,2026-01-08,,incident,84,ara;ces;ron;zho,4,Psychological;Human or fundamental rights,High-action autonomy (human-out-of-the-loop),0,0,
2026-01-08-11c6,2026-01-08,TUR,incident,15,tur,1,Economic/Property;Human or fundamental rights,High-action autonomy (human-out-of-the-loop),0,0,
2026-01-08-1378,2026-01-08,USA,incident,6,eng,1,Economic/Property,Low-action autonomy (human-in-the-loop),0,0,
2026-01-08-d297,2026-01-08,GBR,incident,17,ara;eng,2,Human or fundamental rights,High-action autonomy (human-out-of-the-loop),0,0,
2026-01-08-74df,2026-01-08,USA,incident,9,eng,1,Human or fundamental rights,No-action autonomy (human support),0,1,
2026-01-08-7949,2026-01-08,MEX,hazard,5,spa,1,Psychological;Human or fundamental rights,High-action autonomy (human-out-of-the-loop),0,0,
2026-01-08-1373,2026-01-08,,incident,4,eng,1,Human or fundamental rights;Psychological,High-action autonomy (human-out-of-the-loop),0,0,
2026-01-08-6eab,2026-01-08,FRA,hazard,5,eng;fra,2,Reputational;Public interest,High-action autonomy (human-out-of-the-loop),0,0,
2026-01-08-ef40,2026-01-08,USA,hazard,4,kor,1,,High-action autonomy (human-out-of-the-loop),0,0,
2026-01-08-0e5c,2026-01-08,URY,incident,5,spa,1,Economic/Property;Human or fundamental rights,No-action autonomy (human support),0,0,
2026-01-08-d770,2026-01-08,IDN,incident,21,fra;ind;jpn,3,Psychological;Reputational;Human or fundamental rights,Medium-action autonomy (human-on-the-loop),0,0,
2026-01-08-f95a,2026-01-08,IND,incident,7,eng,1,Economic/Property;Psychological;Human or fundamental rights,No-action autonomy (human support),0,0,
2026-01-08-019b,2026-01-08,,incident,12,deu;por,2,Human or fundamental rights;Psychological,High-action autonomy (human-out-of-the-loop),0,0,1329
2026-01-08-248c,2026-01-08,USA,incident,33,eng,1,Psychological;Public interest;Economic/Property,High-action autonomy (human-out-of-the-loop),0,0,1541
2026-01-09-4a4c,2026-01-09,IDN,incident,5,ind,1,Psychological;Reputational;Human or fundamental rights,,0,0,
2026-01-09-2a26,2026-01-09,USA,hazard,29,eng;kor;tur,3,Economic/Property;Physical (injury),High-action autonomy (human-out-of-the-loop),0,0,
2026-01-09-cff4,2026-01-09,USA,incident,10,eng,1,Physical (death);Economic/Property,High-action autonomy (human-out-of-the-loop),0,0,
2026-01-09-457c,2026-01-09,AUS,incident,14,eng,1,Human or fundamental rights;Psychological;Reputational,High-action autonomy (human-out-of-the-loop),0,0,
2026-01-09-4640,2026-01-09,GBR,incident,35,ara;bul,2,Psychological;Reputational;Human or fundamental rights,High-action autonomy (human-out-of-the-loop),0,0,
2026-01-09-5635,2026-01-09,GRC,incident,5,ell,1,Economic/Property;Human or fundamental rights,No-action autonomy (human support),0,0,
2026-01-09-1986,2026-01-09,USA,incident,8,ara,1,Human or fundamental rights;Psychological,High-action autonomy (human-out-of-the-loop),0,0,
2026-01-09-524d,2026-01-09,IND,incident,91,eng;hin;ind,3,Reputational;Psychological;Human or fundamental rights,High-action autonomy (human-out-of-the-loop),0,0,
2026-01-09-1b65,2026-01-09,IDN,incident,33,cat;ron;slk,3,Human or fundamental rights;Psychological,No-action autonomy (human support),0,0,
2026-01-09-0bfa,2026-01-09,USA,incident,79,eng,1,Human or fundamental rights;Public interest,Medium-action autonomy (human-on-the-loop),0,0,
2026-01-09-a0f3,2026-01-09,,incident,21,ces;eng;slv,3,Psychological;Reputational;Human or fundamental rights,Low-action autonomy (human-in-the-loop),0,0,
2026-01-09-bd77,2026-01-09,,hazard,7,eng,1,,No-action autonomy (human support),0,0,
2026-01-09-0fe2,2026-01-09,MYS,incident,36,deu;ind,2,Human or fundamental rights;Psychological,High-action autonomy (human-out-of-the-loop),0,0,
2026-01-09-7bae,2026-01-09,GBR,incident,4,eng,1,Psychological;Reputational;Human or fundamental rights,Low-action autonomy (human-in-the-loop),0,0,1329
2026-01-09-8741,2026-01-09,USA,incident,10,kor,1,Human or fundamental rights;Psychological;Reputational,Low-action autonomy (human-in-the-loop),0,0,1329
2026-01-09-b4bd,2026-01-09,USA,incident,74,eng,1,Psychological;Human or fundamental rights,High-action autonomy (human-out-of-the-loop),0,0,1329
2026-01-10-6215,2026-01-10,CHN,hazard,16,zho,1,Physical (death);Physical (injury);Public interest;Human or fundamental rights,High-action autonomy (human-out-of-the-loop),0,0,
2026-01-10-857b,2026-01-10,IDN,incident,63,eng;por;zho,3,Psychological;Reputational;Human or fundamental rights,High-action autonomy (human-out-of-the-loop),0,0,
2026-01-10-1d50,2026-01-10,BEL,hazard,0,,0,,,0,0,
2026-01-10-3338,2026-01-10,CHN,incident,32,zho,1,Reputational,No-action autonomy (human support),0,0,
2026-01-10-df03,2026-01-10,GRC,incident,21,ell,1,Physical (death),No-action autonomy (human support),0,0,
2026-01-10-bf4f,2026-01-10,IDN,incident,54,ind,1,Psychological;Reputational;Human or fundamental rights,No-action autonomy (human support),0,0,
2026-01-10-f4af,2026-01-10,ITA,incident,33,ara;ell;spa;tur,4,,Low-action autonomy (human-in-the-loop),0,0,
2026-01-10-fedd,2026-01-10,USA,incident,8,eng,1,Economic/Property;Human or fundamental rights,High-action autonomy (human-out-of-the-loop),0,0,
2026-01-10-cfab,2026-01-10,GBR,incident,24,eng;mkd,2,Human or fundamental rights,,0,0,
2026-01-10-14a5,2026-01-10,IDN,incident,42,ell;pol,2,Human or fundamental rights;Psychological,High-action autonomy (human-out-of-the-loop),0,0,
2026-01-10-c00e,2026-01-10,GBR,incident,43,kor;por;zho,3,Human or fundamental rights,High-action autonomy (human-out-of-the-loop),0,0,
2026-01-10-ea13,2026-01-10,GBR,incident,617,deu;eng;fra;ind;ita;por;spa;tur;ukr;zho,10,Human or fundamental rights;Psychological;Reputational,High-action autonomy (human-out-of-the-loop),0,0,1329
2026-01-11-b576,2026-01-11,IND,incident,26,hin,1,Psychological;Reputational;Human or fundamental rights,Low-action autonomy (human-in-the-loop),0,0,
2026-01-11-d475,2026-01-11,ARE,incident,5,ara,1,Economic/Property;Reputational;Human or fundamental rights;Psychological,,0,0,
2026-01-11-c497,2026-01-11,IND,hazard,10,eng,1,Human or fundamental rights,Low-action autonomy (human-in-the-loop),0,0,
2026-01-11-4847,2026-01-11,MYS,incident,330,eng;fra;ita;por;spa;tur;ukr;zho,8,Psychological;Human or fundamental rights,High-action autonomy (human-out-of-the-loop),0,0,
2026-01-11-f86e,2026-01-11,IDN,incident,26,kor,1,Psychological;Human or fundamental rights,High-action autonomy (human-out-of-the-loop),0,0,
2026-01-11-d9aa,2026-01-11,IDN,incident,48,ind;vie,2,Human or fundamental rights,High-action autonomy (human-out-of-the-loop),0,0,
2026-01-11-1a40,2026-01-11,IDN,incident,53,jpn;sqi,2,Human or fundamental rights;Psychological;Reputational,Low-action autonomy (human-in-the-loop),0,0,
2026-01-11-e8cf,2026-01-11,GBR,incident,9,kor,1,Human or fundamental rights;Psychological,Low-action autonomy (human-in-the-loop),0,0,
2026-01-11-a176,2026-01-11,MYS,incident,6,tur,1,Human or fundamental rights;Psychological,Low-action autonomy (human-in-the-loop),0,0,
2026-01-11-8d58,2026-01-11,CHN,incident,14,zho,1,Reputational,High-action autonomy (human-out-of-the-loop),0,0,
2026-01-11-e5d2,2026-01-11,MYS,incident,138,deu;eng;fra;ita;por;spa;tur;zho,8,Human or fundamental rights;Psychological,Low-action autonomy (human-in-the-loop),0,0,
2026-01-11-03c5,2026-01-11,GBR,incident,5,ukr,1,Human or fundamental rights;Psychological,No-action autonomy (human support),0,0,
2026-01-11-2e1e,2026-01-11,IDN,incident,26,nld,1,Human or fundamental rights;Psychological;Reputational,Low-action autonomy (human-in-the-loop),0,0,
2026-01-11-e361,2026-01-11,TWN,incident,5,zho,1,Economic/Property,Medium-action autonomy (human-on-the-loop),0,0,
2026-01-11-6360,2026-01-11,USA,hazard,3,eng,1,,,0,0,
2026-01-11-44f4,2026-01-11,USA,incident,4,eng,1,Economic/Property,Low-action autonomy (human-in-the-loop),0,0,
2026-01-12-d8f1,2026-01-12,CHN,incident,4,zho,1,Economic/Property,High-action autonomy (human-out-of-the-loop),0,1,
2026-01-12-d360,2026-01-12,FRA,hazard,55,eng;fra,2,Physical (death);Physical (injury);Human or fundamental rights;Public interest,High-action autonomy (human-out-of-the-loop),0,0,
2026-01-12-3575,2026-01-12,GBR,hazard,21,eng,1,Physical (injury);Physical (death);Economic/Property;Human or fundamental rights,High-action autonomy (human-out-of-the-loop),0,0,
2026-01-12-f5e5,2026-01-12,MYS,incident,0,,0,Human or fundamental rights,High-action autonomy (human-out-of-the-loop),0,0,
2026-01-12-2a91,2026-01-12,TWN,incident,8,zho,1,Reputational;Human or fundamental rights,,0,0,
2026-01-12-d98c,2026-01-12,ROU,incident,6,ron,1,Economic/Property,,0,0,
2026-01-12-fad1,2026-01-12,FIN,incident,77,ara;bul;fin;fra;ukr,5,Human or fundamental rights;Psychological;Reputational,Low-action autonomy (human-in-the-loop),0,0,
2026-01-12-0c90,2026-01-12,ESP,hazard,13,eng;ita,2,Physical (injury);Economic/Property;Reputational,High-action autonomy (human-out-of-the-loop),0,0,
2026-01-12-5909,2026-01-12,BRA,incident,20,por,1,Economic/Property,,0,0,
2026-01-12-a72f,2026-01-12,USA,incident,7,eng,1,Human or fundamental rights;Psychological,High-action autonomy (human-out-of-the-loop),0,0,
2026-01-12-51c3,2026-01-12,DEU,incident,6,deu,1,Physical (injury);Physical (death);Reputational,Low-action autonomy (human-in-the-loop),0,0,
2026-01-12-1096,2026-01-12,BLZ,hazard,6,eng,1,Human or fundamental rights,,0,0,
2026-01-13-0154,2026-01-13,USA,incident,16,eng,1,Economic/Property,Low-action autonomy (human-in-the-loop),0,0,
2026-01-13-c723,2026-01-13,USA,hazard,5,eng,1,Economic/Property,,0,0,
2026-01-13-ad5b,2026-01-13,USA,hazard,166,deu;eng;fra;ita;por;spa;zho,7,Human or fundamental rights;Psychological;Reputational,Low-action autonomy (human-in-the-loop),0,0,
2026-01-13-faa8,2026-01-13,KOR,incident,33,kor,1,,High-action autonomy (human-out-of-the-loop),0,0,
2026-01-13-aaf7,2026-01-13,MYS,incident,50,eng;ita;spa,3,Human or fundamental rights;Psychological,High-action autonomy (human-out-of-the-loop),0,0,
2026-01-13-d7b5,2026-01-13,USA,incident,12,eng,1,Human or fundamental rights;Psychological,High-action autonomy (human-out-of-the-loop),0,0,
2026-01-13-817b,2026-01-13,USA,hazard,19,ara;por;spa,3,Human or fundamental rights;Psychological;Public interest,No-action autonomy (human support),0,0,
2026-01-13-ef26,2026-01-13,FRA,incident,13,fra,1,Human or fundamental rights,,0,0,
2026-01-13-05b3,2026-01-13,USA,hazard,13,eng,1,Physical (death);Public interest,,0,0,
2026-01-13-30b2,2026-01-13,IRL,incident,8,eng,1,Human or fundamental rights;Psychological,Low-action autonomy (human-in-the-loop),0,0,
2026-01-13-a8dd,2026-01-13,ESP,incident,6,spa,1,Economic/Property;Human or fundamental rights,No-action autonomy (human support),0,0,
2026-01-13-1173,2026-01-13,USA,hazard,9,eng,1,,High-action autonomy (human-out-of-the-loop),0,0,
2026-01-13-9fed,2026-01-13,GBR,incident,29,hun;ron,2,Human or fundamental rights;Psychological;Reputational,High-action autonomy (human-out-of-the-loop),0,0,
2026-01-13-fa54,2026-01-13,MYS,hazard,4,tur,1,Public interest,High-action autonomy (human-out-of-the-loop),0,0,
2026-01-13-827a,2026-01-13,TWN,hazard,4,zho,1,Physical (injury);Physical (death),High-action autonomy (human-out-of-the-loop),0,0,
2026-01-13-439e,2026-01-13,USA,incident,25,eng,1,Human or fundamental rights;Reputational,Medium-action autonomy (human-on-the-loop),0,0,
2026-01-13-5dcc,2026-01-13,USA,incident,43,deu;eng;fra,3,Human or fundamental rights,No-action autonomy (human support),0,0,1329
2026-01-13-a1e0,2026-01-13,CHN,incident,9,zho,1,Economic/Property,Low-action autonomy (human-in-the-loop),0,0,
2026-01-13-3e29,2026-01-13,USA,hazard,8,ita,1,Physical (death);Economic/Property,,0,1,
2026-01-13-5b31,2026-01-13,USA,incident,9,eng,1,Human or fundamental rights,,0,0,
2026-01-13-8b2e,2026-01-13,USA,incident,6,eng,1,Physical (death),Medium-action autonomy (human-on-the-loop),0,0,
2026-01-13-e480,2026-01-13,CHN,incident,6,eng,1,Economic/Property;Physical (injury),High-action autonomy (human-out-of-the-loop),0,0,
2026-01-13-b4d6,2026-01-13,FRA,incident,4,por,1,Psychological,High-action autonomy (human-out-of-the-loop),0,0,
2026-01-13-b2ca,2026-01-13,USA,hazard,4,eng,1,,High-action autonomy (human-out-of-the-loop),0,0,
2026-01-13-76b1,2026-01-13,GBR,incident,21,eng,1,Reputational;Psychological,,0,0,1344
2026-01-13-fa95,2026-01-13,USA,incident,31,ara;ita,2,Human or fundamental rights;Psychological;Reputational,Low-action autonomy (human-in-the-loop),0,0,
2026-01-13-dfd2,2026-01-13,GBR,incident,5,eng,1,Psychological,,0,0,
2026-01-13-3860,2026-01-13,BRA,incident,7,por,1,Human or fundamental rights,Medium-action autonomy (human-on-the-loop),0,0,
2026-01-13-ddbc,2026-01-13,AUS,incident,9,eng,1,Reputational;Psychological;Human or fundamental rights,Low-action autonomy (human-in-the-loop),0,0,
2026-01-13-9ae3,2026-01-13,JPN,hazard,4,eng,1,,High-action autonomy (human-out-of-the-loop),0,0,
2026-01-13-48c6,2026-01-13,USA,incident,14,ara;pol,2,Psychological;Reputational;Human or fundamental rights,High-action autonomy (human-out-of-the-loop),0,0,
2026-01-13-5e55,2026-01-13,USA,hazard,4,eng,1,,High-action autonomy (human-out-of-the-loop),0,0,
2026-01-13-e6ce,2026-01-13,MYS,incident,21,hin;srp,2,Human or fundamental rights;Psychological,Low-action autonomy (human-in-the-loop),0,0,
2026-01-13-b5d0,2026-01-13,POL,incident,7,pol,1,Reputational;Human or fundamental rights;Public interest,No-action autonomy (human support),0,0,
2026-01-13-f61e,2026-01-13,USA,incident,7,sqi,1,Human or fundamental rights;Psychological,High-action autonomy (human-out-of-the-loop),0,0,
2026-01-13-c637,2026-01-13,USA,incident,12,ara;eng,2,Physical (death);Psychological,No-action autonomy (human support),0,0,1387
2026-01-13-3a8a,2026-01-13,IRL,incident,19,eng,1,Psychological;Reputational;Public interest,Low-action autonomy (human-in-the-loop),0,0,1419
2026-01-14-965f,2026-01-14,CHE,hazard,3,eng,1,,,0,0,
2026-01-14-365f,2026-01-14,KOR,incident,22,eng;kor,2,Human or fundamental rights;Psychological;Public interest,High-action autonomy (human-out-of-the-loop),0,0,
2026-01-14-1a6d,2026-01-14,CHN,incident,24,zho,1,,Medium-action autonomy (human-on-the-loop),0,0,
2026-01-14-e4c3,2026-01-14,IDN,incident,44,ind,1,Human or fundamental rights;Psychological;Reputational,High-action autonomy (human-out-of-the-loop),0,0,
2026-01-14-9caa,2026-01-14,CHN,incident,15,zho,1,Public interest,High-action autonomy (human-out-of-the-loop),0,0,
2026-01-14-067a,2026-01-14,USA,hazard,23,spa;zho,2,Physical (injury);Physical (death),No-action autonomy (human support),0,0,
2026-01-14-c704,2026-01-14,IRL,incident,9,eng,1,Human or fundamental rights;Psychological,Low-action autonomy (human-in-the-loop),0,0,
2026-01-14-d90b,2026-01-14,IRL,incident,11,eng,1,Human or fundamental rights;Psychological,Low-action autonomy (human-in-the-loop),0,0,
2026-01-14-ac3e,2026-01-14,ESP,incident,9,spa,1,Psychological;Human or fundamental rights,No-action autonomy (human support),0,0,
2026-01-14-89c5,2026-01-14,USA,hazard,6,eng,1,Other,High-action autonomy (human-out-of-the-loop),0,0,
2026-01-14-be09,2026-01-14,USA,incident,9,kor,1,Psychological;Reputational;Human or fundamental rights,Low-action autonomy (human-in-the-loop),0,0,
2026-01-14-7675,2026-01-14,USA,incident,14,eng;fra;ita;por,4,Economic/Property,,0,0,
2026-01-14-ad8a,2026-01-14,IND,incident,4,eng,1,Psychological;Public interest;Human or fundamental rights,No-action autonomy (human support),0,0,
2026-01-14-b3a4,2026-01-14,USA,incident,47,ell;ukr,2,Psychological;Reputational;Human or fundamental rights,High-action autonomy (human-out-of-the-loop),0,0,
2026-01-14-e768,2026-01-14,USA,incident,16,ara,1,Human or fundamental rights,Low-action autonomy (human-in-the-loop),0,0,
2026-01-14-ec42,2026-01-14,ARG,incident,3,spa,1,Reputational,,0,0,
2026-01-14-2b34,2026-01-14,ARG,hazard,8,spa,1,Human or fundamental rights,,0,0,
2026-01-14-eca4,2026-01-14,USA,hazard,7,eng,1,Human or fundamental rights;Economic/Property,,0,0,
2026-01-14-0629,2026-01-14,GBR,incident,11,hin,1,Psychological;Reputational;Human or fundamental rights,High-action autonomy (human-out-of-the-loop),0,0,
2026-01-14-a8e4,2026-01-14,USA,incident,12,eng,1,Public interest,High-action autonomy (human-out-of-the-loop),0,1,1343
2026-01-14-acfb,2026-01-14,GBR,incident,7,deu,1,Reputational;Human or fundamental rights,,0,0,1400
2026-01-14-c60c,2026-01-14,USA,incident,1001,deu;eng;fra;ita;por;spa;tur;ukr,8,Psychological;Human or fundamental rights;Reputational,High-action autonomy (human-out-of-the-loop),0,0,1329
2026-01-14-fd49,2026-01-14,USA,incident,21,deu;ind,2,Human or fundamental rights;Psychological,High-action autonomy (human-out-of-the-loop),0,0,1329
2026-01-14-3461,2026-01-14,JPN,incident,6,spa,1,Psychological;Reputational;Human or fundamental rights,Low-action autonomy (human-in-the-loop),0,0,1329
2026-01-15-bc24,2026-01-15,USA,incident,15,eng,1,Economic/Property,Low-action autonomy (human-in-the-loop),0,0,
2026-01-15-2f32,2026-01-15,USA,incident,18,eng;spa;vie,3,Public interest,Low-action autonomy (human-in-the-loop),0,0,
2026-01-15-c1cf,2026-01-15,USA,incident,0,,0,Human or fundamental rights;Psychological;Reputational,Low-action autonomy (human-in-the-loop),0,0,
2026-01-15-f3a3,2026-01-15,GBR,incident,67,zho,1,Reputational;Psychological;Human or fundamental rights,High-action autonomy (human-out-of-the-loop),0,0,
2026-01-15-5abb,2026-01-15,USA,incident,30,jpn;por,2,Psychological;Human or fundamental rights;Reputational,High-action autonomy (human-out-of-the-loop),0,0,
2026-01-15-726e,2026-01-15,GBR,hazard,36,ell;eng,2,Economic/Property,,0,0,
2026-01-15-0480,2026-01-15,CAN,incident,15,eng,1,Human or fundamental rights;Psychological,High-action autonomy (human-out-of-the-loop),0,0,
2026-01-15-4713,2026-01-15,USA,incident,18,eng,1,Economic/Property,High-action autonomy (human-out-of-the-loop),0,0,
2026-01-15-45fc,2026-01-15,USA,incident,29,eng;hrv;jpn,3,Psychological;Reputational;Human or fundamental rights,No-action autonomy (human support),0,0,
2026-01-15-20c8,2026-01-15,RUS,hazard,0,,0,,,0,0,
2026-01-15-8ea5,2026-01-15,HKG,hazard,7,zho,1,Human or fundamental rights;Public interest,No-action autonomy (human support),0,0,
2026-01-15-0549,2026-01-15,GBR,incident,7,hun,1,Psychological;Human or fundamental rights,Low-action autonomy (human-in-the-loop),0,0,
2026-01-15-6ec9,2026-01-15,IRN,incident,12,eng;fra,2,Public interest,Low-action autonomy (human-in-the-loop),0,0,
2026-01-15-920e,2026-01-15,DEU,incident,31,deu;eng,2,Public interest,,0,0,
2026-01-15-b788,2026-01-15,USA,incident,6,slk,1,Human or fundamental rights;Psychological;Reputational,Low-action autonomy (human-in-the-loop),0,0,
2026-01-15-2f74,2026-01-15,PHL,incident,5,eng,1,Psychological;Human or fundamental rights;Reputational,Low-action autonomy (human-in-the-loop),0,0,
2026-01-15-1114,2026-01-15,USA,incident,7,kor,1,Psychological;Reputational;Human or fundamental rights;Public interest,Low-action autonomy (human-in-the-loop),0,0,
2026-01-15-3750,2026-01-15,GBR,incident,7,pol,1,Psychological;Reputational;Human or fundamental rights,Low-action autonomy (human-in-the-loop),0,0,
2026-01-15-1eda,2026-01-15,USA,incident,4,eng,1,Human or fundamental rights;Psychological,No-action autonomy (human support),0,0,
2026-01-15-d5e4,2026-01-15,IRL,incident,23,eng,1,Human or fundamental rights;Psychological,High-action autonomy (human-out-of-the-loop),0,0,
2026-01-15-e859,2026-01-15,MEX,hazard,9,spa,1,Human or fundamental rights,,0,0,
2026-01-15-7282,2026-01-15,GBR,incident,10,eng,1,Human or fundamental rights;Psychological;Reputational,Low-action autonomy (human-in-the-loop),0,0,
2026-01-15-1756,2026-01-15,USA,incident,41,eng;zho,2,Environmental;Physical (injury),,0,0,
2026-01-15-498c,2026-01-15,KAZ,hazard,0,,0,Public interest,High-action autonomy (human-out-of-the-loop),0,0,
2026-01-15-6a06,2026-01-15,ARG,incident,6,spa,1,,Low-action autonomy (human-in-the-loop),0,0,
2026-01-15-1118,2026-01-15,TUR,hazard,6,tur,1,Psychological,,0,0,
2026-01-15-db68,2026-01-15,USA,hazard,7,eng,1,Economic/Property;Physical (death),High-action autonomy (human-out-of-the-loop),0,0,
2026-01-15-ed8e,2026-01-15,USA,incident,3,eng,1,Economic/Property,Medium-action autonomy (human-on-the-loop),0,0,
2026-01-15-f006,2026-01-15,USA,incident,11,mkd,1,Psychological;Reputational;Human or fundamental rights,Low-action autonomy (human-in-the-loop),0,0,1329
2026-01-15-a959,2026-01-15,USA,incident,8,eng,1,Human or fundamental rights;Psychological;Reputational,Low-action autonomy (human-in-the-loop),0,0,1329
2026-01-16-e77d,2026-01-16,GHA,incident,8,eng,1,,,0,0,
2026-01-16-143e,2026-01-16,USA,incident,45,eng,1,Human or fundamental rights;Psychological,,0,0,
2026-01-16-f4f6,2026-01-16,TWN,incident,22,zho,1,Psychological,High-action autonomy (human-out-of-the-loop),0,0,
2026-01-16-453a,2026-01-16,JPN,incident,20,eng;jpn,2,Psychological;Reputational;Human or fundamental rights,No-action autonomy (human support),0,0,
2026-01-16-5b62,2026-01-16,USA,incident,50,ell;eng;por,3,Physical (death),High-action autonomy (human-out-of-the-loop),0,0,
2026-01-16-a8d6,2026-01-16,,hazard,16,tur,1,Physical (death);Physical (injury);Human or fundamental rights,High-action autonomy (human-out-of-the-loop),0,0,
2026-01-16-7e80,2026-01-16,MEX,hazard,14,spa,1,Human or fundamental rights,Medium-action autonomy (human-on-the-loop),0,0,
2026-01-16-688f,2026-01-16,IND,hazard,12,eng,1,Physical (death);Physical (injury),High-action autonomy (human-out-of-the-loop),0,0,
2026-01-16-a401,2026-01-16,UKR,incident,7,eng,1,Physical (death);Physical (injury),High-action autonomy (human-out-of-the-loop),0,0,
2026-01-16-79fb,2026-01-16,PHL,incident,17,eng,1,Human or fundamental rights;Psychological;Reputational,Low-action autonomy (human-in-the-loop),0,0,
2026-01-16-ea2f,2026-01-16,IND,incident,8,eng,1,Psychological;Public interest;Reputational,Low-action autonomy (human-in-the-loop),0,0,
2026-01-16-d350,2026-01-16,USA,incident,7,vie,1,Reputational;Psychological;Human or fundamental rights,No-action autonomy (human support),0,0,
2026-01-16-d9cd,2026-01-16,ROU,hazard,6,ron,1,Human or fundamental rights,,0,0,
2026-01-16-4130,2026-01-16,RUS,hazard,0,,0,,Medium-action autonomy (human-on-the-loop),0,0,
2026-01-16-14f7,2026-01-16,USA,incident,57,eng,1,Physical (injury);Public interest,High-action autonomy (human-out-of-the-loop),0,0,
2026-01-16-440f,2026-01-16,USA,incident,3,eng,1,Reputational;Public interest,,0,0,
2026-01-16-65ce,2026-01-16,JPN,incident,45,eng,1,Human or fundamental rights;Psychological;Reputational,Low-action autonomy (human-in-the-loop),0,0,
2026-01-16-08ba,2026-01-16,CHN,incident,12,zho,1,Reputational;Public interest,Low-action autonomy (human-in-the-loop),0,0,
2026-01-16-21f5,2026-01-16,USA,incident,6,bul,1,Human or fundamental rights;Reputational;Psychological,High-action autonomy (human-out-of-the-loop),0,0,
2026-01-16-36f1,2026-01-16,USA,incident,28,eng;ita,2,Human or fundamental rights;Psychological;Public interest,Low-action autonomy (human-in-the-loop),0,0,
2026-01-16-4096,2026-01-16,USA,hazard,5,eng,1,Economic/Property;Public interest,No-action autonomy (human support),0,0,
2026-01-16-f736,2026-01-16,CHN,hazard,5,spa;zho,2,,High-action autonomy (human-out-of-the-loop),0,0,
2026-01-16-dda0,2026-01-16,USA,incident,13,eng,1,Economic/Property,High-action autonomy (human-out-of-the-loop),0,0,1440
2026-01-16-fb10,2026-01-16,USA,incident,47,deu;eng;fra;por,4,Human or fundamental rights;Psychological;Reputational,Low-action autonomy (human-in-the-loop),0,0,1329
2026-01-17-51fd,2026-01-17,KOR,incident,5,kor,1,Economic/Property,,0,0,
2026-01-17-6e2f,2026-01-17,KOR,incident,10,kor,1,Psychological;Reputational;Human or fundamental rights,No-action autonomy (human support),0,0,
2026-01-17-1f10,2026-01-17,CHN,incident,16,zho,1,Economic/Property;Reputational,Low-action autonomy (human-in-the-loop),0,0,
2026-01-17-e370,2026-01-17,USA,incident,13,eng,1,Psychological;Human or fundamental rights;Reputational;Public interest,High-action autonomy (human-out-of-the-loop),0,0,
2026-01-17-432f,2026-01-17,SGP,incident,8,eng,1,Economic/Property,Low-action autonomy (human-in-the-loop),0,0,
2026-01-17-c9d7,2026-01-17,USA,incident,5,eng,1,Reputational;Economic/Property;Psychological,High-action autonomy (human-out-of-the-loop),0,0,
2026-01-17-1642,2026-01-17,USA,incident,10,eng,1,Reputational;Psychological;Human or fundamental rights,High-action autonomy (human-out-of-the-loop),0,0,1329
2026-01-17-b3d3,2026-01-17,USA,incident,5,eng,1,Reputational;Psychological;Human or fundamental rights,Low-action autonomy (human-in-the-loop),0,0,1329
2026-01-18-39f2,2026-01-18,DEU,incident,16,deu,1,Economic/Property;Reputational,Low-action autonomy (human-in-the-loop),0,0,
2026-01-18-86f0,2026-01-18,JPN,incident,3,jpn,1,Economic/Property,,0,0,
2026-01-18-f9d2,2026-01-18,RUS,incident,0,,0,Economic/Property;Psychological,No-action autonomy (human support),0,0,
2026-01-18-15bf,2026-01-18,RUS,hazard,0,,0,Public interest;Human or fundamental rights,,0,0,
2026-01-18-e30b,2026-01-18,USA,hazard,14,eng,1,Physical (death);Physical (injury);Economic/Property;Public interest;Human or fundamental rights,High-action autonomy (human-out-of-the-loop),0,0,
2026-01-18-6dbb,2026-01-18,BRA,incident,16,por,1,Reputational;Psychological,Low-action autonomy (human-in-the-loop),0,0,
2026-01-18-11b0,2026-01-18,GBR,incident,23,eng,1,Human or fundamental rights,Low-action autonomy (human-in-the-loop),0,0,
2026-01-18-8a2e,2026-01-18,USA,incident,10,eng,1,Economic/Property;Psychological,High-action autonomy (human-out-of-the-loop),0,0,
2026-01-18-9e39,2026-01-18,GBR,incident,12,eng,1,Psychological;Human or fundamental rights,,0,0,1410
2026-01-19-7d3f,2026-01-19,IND,incident,5,eng,1,Reputational;Public interest,No-action autonomy (human support),0,0,
2026-01-19-650c,2026-01-19,USA,hazard,6,ara,1,Physical (injury),High-action autonomy (human-out-of-the-loop),0,0,
2026-01-19-f586,2026-01-19,IND,incident,12,eng,1,Psychological;Public interest,,0,0,
2026-01-19-7bc0,2026-01-19,GBR,incident,17,eng,1,Human or fundamental rights,Medium-action autonomy (human-on-the-loop),0,0,
2026-01-19-7c4e,2026-01-19,USA,hazard,31,deu;eng;zho,3,,High-action autonomy (human-out-of-the-loop),0,0,
2026-01-19-bb82,2026-01-19,IDN,incident,10,ind,1,Economic/Property;Psychological,No-action autonomy (human support),0,0,
2026-01-19-6551,2026-01-19,USA,incident,41,ara;eng;zho,3,Human or fundamental rights,No-action autonomy (human support),0,0,
2026-01-19-51b4,2026-01-19,USA,incident,13,eng,1,Physical (death);Psychological,High-action autonomy (human-out-of-the-loop),0,0,
2026-01-19-3d50,2026-01-19,UKR,incident,11,deu,1,Economic/Property;Reputational,High-action autonomy (human-out-of-the-loop),0,0,
2026-01-19-7b0f,2026-01-19,CHE,incident,6,deu,1,Economic/Property,No-action autonomy (human support),0,0,
2026-01-19-50d0,2026-01-19,KOR,incident,5,kor,1,,Medium-action autonomy (human-on-the-loop),0,0,
2026-01-19-4984,2026-01-19,USA,incident,15,eng;fra,2,Economic/Property,,0,0,
2026-01-19-205a,2026-01-19,KOR,hazard,5,eng,1,Physical (injury);Physical (death),High-action autonomy (human-out-of-the-loop),0,0,
2026-01-19-0d81,2026-01-19,USA,incident,8,jpn,1,Human or fundamental rights;Psychological;Reputational,Low-action autonomy (human-in-the-loop),0,0,
2026-01-19-3235,2026-01-19,MYS,incident,5,zho,1,Psychological;Reputational,High-action autonomy (human-out-of-the-loop),0,0,
2026-01-19-9909,2026-01-19,KOR,hazard,38,eng;fra;ita;kor;ron;zho,6,Economic/Property,High-action autonomy (human-out-of-the-loop),0,0,
2026-01-19-7703,2026-01-19,IND,incident,11,eng,1,Psychological,Low-action autonomy (human-in-the-loop),0,0,
2026-01-19-f7fc,2026-01-19,,incident,11,ara,1,Physical (injury);Psychological;Human or fundamental rights,,0,0,
2026-01-19-3c0c,2026-01-19,IND,incident,11,eng,1,,Medium-action autonomy (human-on-the-loop),0,0,
2026-01-19-90c0,2026-01-19,CHN,incident,16,eng,1,Economic/Property;Reputational,,0,0,
2026-01-20-2166,2026-01-20,ESP,incident,3,zho,1,Economic/Property;Psychological;Reputational;Human or fundamental rights,Low-action autonomy (human-in-the-loop),0,0,
2026-01-20-a05c,2026-01-20,ARE,hazard,10,kor,1,Physical (death);Physical (injury);Human or fundamental rights,High-action autonomy (human-out-of-the-loop),0,0,
2026-01-20-a59b,2026-01-20,GBR,hazard,40,eng,1,Economic/Property;Public interest,,0,0,
2026-01-20-77cc,2026-01-20,DEU,incident,10,deu,1,Economic/Property,No-action autonomy (human support),0,0,
2026-01-20-c366,2026-01-20,USA,incident,10,eng,1,Human or fundamental rights,Low-action autonomy (human-in-the-loop),0,0,
2026-01-20-287d,2026-01-20,URY,incident,9,spa,1,Economic/Property;Human or fundamental rights,Low-action autonomy (human-in-the-loop),0,0,
2026-01-20-3669,2026-01-20,CHE,hazard,49,deu;eng;spa;zho,4,Economic/Property,,0,0,
2026-01-20-68b7,2026-01-20,BRA,incident,29,por,1,Human or fundamental rights;Psychological,Low-action autonomy (human-in-the-loop),0,0,
2026-01-20-c1f6,2026-01-20,USA,incident,11,eng,1,Economic/Property;Reputational,,0,0,
2026-01-20-3eec,2026-01-20,TUR,incident,6,tur,1,Economic/Property;Human or fundamental rights,Medium-action autonomy (human-on-the-loop),0,0,
2026-01-20-ff13,2026-01-20,SGP,incident,7,eng,1,Economic/Property;Reputational,,0,0,
2026-01-20-0210,2026-01-20,UKR,hazard,5,ukr,1,Physical (death);Physical (injury);Public interest,,0,0,
2026-01-20-6d65,2026-01-20,UKR,hazard,4,por,1,Physical (death);Physical (injury);Human or fundamental rights;Public interest,,0,0,
2026-01-20-661e,2026-01-20,MYS,incident,31,eng,1,Psychological,High-action autonomy (human-out-of-the-loop),0,0,
2026-01-20-25a8,2026-01-20,USA,hazard,13,eng,1,Economic/Property,High-action autonomy (human-out-of-the-loop),0,0,
2026-01-20-f7ed,2026-01-20,UKR,hazard,11,eng;ukr,2,Physical (death);Physical (injury);Human or fundamental rights;Public interest,High-action autonomy (human-out-of-the-loop),0,0,
2026-01-20-f833,2026-01-20,BRA,incident,56,eng;por,2,Psychological;Reputational;Human or fundamental rights,High-action autonomy (human-out-of-the-loop),0,0,
2026-01-20-cee0,2026-01-20,KEN,incident,14,eng,1,Human or fundamental rights,,0,0,
2026-01-20-11bf,2026-01-20,BRA,incident,3,por,1,Economic/Property;Human or fundamental rights,Low-action autonomy (human-in-the-loop),0,0,
2026-01-20-cc9e,2026-01-20,CHN,incident,3,zho,1,Economic/Property;Reputational,No-action autonomy (human support),0,0,
2026-01-20-7c79,2026-01-20,,incident,6,eng,1,Economic/Property;Human or fundamental rights,No-action autonomy (human support),0,0,
2026-01-20-674c,2026-01-20,IND,hazard,7,hin,1,Economic/Property;Public interest,,0,0,
2026-01-20-8f75,2026-01-20,USA,hazard,13,eng,1,Reputational,High-action autonomy (human-out-of-the-loop),0,0,
2026-01-20-af0b,2026-01-20,JPN,incident,5,zho,1,,Medium-action autonomy (human-on-the-loop),0,0,
2026-01-20-c74e,2026-01-20,UKR,hazard,0,,0,Economic/Property,High-action autonomy (human-out-of-the-loop),0,0,
2026-01-20-ff16,2026-01-20,KOR,hazard,5,ell,1,Economic/Property;Human or fundamental rights,,0,0,
2026-01-20-0fb9,2026-01-20,USA,incident,4,eng,1,Human or fundamental rights;Reputational;Psychological,Medium-action autonomy (human-on-the-loop),0,0,
2026-01-20-298f,2026-01-20,USA,incident,144,ara;deu;eng;fra;spa;zho,6,Economic/Property,High-action autonomy (human-out-of-the-loop),0,0,
2026-01-20-3986,2026-01-20,ZAF,incident,6,eng,1,Psychological;Human or fundamental rights;Public interest,Low-action autonomy (human-in-the-loop),0,0,1608
2026-01-21-824c,2026-01-21,PHL,incident,31,eng,1,Human or fundamental rights;Psychological;Reputational,High-action autonomy (human-out-of-the-loop),0,0,
2026-01-21-0d27,2026-01-21,USA,hazard,77,ita;kor;zho,3,Public interest,,0,0,
2026-01-21-4902,2026-01-21,IND,incident,8,eng,1,Economic/Property;Reputational,,0,0,
2026-01-21-1435,2026-01-21,GBR,incident,8,eng,1,Psychological;Reputational;Human or fundamental rights,,0,0,
2026-01-21-da81,2026-01-21,BRA,incident,51,spa,1,Human or fundamental rights;Psychological,High-action autonomy (human-out-of-the-loop),0,0,
2026-01-21-608c,2026-01-21,TWN,hazard,12,eng;zho,2,Human or fundamental rights;Public interest,,0,0,
2026-01-21-9702,2026-01-21,ESP,incident,7,spa,1,Economic/Property;Reputational,Low-action autonomy (human-in-the-loop),0,0,
2026-01-21-f11d,2026-01-21,USA,hazard,10,eng;zho,2,Economic/Property,,0,0,
2026-01-21-2ae9,2026-01-21,CHN,incident,11,zho,1,,Low-action autonomy (human-in-the-loop),0,0,
2026-01-21-e7c0,2026-01-21,CHE,incident,9,eng;spa,2,Physical (death),High-action autonomy (human-out-of-the-loop),0,0,
2026-01-21-5a21,2026-01-21,RUS,hazard,0,,0,,,0,0,
2026-01-21-4e63,2026-01-21,USA,incident,16,fra,1,Human or fundamental rights;Psychological;Reputational,High-action autonomy (human-out-of-the-loop),0,0,
2026-01-21-aad7,2026-01-21,POL,incident,6,pol,1,Economic/Property;Human or fundamental rights,,0,0,
2026-01-21-39d2,2026-01-21,JPN,hazard,7,jpn,1,Economic/Property,High-action autonomy (human-out-of-the-loop),0,0,
2026-01-21-e082,2026-01-21,VEN,incident,6,eng;spa,2,Physical (death);Physical (injury);Human or fundamental rights;Public interest,High-action autonomy (human-out-of-the-loop),0,0,
2026-01-21-804b,2026-01-21,USA,hazard,3,eng,1,Human or fundamental rights,No-action autonomy (human support),0,0,
2026-01-21-b171,2026-01-21,GBR,hazard,3,eng,1,Economic/Property;Human or fundamental rights,,0,0,
2026-01-21-eb71,2026-01-21,USA,incident,24,eng,1,Human or fundamental rights;Economic/Property,Low-action autonomy (human-in-the-loop),0,0,1575
2026-01-22-9373,2026-01-22,PRT,hazard,11,por,1,,,0,0,
2026-01-22-5cd3,2026-01-22,KOR,incident,24,kor,1,,Medium-action autonomy (human-on-the-loop),0,0,
2026-01-22-8493,2026-01-22,ARE,hazard,15,kor,1,Physical (injury);Physical (death),High-action autonomy (human-out-of-the-loop),0,0,
2026-01-22-183c,2026-01-22,,incident,10,ell,1,Psychological;Reputational;Human or fundamental rights,,0,0,
2026-01-22-ba6d,2026-01-22,ESP,incident,7,spa,1,Psychological;Human or fundamental rights,,0,0,
2026-01-22-6b9c,2026-01-22,USA,incident,17,ara;eng,2,Psychological;Human or fundamental rights,High-action autonomy (human-out-of-the-loop),0,0,
2026-01-22-9977,2026-01-22,BRA,hazard,5,por,1,Human or fundamental rights,,0,0,
2026-01-22-6532,2026-01-22,CHE,hazard,32,fra;ita;slk;spa,4,Physical (injury);Economic/Property;Psychological;Human or fundamental rights,High-action autonomy (human-out-of-the-loop),0,0,
2026-01-22-cf67,2026-01-22,USA,incident,7,eng,1,Psychological;Reputational;Human or fundamental rights,High-action autonomy (human-out-of-the-loop),0,0,
2026-01-22-fc72,2026-01-22,CHN,incident,16,eng;spa,2,Economic/Property,High-action autonomy (human-out-of-the-loop),0,0,
2026-01-22-4032,2026-01-22,USA,incident,9,eng,1,Economic/Property;Reputational,High-action autonomy (human-out-of-the-loop),0,0,
2026-01-22-e408,2026-01-22,RUS,incident,0,,0,Economic/Property;Reputational;Psychological;Human or fundamental rights,Medium-action autonomy (human-on-the-loop),0,0,
2026-01-22-b86f,2026-01-22,USA,hazard,6,eng,1,,High-action autonomy (human-out-of-the-loop),0,0,
2026-01-22-d219,2026-01-22,USA,incident,3,eng,1,Economic/Property;Human or fundamental rights,High-action autonomy (human-out-of-the-loop),0,0,
2026-01-22-7b82,2026-01-22,BRA,hazard,5,por,1,Economic/Property;Public interest,High-action autonomy (human-out-of-the-loop),0,0,
2026-01-22-a181,2026-01-22,DEU,incident,10,eng,1,Economic/Property,No-action autonomy (human support),0,0,
2026-01-22-f393,2026-01-22,USA,hazard,8,eng,1,Human or fundamental rights;Psychological,Medium-action autonomy (human-on-the-loop),0,0,
2026-01-22-1a43,2026-01-22,RUS,hazard,13,bul;zho,2,Physical (death);Physical (injury);Economic/Property,High-action autonomy (human-out-of-the-loop),0,0,
2026-01-22-c1c9,2026-01-22,USA,incident,16,ukr,1,Human or fundamental rights;Psychological,High-action autonomy (human-out-of-the-loop),0,0,1329
2026-01-23-74a7,2026-01-23,TUR,hazard,9,tur,1,Physical (death);Physical (injury);Human or fundamental rights;Public interest,High-action autonomy (human-out-of-the-loop),0,0,
2026-01-23-6cb4,2026-01-23,ROU,hazard,8,ron,1,Reputational;Public interest,Low-action autonomy (human-in-the-loop),0,0,
2026-01-23-0e37,2026-01-23,KOR,incident,18,kor,1,,,0,0,
2026-01-23-eb35,2026-01-23,MYS,incident,30,zho,1,Human or fundamental rights;Psychological;Reputational,High-action autonomy (human-out-of-the-loop),0,0,
2026-01-23-75da,2026-01-23,USA,incident,44,ell;eng;nld;slv;spa;zho,6,Reputational;Public interest,,0,0,1357
2026-01-23-3cbd,2026-01-23,CHN,hazard,6,eng,1,Physical (death);Physical (injury);Public interest;Human or fundamental rights,Medium-action autonomy (human-on-the-loop),0,0,
2026-01-23-e4fe,2026-01-23,CHN,incident,5,zho,1,Reputational,,0,0,
2026-01-23-a154,2026-01-23,GBR,incident,6,por,1,Human or fundamental rights;Psychological;Reputational,Low-action autonomy (human-in-the-loop),0,0,
2026-01-23-c563,2026-01-23,USA,incident,3,eng,1,Economic/Property;Public interest,High-action autonomy (human-out-of-the-loop),0,0,
2026-01-23-d486,2026-01-23,HUN,hazard,5,hun,1,Physical (injury);Physical (death),High-action autonomy (human-out-of-the-loop),0,0,
2026-01-23-52a8,2026-01-23,GBR,hazard,3,hrv,1,Reputational,No-action autonomy (human support),0,0,
2026-01-23-69eb,2026-01-23,,incident,21,ara,1,Human or fundamental rights;Psychological,High-action autonomy (human-out-of-the-loop),0,0,
2026-01-23-e5c4,2026-01-23,IDN,incident,8,ind,1,Human or fundamental rights;Psychological,No-action autonomy (human support),0,0,
2026-01-23-49ec,2026-01-23,USA,incident,6,ita,1,Human or fundamental rights;Psychological,Low-action autonomy (human-in-the-loop),0,0,
2026-01-23-3766,2026-01-23,ITA,incident,7,ita,1,Reputational;Public interest,No-action autonomy (human support),0,0,
2026-01-23-ebba,2026-01-23,JPN,incident,7,eng,1,Economic/Property,No-action autonomy (human support),0,0,
2026-01-23-117b,2026-01-23,UKR,hazard,5,eng,1,Physical (death),High-action autonomy (human-out-of-the-loop),0,0,
2026-01-23-b256,2026-01-23,USA,incident,0,,0,Physical (injury),No-action autonomy (human support),0,0,
2026-01-23-baeb,2026-01-23,DEU,incident,6,deu,1,Public interest,High-action autonomy (human-out-of-the-loop),0,1,
2026-01-23-84d4,2026-01-23,IND,incident,11,eng,1,Reputational;Psychological,,0,0,
2026-01-24-fdfa,2026-01-24,BEL,incident,58,ara;fra;nld;por;tur,5,Economic/Property,No-action autonomy (human support),0,0,
2026-01-24-75b4,2026-01-24,GBR,incident,73,eng;fra;por;spa,4,Public interest,High-action autonomy (human-out-of-the-loop),0,0,
2026-01-24-f30a,2026-01-24,TWN,incident,10,zho,1,Public interest,No-action autonomy (human support),0,0,
2026-01-24-1441,2026-01-24,TUR,incident,7,tur,1,Human or fundamental rights,High-action autonomy (human-out-of-the-loop),0,0,
2026-01-24-bae0,2026-01-24,GBR,hazard,17,eng,1,,High-action autonomy (human-out-of-the-loop),0,0,
2026-01-24-42ef,2026-01-24,BIH,incident,5,hrv,1,Public interest;Human or fundamental rights;Psychological,High-action autonomy (human-out-of-the-loop),0,0,
2026-01-24-3b7b,2026-01-24,NGA,incident,5,eng,1,Reputational;Public interest,,0,0,
2026-01-24-28eb,2026-01-24,CHN,incident,10,zho,1,Economic/Property;Psychological,No-action autonomy (human support),0,0,
2026-01-24-1ba0,2026-01-24,VNM,incident,5,vie,1,Economic/Property,No-action autonomy (human support),0,0,
2026-01-24-5234,2026-01-24,PAK,incident,37,eng;urd,2,Reputational;Psychological,Low-action autonomy (human-in-the-loop),0,0,
2026-01-24-27de,2026-01-24,,incident,12,jpn,1,Human or fundamental rights;Psychological;Reputational,High-action autonomy (human-out-of-the-loop),0,0,
2026-01-24-2e27,2026-01-24,USA,incident,7,eng,1,Psychological;Human or fundamental rights,High-action autonomy (human-out-of-the-loop),0,0,
2026-01-24-9489,2026-01-24,USA,hazard,6,eng,1,Other,Medium-action autonomy (human-on-the-loop),0,0,
2026-01-24-e950,2026-01-24,RUS,hazard,118,ara;deu;ell;eng;fra;hrv;kor;ron;tur;zho,10,,High-action autonomy (human-out-of-the-loop),0,0,
2026-01-25-228d,2026-01-25,ROU,incident,15,ron,1,Psychological;Public interest,Low-action autonomy (human-in-the-loop),0,0,
2026-01-25-3892,2026-01-25,IND,incident,13,eng,1,Economic/Property;Psychological,High-action autonomy (human-out-of-the-loop),0,0,
2026-01-25-9305,2026-01-25,CHN,hazard,4,spa,1,Physical (death);Human or fundamental rights,High-action autonomy (human-out-of-the-loop),0,0,
2026-01-25-c9f6,2026-01-25,USA,incident,29,ara;eng,2,Human or fundamental rights,High-action autonomy (human-out-of-the-loop),0,0,
2026-01-25-beeb,2026-01-25,TWN,incident,8,zho,1,Economic/Property;Public interest,,0,0,
2026-01-25-5e3f,2026-01-25,POL,hazard,19,pol;ron,2,Human or fundamental rights;Public interest,No-action autonomy (human support),0,0,
2026-01-25-0a3a,2026-01-25,RUS,incident,0,,0,Reputational;Psychological,No-action autonomy (human support),0,0,
2026-01-25-6699,2026-01-25,USA,incident,344,ell;eng;fra;ind;ita;por;spa;tur;zho,9,Psychological,High-action autonomy (human-out-of-the-loop),0,0,
2026-01-25-aab0,2026-01-25,GBR,incident,31,deu;ell;eng;fra,4,Psychological;Public interest;Human or fundamental rights,High-action autonomy (human-out-of-the-loop),0,0,
2026-01-25-6a48,2026-01-25,CHN,incident,7,eng,1,Physical (death);Physical (injury);Human or fundamental rights,High-action autonomy (human-out-of-the-loop),0,0,
2026-01-25-7f1e,2026-01-25,RUS,incident,31,ara;eng,2,Economic/Property;Psychological,No-action autonomy (human support),0,0,
2026-01-25-5655,2026-01-25,USA,incident,30,eng;vie,2,Human or fundamental rights,,0,0,
2026-01-25-9ff4,2026-01-25,GBR,incident,9,deu,1,Public interest;Psychological,High-action autonomy (human-out-of-the-loop),0,0,
2026-01-25-dbf8,2026-01-25,CHE,hazard,5,ron,1,Economic/Property;Public interest,,0,0,
2026-01-25-4968,2026-01-25,USA,incident,3,eng,1,Economic/Property,High-action autonomy (human-out-of-the-loop),0,0,
2026-01-25-57c3,2026-01-25,CHN,hazard,4,tur,1,Physical (injury),High-action autonomy (human-out-of-the-loop),0,0,
2026-01-26-653b,2026-01-26,USA,hazard,4,eng,1,Physical (injury),High-action autonomy (human-out-of-the-loop),0,0,
2026-01-26-b908,2026-01-26,USA,hazard,112,eng;hrv;ind;jpn;kor;nld;srp;tur;zho,9,Public interest;Human or fundamental rights,,0,0,
2026-01-26-cd07,2026-01-26,,incident,195,eng,1,Psychological;Reputational;Human or fundamental rights,High-action autonomy (human-out-of-the-loop),0,0,
2026-01-26-9c41,2026-01-26,,incident,100,deu,1,Human or fundamental rights;Psychological,Low-action autonomy (human-in-the-loop),0,0,
2026-01-26-d2c9,2026-01-26,,incident,90,spa,1,Human or fundamental rights;Psychological,No-action autonomy (human support),0,0,
2026-01-26-feb9,2026-01-26,,incident,45,por,1,Psychological;Human or fundamental rights,Low-action autonomy (human-in-the-loop),0,0,
2026-01-26-5745,2026-01-26,,incident,39,ita,1,Human or fundamental rights;Psychological,Low-action autonomy (human-in-the-loop),0,0,
2026-01-26-b8e3,2026-01-26,USA,incident,205,ara;deu;eng;fas;fra;hrv;ind;ita;mkd;por;ron;spa;srp;tur;ukr;vie,16,Human or fundamental rights,High-action autonomy (human-out-of-the-loop),0,0,
2026-01-26-c6b2,2026-01-26,,incident,21,eng,1,Human or fundamental rights;Psychological,,0,0,
2026-01-26-e210,2026-01-26,GBR,incident,56,eng;zho,2,Economic/Property,,0,0,
2026-01-26-2d1a,2026-01-26,,incident,21,nld,1,Human or fundamental rights;Psychological,High-action autonomy (human-out-of-the-loop),0,0,
2026-01-26-9d74,2026-01-26,,incident,0,,0,Psychological;Human or fundamental rights,Low-action autonomy (human-in-the-loop),0,0,
2026-01-26-4119,2026-01-26,,incident,19,tur,1,Human or fundamental rights;Psychological,Low-action autonomy (human-in-the-loop),0,0,
2026-01-26-94f2,2026-01-26,,incident,13,slk,1,Psychological;Human or fundamental rights,,0,0,
2026-01-26-a6e4,2026-01-26,,incident,12,slv,1,Human or fundamental rights;Psychological,Low-action autonomy (human-in-the-loop),0,0,
2026-01-26-ad73,2026-01-26,,incident,17,hun,1,Psychological;Reputational;Human or fundamental rights,High-action autonomy (human-out-of-the-loop),0,0,
2026-01-26-b4ae,2026-01-26,,incident,11,ara,1,Human or fundamental rights;Psychological,High-action autonomy (human-out-of-the-loop),0,0,
2026-01-26-393b,2026-01-26,SWE,incident,7,zho,1,Psychological;Economic/Property,No-action autonomy (human support),0,0,
2026-01-26-336a,2026-01-26,USA,hazard,17,eng,1,Physical (injury);Public interest,Low-action autonomy (human-in-the-loop),0,0,
2026-01-26-a5a7,2026-01-26,,incident,7,sqi,1,Human or fundamental rights;Psychological;Reputational,High-action autonomy (human-out-of-the-loop),0,0,
2026-01-26-7cc8,2026-01-26,KOR,hazard,7,kor,1,,High-action autonomy (human-out-of-the-loop),0,0,
2026-01-26-8a4e,2026-01-26,USA,incident,26,eng,1,Human or fundamental rights;Psychological;Reputational,Low-action autonomy (human-in-the-loop),0,0,
2026-01-26-8d23,2026-01-26,TUR,hazard,5,tur,1,Environmental,,0,0,
2026-01-26-476a,2026-01-26,KOR,incident,5,kor,1,Economic/Property,,0,0,
2026-01-26-6cff,2026-01-26,USA,hazard,6,eng,1,,,0,0,
2026-01-26-cbf9,2026-01-26,,incident,11,bul;ita,2,Human or fundamental rights;Psychological,,0,0,
2026-01-26-2f42,2026-01-26,DEU,hazard,6,deu,1,,,0,0,
2026-01-26-0ba3,2026-01-26,UKR,incident,4,ron,1,Physical (death),,0,0,
2026-01-26-1c44,2026-01-26,,incident,14,ell,1,Psychological;Reputational;Human or fundamental rights,Low-action autonomy (human-in-the-loop),0,0,
2026-01-26-85fb,2026-01-26,,incident,12,deu,1,Psychological;Human or fundamental rights,Low-action autonomy (human-in-the-loop),0,0,
2026-01-26-f9e9,2026-01-26,KOR,incident,11,kor,1,,Low-action autonomy (human-in-the-loop),0,0,
2026-01-26-7fbd,2026-01-26,USA,incident,115,ara;deu;ell;eng;fra;ind;ita;kor;por;spa;tur;ukr;zho,13,Psychological,High-action autonomy (human-out-of-the-loop),0,0,
2026-01-26-0e91,2026-01-26,USA,incident,10,eng,1,Economic/Property,High-action autonomy (human-out-of-the-loop),0,0,
2026-01-26-585c,2026-01-26,USA,incident,12,eng,1,Psychological;Economic/Property,High-action autonomy (human-out-of-the-loop),0,0,
2026-01-26-f1a7,2026-01-26,,incident,8,pol,1,Human or fundamental rights;Psychological,,0,0,
2026-01-26-9ad2,2026-01-26,RUS,hazard,0,,0,Physical (death);Physical (injury),Low-action autonomy (human-in-the-loop),0,0,
2026-01-26-b4a6,2026-01-26,USA,incident,7,spa,1,Physical (injury);Psychological;Human or fundamental rights,,0,0,
2026-01-26-4e27,2026-01-26,,incident,7,zho,1,Human or fundamental rights;Psychological,High-action autonomy (human-out-of-the-loop),0,0,
2026-01-26-7cd5,2026-01-26,ARG,incident,4,spa,1,Economic/Property,,0,0,
2026-01-26-5c7e,2026-01-26,USA,hazard,129,deu;eng;fra;hin;ita;ron;spa;tur;zho,9,Economic/Property;Human or fundamental rights,,0,0,
2026-01-26-e2b6,2026-01-26,USA,hazard,27,eng,1,Human or fundamental rights,Medium-action autonomy (human-on-the-loop),0,0,
2026-01-26-1637,2026-01-26,,incident,5,ukr,1,Human or fundamental rights;Psychological;Reputational,High-action autonomy (human-out-of-the-loop),0,0,
2026-01-26-d01e,2026-01-26,USA,incident,4,vie,1,Psychological,High-action autonomy (human-out-of-the-loop),0,0,
2026-01-26-f17e,2026-01-26,USA,hazard,4,zho,1,,High-action autonomy (human-out-of-the-loop),0,0,
2026-01-26-7f55,2026-01-26,USA,incident,38,eng;fra,2,Physical (death);Human or fundamental rights,No-action autonomy (human support),0,1,
2026-01-26-f3ed,2026-01-26,,incident,6,vie,1,Psychological;Reputational;Human or fundamental rights,Low-action autonomy (human-in-the-loop),0,0,
2026-01-26-8009,2026-01-26,JPN,hazard,5,jpn,1,Economic/Property;Human or fundamental rights;Reputational,,0,0,
2026-01-26-342b,2026-01-26,USA,hazard,5,eng,1,Human or fundamental rights,High-action autonomy (human-out-of-the-loop),0,0,
2026-01-27-cb4f,2026-01-27,ALB,incident,20,hrv;sqi,2,Reputational;Public interest,Low-action autonomy (human-in-the-loop),0,0,
2026-01-27-9178,2026-01-27,TUR,hazard,38,tur,1,Economic/Property,High-action autonomy (human-out-of-the-loop),0,0,
2026-01-27-f7f7,2026-01-27,BRA,hazard,27,por,1,Public interest,,0,0,
2026-01-27-b952,2026-01-27,IND,incident,19,eng,1,Reputational;Public interest,High-action autonomy (human-out-of-the-loop),0,0,
2026-01-27-45c0,2026-01-27,KOR,incident,18,kor,1,Reputational,No-action autonomy (human support),0,0,
2026-01-27-19a0,2026-01-27,USA,incident,72,eng;fra;ind;kor;spa,5,Human or fundamental rights;Psychological;Reputational,High-action autonomy (human-out-of-the-loop),0,0,
2026-01-27-cded,2026-01-27,UKR,hazard,12,ron,1,Physical (injury);Physical (death),High-action autonomy (human-out-of-the-loop),0,0,
2026-01-27-b783,2026-01-27,TWN,incident,11,zho,1,Reputational;Psychological;Human or fundamental rights,Low-action autonomy (human-in-the-loop),0,0,
2026-01-27-febd,2026-01-27,AUT,incident,10,deu,1,Psychological;Human or fundamental rights;Reputational,High-action autonomy (human-out-of-the-loop),0,0,
2026-01-27-0e8d,2026-01-27,IND,incident,15,eng,1,Reputational;Human or fundamental rights,,0,0,
2026-01-27-cc55,2026-01-27,USA,incident,8,eng,1,Psychological;Human or fundamental rights,High-action autonomy (human-out-of-the-loop),0,0,
2026-01-27-272c,2026-01-27,IRL,incident,11,eng,1,Human or fundamental rights;Psychological,Low-action autonomy (human-in-the-loop),0,0,
2026-01-27-c334,2026-01-27,GBR,hazard,11,eng,1,Human or fundamental rights;Reputational;Public interest,Medium-action autonomy (human-on-the-loop),0,0,
2026-01-27-9efe,2026-01-27,KOR,incident,7,kor,1,,High-action autonomy (human-out-of-the-loop),0,0,
2026-01-27-a1eb,2026-01-27,USA,incident,9,ita,1,Psychological;Human or fundamental rights;Public interest,High-action autonomy (human-out-of-the-loop),0,0,
2026-01-27-2aae,2026-01-27,GRC,hazard,6,ell,1,Human or fundamental rights,Low-action autonomy (human-in-the-loop),0,0,
2026-01-27-483d,2026-01-27,,incident,7,ind,1,Psychological;Human or fundamental rights,,0,0,
2026-01-27-7f99,2026-01-27,IDN,incident,5,ind,1,Reputational;Psychological;Human or fundamental rights,High-action autonomy (human-out-of-the-loop),0,0,
2026-01-27-d262,2026-01-27,AZE,incident,0,,0,Reputational;Public interest,No-action autonomy (human support),0,0,
2026-01-27-70c0,2026-01-27,USA,incident,108,ara;ell;eng;por;spa;ukr,6,Reputational;Public interest,No-action autonomy (human support),0,0,1360
2026-01-27-1a97,2026-01-27,USA,incident,10,eng,1,Economic/Property,Low-action autonomy (human-in-the-loop),0,0,
2026-01-27-cef1,2026-01-27,DEU,hazard,26,deu,1,Economic/Property;Human or fundamental rights,,0,0,
2026-01-27-5416,2026-01-27,USA,incident,5,eng,1,Economic/Property,,0,0,
2026-01-27-47e4,2026-01-27,USA,incident,6,spa,1,Psychological;Physical (injury),High-action autonomy (human-out-of-the-loop),0,0,
2026-01-27-54db,2026-01-27,RUS,hazard,0,,0,Psychological,No-action autonomy (human support),0,0,
2026-01-27-babb,2026-01-27,USA,incident,4,ell,1,Human or fundamental rights;Public interest,Medium-action autonomy (human-on-the-loop),0,0,
2026-01-27-8392,2026-01-27,USA,incident,13,bul,1,Psychological,High-action autonomy (human-out-of-the-loop),0,0,
2026-01-27-e930,2026-01-27,TUR,incident,5,tur,1,Economic/Property;Reputational,No-action autonomy (human support),0,0,
2026-01-27-baee,2026-01-27,JPN,hazard,4,jpn,1,Economic/Property;Public interest,,0,0,
2026-01-27-0d41,2026-01-27,USA,incident,6,eng,1,Physical (injury),High-action autonomy (human-out-of-the-loop),0,0,
2026-01-27-5639,2026-01-27,USA,hazard,4,spa,1,Economic/Property;Human or fundamental rights,High-action autonomy (human-out-of-the-loop),0,0,
2026-01-27-189e,2026-01-27,TWN,hazard,4,zho,1,Public interest,High-action autonomy (human-out-of-the-loop),0,0,
2026-01-27-9f97,2026-01-27,USA,incident,8,eng,1,Human or fundamental rights;Reputational,,0,0,
2026-01-28-36bf,2026-01-28,KOR,incident,21,kor,1,,,0,0,
2026-01-28-56f4,2026-01-28,KOR,incident,12,kor,1,,,0,0,
2026-01-28-58ea,2026-01-28,IND,hazard,17,eng,1,Physical (injury);Physical (death);Human or fundamental rights,High-action autonomy (human-out-of-the-loop),0,0,
2026-01-28-7659,2026-01-28,USA,hazard,5,eng,1,Environmental,,0,0,
2026-01-28-35f0,2026-01-28,ITA,incident,3,jpn,1,Psychological;Reputational,,0,0,
2026-01-28-d71a,2026-01-28,USA,hazard,62,eng;spa;zho,3,Human or fundamental rights,High-action autonomy (human-out-of-the-loop),0,0,
2026-01-28-c5ad,2026-01-28,GBR,hazard,39,eng;por,2,Physical (injury);Physical (death);Psychological,High-action autonomy (human-out-of-the-loop),0,0,
2026-01-28-5f03,2026-01-28,USA,incident,28,eng;ita;spa,3,Economic/Property,,0,0,
2026-01-28-a313,2026-01-28,USA,hazard,18,eng;spa,2,Physical (injury),,0,0,
2026-01-28-b5eb,2026-01-28,HUN,incident,16,hun,1,Economic/Property;Public interest,High-action autonomy (human-out-of-the-loop),0,0,
2026-01-28-d2dc,2026-01-28,USA,incident,8,eng,1,Public interest;Reputational,,0,1,
2026-01-28-d2be,2026-01-28,ESP,incident,6,spa,1,Economic/Property;Reputational;Human or fundamental rights,,0,0,
2026-01-28-0fdf,2026-01-28,VAT,hazard,6,eng,1,Psychological,High-action autonomy (human-out-of-the-loop),0,0,
2026-01-28-976d,2026-01-28,IDN,hazard,6,ind,1,Economic/Property,,0,0,
2026-01-28-93e1,2026-01-28,EGY,incident,4,ara,1,Reputational;Psychological,,0,0,
2026-01-28-fa34,2026-01-28,KEN,incident,3,eng,1,Reputational;Human or fundamental rights,,0,0,
2026-01-28-fa03,2026-01-28,USA,hazard,356,deu;ell;eng;hrv;hun;ita;kor;mkd;pol;por;ron;slk;spa;tur;ukr;zho,16,Environmental;Public interest,,0,0,
2026-01-28-e7bc,2026-01-28,CHN,hazard,62,ara;eng;jpn;spa;zho,5,Public interest,,0,0,
2026-01-28-128e,2026-01-28,TUR,incident,15,tur,1,Public interest,Low-action autonomy (human-in-the-loop),0,0,
2026-01-28-db51,2026-01-28,USA,incident,19,eng;spa,2,Psychological;Public interest;Human or fundamental rights,High-action autonomy (human-out-of-the-loop),0,0,
2026-01-28-57a2,2026-01-28,IND,incident,6,eng,1,,,0,0,
2026-01-28-a5f0,2026-01-28,USA,incident,7,spa,1,Economic/Property,,0,0,
2026-01-28-3308,2026-01-28,USA,incident,22,ell;eng;ita;por,4,Psychological;Human or fundamental rights,High-action autonomy (human-out-of-the-loop),0,0,
2026-01-28-1a27,2026-01-28,AUS,incident,53,ara;deu;ell;eng;ron;tur;zho,7,Economic/Property;Reputational,Low-action autonomy (human-in-the-loop),0,0,1409
2026-01-29-3de9,2026-01-29,FRA,incident,39,eng;fra,2,,,0,0,
2026-01-29-4edb,2026-01-29,USA,incident,115,eng;fra;por;spa;zho,5,Economic/Property,,0,0,
2026-01-29-1bc1,2026-01-29,USA,hazard,808,ara;deu;ell;eng;fin;fra;hin;hrv;hun;ita;kor;nld;por;ron;spa;swe;tur;vie;zho,19,Physical (death);Human or fundamental rights,,0,0,
2026-01-29-408a,2026-01-29,USA,incident,13,eng,1,Human or fundamental rights;Psychological,,0,0,
2026-01-29-e97d,2026-01-29,VNM,incident,13,vie,1,Economic/Property,Low-action autonomy (human-in-the-loop),0,0,
2026-01-29-aa24,2026-01-29,USA,incident,7,eng,1,Economic/Property;Public interest;Human or fundamental rights,No-action autonomy (human support),0,0,
2026-01-29-c56c,2026-01-29,USA,incident,11,deu;eng,2,Economic/Property;Psychological,,0,0,
2026-01-29-5f44,2026-01-29,USA,incident,7,eng,1,Human or fundamental rights,,0,0,
2026-01-29-3b1c,2026-01-29,UKR,incident,6,ukr,1,Public interest;Psychological;Human or fundamental rights,Low-action autonomy (human-in-the-loop),0,0,
2026-01-29-d47d,2026-01-29,JPN,incident,6,jpn,1,Economic/Property,,0,0,
2026-01-29-8a2e,2026-01-29,KOR,incident,5,kor,1,Human or fundamental rights;Psychological,High-action autonomy (human-out-of-the-loop),0,1,
2026-01-29-56e2,2026-01-29,ARG,incident,6,spa,1,Reputational;Economic/Property,No-action autonomy (human support),0,0,
2026-01-29-b9a3,2026-01-29,IND,hazard,3,eng,1,Economic/Property,,0,0,
2026-01-29-dcf7,2026-01-29,USA,incident,18,spa;zho,2,Economic/Property;Human or fundamental rights,High-action autonomy (human-out-of-the-loop),0,1,
2026-01-29-c7b3,2026-01-29,,incident,6,eng,1,Public interest,High-action autonomy (human-out-of-the-loop),0,0,
2026-01-29-cc6f,2026-01-29,TWN,incident,28,zho,1,Economic/Property,,0,0,
2026-01-29-093e,2026-01-29,USA,incident,197,ara;deu;eng;fra;kor;por;spa;zho,8,Physical (injury),High-action autonomy (human-out-of-the-loop),0,0,1361
2026-01-30-5b4e,2026-01-30,USA,hazard,9,ind,1,Environmental;Public interest,,0,0,
2026-01-30-ad20,2026-01-30,SWE,incident,51,ell;eng;por;ron;tur;zho,6,,Low-action autonomy (human-in-the-loop),0,0,
2026-01-30-4c86,2026-01-30,ROU,incident,16,ron,1,Reputational;Public interest,Low-action autonomy (human-in-the-loop),0,0,
2026-01-30-ff73,2026-01-30,,hazard,472,deu;eng;fra;hin;ita;por;slk;spa;tur;zho,10,Human or fundamental rights,High-action autonomy (human-out-of-the-loop),0,1,1364
2026-01-30-476b,2026-01-30,USA,hazard,7,tur,1,Economic/Property,,0,0,
2026-01-30-9567,2026-01-30,USA,incident,62,deu;eng;por;zho,4,Economic/Property,High-action autonomy (human-out-of-the-loop),0,1,
2026-01-30-5255,2026-01-30,BGR,hazard,6,bul,1,Human or fundamental rights;Public interest,Medium-action autonomy (human-on-the-loop),0,0,
2026-01-30-9afa,2026-01-30,TUR,incident,6,tur,1,Economic/Property,No-action autonomy (human support),0,0,
2026-01-30-4f6b,2026-01-30,IND,incident,5,eng,1,Reputational,No-action autonomy (human support),0,0,
2026-01-30-b099,2026-01-30,USA,incident,5,eng,1,Human or fundamental rights;Psychological,Low-action autonomy (human-in-the-loop),0,0,
2026-01-31-d4cb,2026-01-31,USA,hazard,12,ara;hrv,2,Human or fundamental rights,,0,0,
2026-01-31-e6a2,2026-01-31,TUR,hazard,6,tur,1,Economic/Property;Psychological,No-action autonomy (human support),0,0,
2026-01-31-f6b5,2026-01-31,CHN,incident,12,zho,1,Economic/Property;Public interest;Human or fundamental rights,High-action autonomy (human-out-of-the-loop),0,1,
2026-01-31-260b,2026-01-31,IND,incident,6,hin,1,Physical (injury),No-action autonomy (human support),0,0,
2026-01-31-d9b3,2026-01-31,USA,hazard,7,eng,1,Public interest;Reputational,High-action autonomy (human-out-of-the-loop),0,0,
2026-01-31-85bc,2026-01-31,TUR,hazard,6,tur,1,Human or fundamental rights,High-action autonomy (human-out-of-the-loop),0,0,
2026-01-31-a09b,2026-01-31,USA,hazard,3,eng,1,Other,High-action autonomy (human-out-of-the-loop),0,0,
2026-01-31-aea9,2026-01-31,GBR,incident,9,eng,1,Psychological;Reputational,,0,0,
2026-01-31-8fea,2026-01-31,ESP,incident,5,spa,1,Human or fundamental rights,High-action autonomy (human-out-of-the-loop),0,0,
2026-01-31-d4c0,2026-01-31,USA,hazard,71,bul;eng;fra;por;spa,5,Human or fundamental rights;Economic/Property;Reputational,,0,1,
2026-01-31-3534,2026-01-31,CHE,hazard,8,ron;spa,2,Psychological;Economic/Property,High-action autonomy (human-out-of-the-loop),0,0,
2026-02-01-40f1,2026-02-01,GBR,incident,48,por;spa;ukr,3,Human or fundamental rights;Psychological;Reputational,Low-action autonomy (human-in-the-loop),0,0,
2026-02-01-d2a2,2026-02-01,KOR,incident,20,kor,1,Economic/Property;Psychological,Low-action autonomy (human-in-the-loop),0,0,
2026-02-01-0d43,2026-02-01,ESP,incident,11,cat;spa,2,Economic/Property;Human or fundamental rights,No-action autonomy (human support),0,0,
2026-02-01-f858,2026-02-01,DEU,hazard,5,deu,1,,Medium-action autonomy (human-on-the-loop),0,0,
2026-02-01-fd4c,2026-02-01,GBR,incident,0,,0,Reputational;Psychological;Human or fundamental rights,High-action autonomy (human-out-of-the-loop),0,0,
2026-02-01-9b2d,2026-02-01,USA,hazard,9,ara,1,Psychological;Public interest,High-action autonomy (human-out-of-the-loop),0,1,
2026-02-01-a941,2026-02-01,ISR,incident,26,ara;eng;tur,3,Physical (death);Physical (injury);Human or fundamental rights,Medium-action autonomy (human-on-the-loop),0,0,
2026-02-01-3e39,2026-02-01,GBR,incident,12,deu,1,Human or fundamental rights;Psychological,High-action autonomy (human-out-of-the-loop),0,0,
2026-02-01-73a6,2026-02-01,USA,hazard,9,eng,1,Physical (injury);Public interest,High-action autonomy (human-out-of-the-loop),0,0,
2026-02-01-16aa,2026-02-01,IDN,incident,9,zho,1,Human or fundamental rights;Psychological,No-action autonomy (human support),0,0,
2026-02-01-4d51,2026-02-01,GBR,incident,6,eng,1,Human or fundamental rights;Public interest;Reputational,Low-action autonomy (human-in-the-loop),0,0,
2026-02-01-e549,2026-02-01,USA,incident,6,eng,1,Human or fundamental rights;Economic/Property,,0,0,
2026-02-01-d95c,2026-02-01,TUR,hazard,5,tur,1,Physical (death);Physical (injury),High-action autonomy (human-out-of-the-loop),0,0,
2026-02-01-49aa,2026-02-01,ISR,hazard,4,eng,1,,Low-action autonomy (human-in-the-loop),0,0,
2026-02-02-e104,2026-02-02,KOR,incident,22,kor,1,,Medium-action autonomy (human-on-the-loop),0,0,
2026-02-02-23eb,2026-02-02,KOR,incident,13,kor,1,Reputational;Public interest;Economic/Property,No-action autonomy (human support),0,0,
2026-02-02-73ad,2026-02-02,GRC,hazard,7,ell,1,Physical (death);Human or fundamental rights;Public interest,High-action autonomy (human-out-of-the-loop),0,0,
2026-02-02-3414,2026-02-02,CHE,incident,6,deu,1,Economic/Property,,0,0,
2026-02-02-4e09,2026-02-02,KOR,incident,6,kor,1,,High-action autonomy (human-out-of-the-loop),0,0,
2026-02-02-25c8,2026-02-02,SRB,incident,5,hrv,1,Economic/Property,High-action autonomy (human-out-of-the-loop),0,1,
2026-02-02-12ef,2026-02-02,TUR,hazard,5,tur,1,Physical (injury),Low-action autonomy (human-in-the-loop),0,0,
2026-02-02-73a0,2026-02-02,USA,hazard,10,eng;jpn;lit,3,Human or fundamental rights;Reputational,,0,1,1364
2026-02-02-f7f8,2026-02-02,SRB,hazard,16,mkd;ron;srp,3,Physical (death);Human or fundamental rights,,0,0,
2026-02-02-4429,2026-02-02,USA,incident,4,eng;fra;spa,3,Physical (injury),High-action autonomy (human-out-of-the-loop),0,0,
2026-02-02-1b80,2026-02-02,GBR,incident,7,por,1,Psychological;Human or fundamental rights,High-action autonomy (human-out-of-the-loop),0,0,
2026-02-02-4d46,2026-02-02,ITA,incident,7,ita,1,Physical (injury),No-action autonomy (human support),0,0,
2026-02-02-bdf6,2026-02-02,USA,incident,5,tur,1,Physical (injury);Physical (death),High-action autonomy (human-out-of-the-loop),0,0,
2026-02-02-2d21,2026-02-02,,incident,4,eng,1,Reputational;Public interest,,0,0,
2026-02-02-f2ad,2026-02-02,CHN,hazard,82,ara;eng;kor;zho,4,Public interest,,0,0,
2026-02-02-fb9f,2026-02-02,GBR,incident,11,eng,1,Psychological;Reputational;Human or fundamental rights,Low-action autonomy (human-in-the-loop),0,0,
2026-02-02-6460,2026-02-02,IDN,incident,8,fra,1,Human or fundamental rights;Psychological;Reputational,Low-action autonomy (human-in-the-loop),0,0,
2026-02-02-92bc,2026-02-02,IDN,hazard,7,ind,1,Economic/Property;Reputational,High-action autonomy (human-out-of-the-loop),0,0,
2026-02-02-891c,2026-02-02,USA,hazard,5,eng,1,Human or fundamental rights,Medium-action autonomy (human-on-the-loop),0,0,
2026-02-02-4812,2026-02-02,SWE,hazard,5,swe,1,,,0,0,
2026-02-02-3ef5,2026-02-02,KEN,incident,4,eng,1,Economic/Property;Reputational,,0,0,
2026-02-02-45b9,2026-02-02,USA,hazard,3,eng,1,Public interest;Reputational,No-action autonomy (human support),0,0,
2026-02-02-f918,2026-02-02,CHN,incident,6,zho,1,Reputational;Economic/Property,Medium-action autonomy (human-on-the-loop),0,0,
2026-02-02-c43a,2026-02-02,BRA,incident,25,por,1,Reputational;Public interest,No-action autonomy (human support),0,0,
2026-02-02-4802,2026-02-02,CHN,incident,23,zho,1,Public interest;Psychological,High-action autonomy (human-out-of-the-loop),0,0,
2026-02-02-9cb5,2026-02-02,USA,incident,20,ell,1,Psychological;Reputational;Human or fundamental rights,High-action autonomy (human-out-of-the-loop),0,0,1329
2026-02-03-7957,2026-02-03,FRA,incident,14,hun,1,Public interest;Psychological;Reputational,,0,0,
2026-02-03-7a92,2026-02-03,GBR,incident,111,eng,1,Human or fundamental rights;Psychological,High-action autonomy (human-out-of-the-loop),0,0,
2026-02-03-1cf6,2026-02-03,FRA,incident,35,fra,1,Economic/Property;Human or fundamental rights,,0,0,
2026-02-03-8b5e,2026-02-03,FRA,incident,22,ara;eng,2,Human or fundamental rights;Psychological,High-action autonomy (human-out-of-the-loop),0,0,
2026-02-03-e259,2026-02-03,GBR,incident,10,tur,1,Human or fundamental rights;Psychological,No-action autonomy (human support),0,0,
2026-02-03-0d06,2026-02-03,FRA,incident,14,deu;nld,2,Psychological;Human or fundamental rights;Public interest,High-action autonomy (human-out-of-the-loop),0,0,
2026-02-03-f814,2026-02-03,FRA,incident,11,vie,1,Human or fundamental rights,High-action autonomy (human-out-of-the-loop),0,0,
2026-02-03-33f6,2026-02-03,FRA,incident,9,ara;eng,2,Psychological;Human or fundamental rights,,0,0,
2026-02-03-303c,2026-02-03,JPN,incident,12,jpn;kor,2,Public interest,,0,0,
2026-02-03-fc5e,2026-02-03,FRA,incident,13,ara;heb,2,Human or fundamental rights;Psychological;Public interest,Medium-action autonomy (human-on-the-loop),0,0,
2026-02-03-6757,2026-02-03,USA,incident,6,eng,1,Human or fundamental rights,No-action autonomy (human support),0,0,
2026-02-03-53f8,2026-02-03,BRA,incident,5,por,1,Public interest,No-action autonomy (human support),0,0,
2026-02-03-1ab5,2026-02-03,USA,incident,8,eng,1,Human or fundamental rights,High-action autonomy (human-out-of-the-loop),0,0,
2026-02-03-de2e,2026-02-03,FRA,incident,6,ita,1,Human or fundamental rights;Psychological;Reputational,High-action autonomy (human-out-of-the-loop),0,0,
2026-02-03-f4b4,2026-02-03,KOR,incident,5,kor,1,,Medium-action autonomy (human-on-the-loop),0,0,
2026-02-03-cbc0,2026-02-03,FRA,incident,10,ind,1,Human or fundamental rights;Public interest,,0,0,
2026-02-03-76ce,2026-02-03,BRA,incident,5,por,1,Economic/Property,,0,0,
2026-02-03-bda4,2026-02-03,FRA,incident,348,cat;deu;eng;fra;hrv;ita;por;spa;tur;ukr,10,Human or fundamental rights;Reputational,,0,0,
2026-02-03-35ef,2026-02-03,GBR,incident,19,eng,1,Economic/Property,Low-action autonomy (human-in-the-loop),0,0,
2026-02-03-13b8,2026-02-03,FRA,incident,7,kor,1,Human or fundamental rights;Psychological;Public interest,High-action autonomy (human-out-of-the-loop),0,0,
2026-02-03-5140,2026-02-03,CHN,incident,36,zho,1,Public interest,,0,0,
2026-02-03-d900,2026-02-03,USA,incident,7,eng,1,Economic/Property;Reputational,No-action autonomy (human support),0,0,
2026-02-03-4c33,2026-02-03,MEX,incident,5,spa,1,Psychological,High-action autonomy (human-out-of-the-loop),0,0,
2026-02-03-8095,2026-02-03,USA,incident,8,eng,1,Economic/Property;Human or fundamental rights;Public interest,High-action autonomy (human-out-of-the-loop),0,0,
2026-02-03-b047,2026-02-03,USA,incident,5,eng,1,Physical (injury),,0,0,
2026-02-03-128e,2026-02-03,ESP,hazard,4,spa,1,Physical (injury);Physical (death),High-action autonomy (human-out-of-the-loop),0,0,
2026-02-03-14c9,2026-02-03,USA,incident,7,mkd,1,Human or fundamental rights;Psychological;Reputational,High-action autonomy (human-out-of-the-loop),0,0,
2026-02-03-60b9,2026-02-03,DEU,incident,3,deu,1,Human or fundamental rights,High-action autonomy (human-out-of-the-loop),0,0,
2026-02-03-65b6,2026-02-03,USA,incident,5,hrv,1,Human or fundamental rights;Psychological;Reputational,High-action autonomy (human-out-of-the-loop),0,0,
2026-02-03-b6ef,2026-02-03,FRA,incident,48,zho,1,Human or fundamental rights;Psychological,,0,0,
2026-02-03-301a,2026-02-03,ITA,incident,8,ron,1,Economic/Property;Public interest,,0,0,
2026-02-04-1e74,2026-02-04,,incident,70,eng;ron;spa,3,Psychological;Human or fundamental rights,High-action autonomy (human-out-of-the-loop),0,0,
2026-02-04-1eea,2026-02-04,SAU,hazard,22,eng;kor,2,Physical (death);Physical (injury),High-action autonomy (human-out-of-the-loop),0,0,
2026-02-04-7c53,2026-02-04,AUS,incident,31,eng,1,Human or fundamental rights,Medium-action autonomy (human-on-the-loop),0,0,
2026-02-04-1d2f,2026-02-04,IND,incident,27,eng,1,Reputational;Economic/Property,Low-action autonomy (human-in-the-loop),0,0,
2026-02-04-3480,2026-02-04,AUS,incident,18,eng,1,Human or fundamental rights;Psychological,,0,0,
2026-02-04-5037,2026-02-04,USA,incident,35,eng;fra;ita;spa,4,Reputational;Public interest,Low-action autonomy (human-in-the-loop),0,0,
2026-02-04-6790,2026-02-04,USA,incident,13,eng;fra,2,Reputational;Human or fundamental rights;Public interest,Medium-action autonomy (human-on-the-loop),0,0,
2026-02-04-cfae,2026-02-04,USA,hazard,38,eng;fas;hin;jpn;tur;zho,6,Economic/Property,High-action autonomy (human-out-of-the-loop),0,1,
2026-02-04-9324,2026-02-04,KOR,incident,7,kor,1,,Medium-action autonomy (human-on-the-loop),0,0,
2026-02-04-b362,2026-02-04,BRA,incident,6,por,1,Human or fundamental rights;Reputational;Psychological,Medium-action autonomy (human-on-the-loop),0,0,
2026-02-04-11ea,2026-02-04,USA,hazard,15,hrv;spa;zho,3,Human or fundamental rights,High-action autonomy (human-out-of-the-loop),0,0,
2026-02-04-e76a,2026-02-04,DEU,hazard,6,deu,1,Human or fundamental rights,,0,0,
2026-02-04-84f5,2026-02-04,USA,hazard,3,eng,1,,Low-action autonomy (human-in-the-loop),0,0,
2026-02-04-4944,2026-02-04,TWN,incident,10,zho,1,,Medium-action autonomy (human-on-the-loop),0,0,
2026-02-04-9b3c,2026-02-04,BRA,incident,5,por,1,Psychological;Reputational;Human or fundamental rights,High-action autonomy (human-out-of-the-loop),0,0,
2026-02-04-7b2c,2026-02-04,CHN,hazard,6,zho,1,Human or fundamental rights,High-action autonomy (human-out-of-the-loop),0,1,
2026-02-04-e649,2026-02-04,GBR,hazard,11,ell;eng,2,Economic/Property;Human or fundamental rights,Low-action autonomy (human-in-the-loop),0,0,
2026-02-04-bb08,2026-02-04,DEU,incident,10,ell,1,Human or fundamental rights,,0,0,
2026-02-04-2434,2026-02-04,USA,hazard,5,eng,1,,No-action autonomy (human support),0,1,
2026-02-04-0abd,2026-02-04,IRL,incident,5,eng,1,Human or fundamental rights;Psychological,Low-action autonomy (human-in-the-loop),0,0,
2026-02-04-6a9a,2026-02-04,USA,hazard,12,jpn;spa,2,,High-action autonomy (human-out-of-the-loop),0,1,
2026-02-05-2f75,2026-02-05,ROU,incident,14,ron,1,Public interest,No-action autonomy (human support),0,0,
2026-02-05-ce0b,2026-02-05,KOR,hazard,15,kor,1,Economic/Property,High-action autonomy (human-out-of-the-loop),0,0,
2026-02-05-b9b7,2026-02-05,TWN,incident,11,zho,1,Economic/Property,,0,0,
2026-02-05-f85d,2026-02-05,CHN,incident,10,kor,1,Physical (injury),High-action autonomy (human-out-of-the-loop),0,0,
2026-02-05-afd6,2026-02-05,SGP,hazard,10,eng,1,Physical (death);Physical (injury),High-action autonomy (human-out-of-the-loop),0,0,
2026-02-05-6576,2026-02-05,IND,hazard,7,eng,1,Economic/Property,,0,0,
2026-02-05-67f7,2026-02-05,USA,incident,6,eng,1,,No-action autonomy (human support),0,0,
2026-02-05-cc89,2026-02-05,DEU,hazard,6,deu,1,Human or fundamental rights,Low-action autonomy (human-in-the-loop),0,0,
2026-02-05-19d2,2026-02-05,ITA,incident,5,ita,1,Economic/Property;Human or fundamental rights;Public interest,High-action autonomy (human-out-of-the-loop),0,0,
2026-02-05-498d,2026-02-05,RUS,hazard,22,ell;eng;spa,3,,,0,0,
2026-02-05-0009,2026-02-05,ESP,incident,7,spa,1,Reputational;Public interest,No-action autonomy (human support),0,0,
2026-02-05-0c31,2026-02-05,EGY,incident,7,ara,1,Reputational;Public interest,Low-action autonomy (human-in-the-loop),0,0,
2026-02-05-1df0,2026-02-05,BRA,incident,20,por,1,Public interest,,0,0,
2026-02-05-dc7b,2026-02-05,KOR,incident,6,kor,1,,Medium-action autonomy (human-on-the-loop),0,0,
2026-02-05-8f1e,2026-02-05,ESP,hazard,7,spa,1,Physical (injury),High-action autonomy (human-out-of-the-loop),0,0,
2026-02-05-2b05,2026-02-05,USA,incident,15,eng,1,Economic/Property,High-action autonomy (human-out-of-the-loop),0,0,
2026-02-05-2a78,2026-02-05,IND,hazard,6,eng,1,Economic/Property,No-action autonomy (human support),0,0,
2026-02-05-a310,2026-02-05,USA,hazard,5,ron,1,Human or fundamental rights;Reputational;Psychological,High-action autonomy (human-out-of-the-loop),0,1,1364
2026-02-05-f84d,2026-02-05,BGD,incident,6,eng,1,Public interest;Reputational,,0,0,
2026-02-06-b3ca,2026-02-06,ESP,hazard,6,spa,1,Physical (death);Human or fundamental rights;Public interest,High-action autonomy (human-out-of-the-loop),0,0,
2026-02-06-0793,2026-02-06,,incident,472,ara;bul;ces;deu;ell;eng;fra;hrv;ind;ita;jpn;mkd;nld;pol;ron;spa;swe;tur;ukr;zho,20,Psychological;Physical (injury),High-action autonomy (human-out-of-the-loop),0,0,
2026-02-06-50b9,2026-02-06,CHN,incident,24,zho,1,,High-action autonomy (human-out-of-the-loop),0,0,
2026-02-06-59e8,2026-02-06,IDN,incident,27,eng;ind,2,,High-action autonomy (human-out-of-the-loop),0,0,
2026-02-06-33e8,2026-02-06,ARE,hazard,8,eng,1,Physical (injury);Physical (death),High-action autonomy (human-out-of-the-loop),0,0,
2026-02-06-3e48,2026-02-06,USA,incident,30,ces;eng;fas;pol;ukr;vie,6,Psychological;Human or fundamental rights;Public interest,,0,0,1363
2026-02-06-e0b4,2026-02-06,IND,hazard,6,eng,1,Physical (injury);Economic/Property;Public interest,High-action autonomy (human-out-of-the-loop),0,1,
2026-02-06-7e2c,2026-02-06,ROU,incident,11,ron,1,Economic/Property;Psychological,No-action autonomy (human support),0,0,
2026-02-06-1ad5,2026-02-06,MDA,incident,5,ron,1,Economic/Property;Reputational;Public interest,Low-action autonomy (human-in-the-loop),0,0,
2026-02-06-4004,2026-02-06,CHN,incident,4,zho,1,Economic/Property;Human or fundamental rights,No-action autonomy (human support),0,0,
2026-02-06-9252,2026-02-06,HUN,incident,5,hun,1,Reputational;Public interest,No-action autonomy (human support),0,0,
2026-02-06-a624,2026-02-06,USA,incident,985,bul;deu;ell;eng;fra;hrv;ita;jpn;por;ron;slv;spa;tur;zho,14,Psychological,High-action autonomy (human-out-of-the-loop),0,0,
2026-02-06-1e53,2026-02-06,CHN,incident,43,zho,1,Human or fundamental rights;Reputational,,0,0,
2026-02-06-e4f5,2026-02-06,USA,incident,589,ara;deu;ell;eng;fas;fra;hrv;hun;mkd;nld;por;ron;slk;spa;tur;zho,16,Psychological,High-action autonomy (human-out-of-the-loop),0,0,
2026-02-06-7572,2026-02-06,USA,hazard,5,eng,1,Human or fundamental rights,,0,0,
2026-02-06-38f7,2026-02-06,FRA,incident,5,eng,1,Human or fundamental rights;Reputational;Psychological,High-action autonomy (human-out-of-the-loop),0,0,
2026-02-06-6310,2026-02-06,GBR,hazard,11,zho,1,Physical (injury);Economic/Property,,0,0,
2026-02-07-538f,2026-02-07,CHN,incident,14,zho,1,Reputational;Psychological,No-action autonomy (human support),0,0,
2026-02-07-a591,2026-02-07,IND,incident,10,eng,1,,Medium-action autonomy (human-on-the-loop),0,0,
2026-02-07-f54a,2026-02-07,TUR,incident,7,tur,1,Economic/Property,Low-action autonomy (human-in-the-loop),0,0,
2026-02-07-0462,2026-02-07,EGY,incident,4,ara,1,Economic/Property;Reputational,No-action autonomy (human support),0,0,
2026-02-07-30ea,2026-02-07,KOR,hazard,13,kor;vie,2,Human or fundamental rights,High-action autonomy (human-out-of-the-loop),0,1,
2026-02-07-802c,2026-02-07,MYS,incident,7,eng,1,Environmental,,0,0,
2026-02-07-c3c0,2026-02-07,DNK,incident,5,dan,1,Psychological;Reputational,Low-action autonomy (human-in-the-loop),0,0,
2026-02-07-ded0,2026-02-07,USA,hazard,3,eng,1,Psychological,,0,0,
2026-02-07-200b,2026-02-07,IND,incident,5,eng,1,Psychological;Reputational;Human or fundamental rights,,0,0,
2026-02-07-d65d,2026-02-07,KOR,incident,10,kor,1,,High-action autonomy (human-out-of-the-loop),0,0,
2026-02-07-2e7c,2026-02-07,AUT,incident,20,eng;spa,2,Human or fundamental rights,High-action autonomy (human-out-of-the-loop),0,1,1368
2026-02-08-4011,2026-02-08,EGY,hazard,5,ara,1,Public interest,High-action autonomy (human-out-of-the-loop),0,0,
2026-02-08-1e66,2026-02-08,,incident,23,eng;por,2,Human or fundamental rights;Economic/Property,,0,1,
2026-02-08-d936,2026-02-08,USA,hazard,7,eng,1,Human or fundamental rights;Public interest,,0,0,
2026-02-08-6f41,2026-02-08,GBR,hazard,3,eng,1,Psychological,Medium-action autonomy (human-on-the-loop),0,0,
2026-02-09-cad4,2026-02-09,LTU,incident,2,eng,1,Physical (death);Physical (injury),Medium-action autonomy (human-on-the-loop),0,0,
2026-02-09-e752,2026-02-09,ESP,incident,24,spa,1,Human or fundamental rights,,0,0,
2026-02-09-2d8a,2026-02-09,UKR,incident,11,ukr,1,Physical (injury);Physical (death),High-action autonomy (human-out-of-the-loop),0,0,
2026-02-09-fdc0,2026-02-09,GBR,incident,71,deu;eng;fas;por;spa,5,Physical (injury);Physical (death),High-action autonomy (human-out-of-the-loop),0,0,
2026-02-09-53e2,2026-02-09,KOR,incident,9,kor,1,Public interest,,0,0,
2026-02-09-35df,2026-02-09,SAU,hazard,8,kor,1,,High-action autonomy (human-out-of-the-loop),0,0,
2026-02-09-98ec,2026-02-09,USA,hazard,12,ara,1,Economic/Property;Public interest,,0,0,
2026-02-09-7b85,2026-02-09,USA,incident,11,eng,1,Reputational;Public interest;Human or fundamental rights,No-action autonomy (human support),0,0,
2026-02-09-1dd2,2026-02-09,,incident,5,tur,1,Reputational;Psychological;Public interest,,0,0,
2026-02-09-3b5a,2026-02-09,IRL,incident,5,eng,1,Economic/Property,High-action autonomy (human-out-of-the-loop),0,0,
2026-02-09-4de3,2026-02-09,USA,hazard,14,eng,1,Physical (death);Public interest,High-action autonomy (human-out-of-the-loop),0,0,
2026-02-09-3f3f,2026-02-09,IND,incident,7,eng,1,,No-action autonomy (human support),0,0,
2026-02-09-4aa5,2026-02-09,ESP,incident,5,spa,1,Human or fundamental rights;Economic/Property;Reputational,Low-action autonomy (human-in-the-loop),0,0,
2026-02-09-a707,2026-02-09,USA,incident,11,eng,1,Economic/Property,High-action autonomy (human-out-of-the-loop),0,0,
2026-02-09-3429,2026-02-09,USA,hazard,5,hin,1,Economic/Property;Psychological;Public interest,High-action autonomy (human-out-of-the-loop),0,0,
2026-02-09-2b35,2026-02-09,CHN,incident,4,eng,1,Physical (injury),,0,0,
2026-02-09-8bd7,2026-02-09,USA,incident,9,eng,1,Economic/Property,No-action autonomy (human support),0,0,
2026-02-09-1a97,2026-02-09,TWN,hazard,21,eng;zho,2,Physical (death);Physical (injury),High-action autonomy (human-out-of-the-loop),0,0,
2026-02-09-3111,2026-02-09,PRK,incident,10,eng,1,Economic/Property;Human or fundamental rights,No-action autonomy (human support),0,0,
2026-02-09-9c2c,2026-02-09,MEX,hazard,17,ara;hrv;spa,3,Economic/Property;Human or fundamental rights,No-action autonomy (human support),0,0,
2026-02-09-d4ec,2026-02-09,USA,hazard,5,eng,1,Public interest;Psychological;Reputational,High-action autonomy (human-out-of-the-loop),0,0,
2026-02-09-effd,2026-02-09,USA,incident,5,eng,1,Human or fundamental rights,High-action autonomy (human-out-of-the-loop),0,1,
2026-02-09-235f,2026-02-09,USA,incident,5,eng,1,Reputational;Psychological,Low-action autonomy (human-in-the-loop),0,0,
2026-02-09-a8e2,2026-02-09,USA,hazard,6,eng,1,Human or fundamental rights,,0,0,
2026-02-09-bfc8,2026-02-09,USA,hazard,3,jpn;ron,2,Human or fundamental rights,High-action autonomy (human-out-of-the-loop),0,0,
2026-02-09-e2e8,2026-02-09,USA,incident,10,eng,1,Economic/Property,,0,0,
2026-02-09-2f62,2026-02-09,USA,hazard,21,ara;eng,2,Physical (injury),,0,0,
2026-02-09-da93,2026-02-09,CHN,incident,9,zho,1,Public interest,Medium-action autonomy (human-on-the-loop),0,0,
2026-02-09-fd04,2026-02-09,GBR,incident,4,eng,1,Economic/Property,,0,0,
2026-02-09-f1f1,2026-02-09,CHN,incident,3,zho,1,Physical (injury),High-action autonomy (human-out-of-the-loop),0,0,
2026-02-09-2a1a,2026-02-09,ITA,incident,14,ita,1,Human or fundamental rights;Psychological,Medium-action autonomy (human-on-the-loop),0,0,
2026-02-09-eb60,2026-02-09,USA,incident,29,ell;eng,2,Physical (injury),Low-action autonomy (human-in-the-loop),0,0,1436;1528
2026-02-09-6afa,2026-02-09,THA,incident,9,eng;ind,2,Economic/Property,Low-action autonomy (human-in-the-loop),0,0,1589
2026-02-10-ba08,2026-02-10,IDN,hazard,5,ind,1,Human or fundamental rights,,0,0,
2026-02-10-c64b,2026-02-10,TWN,incident,20,zho,1,Psychological;Human or fundamental rights,No-action autonomy (human support),0,0,
2026-02-10-e4b1,2026-02-10,GRC,hazard,16,ell,1,Reputational;Public interest,,0,0,
2026-02-10-e7fe,2026-02-10,MEX,hazard,39,deu;eng;fra;spa,4,Human or fundamental rights,Medium-action autonomy (human-on-the-loop),0,0,
2026-02-10-b9f8,2026-02-10,USA,incident,19,eng,1,Human or fundamental rights,,0,0,
2026-02-10-7dd5,2026-02-10,CAN,incident,15,eng;fra,2,Physical (injury),High-action autonomy (human-out-of-the-loop),0,0,
2026-02-10-ff3a,2026-02-10,USA,incident,103,ara;deu;eng;fra;por;ron;spa;srp;vie;zho,10,Psychological,High-action autonomy (human-out-of-the-loop),0,0,
2026-02-10-752d,2026-02-10,BRA,incident,8,por,1,Human or fundamental rights;Psychological;Reputational,No-action autonomy (human support),0,0,
2026-02-10-051d,2026-02-10,DEU,hazard,27,deu;eng;tur,3,,High-action autonomy (human-out-of-the-loop),0,0,
2026-02-10-e70b,2026-02-10,TUR,hazard,9,eng;mkd,2,Physical (death);Physical (injury),High-action autonomy (human-out-of-the-loop),0,0,
2026-02-10-80b4,2026-02-10,USA,hazard,19,deu;eng,2,Physical (death);Physical (injury),High-action autonomy (human-out-of-the-loop),0,0,
2026-02-10-26b5,2026-02-10,IND,incident,3,eng,1,Economic/Property;Psychological,,0,0,
2026-02-10-9d44,2026-02-10,AUS,incident,4,eng,1,Economic/Property,High-action autonomy (human-out-of-the-loop),0,0,
2026-02-10-e4f9,2026-02-10,KOR,incident,24,kor,1,Economic/Property;Public interest,Low-action autonomy (human-in-the-loop),0,0,
2026-02-10-688f,2026-02-10,CHN,incident,29,zho,1,Reputational;Human or fundamental rights,Low-action autonomy (human-in-the-loop),0,0,
2026-02-10-14d8,2026-02-10,NGA,hazard,6,eng,1,Psychological;Reputational,,0,0,
2026-02-10-f088,2026-02-10,GBR,incident,5,eng,1,Economic/Property,No-action autonomy (human support),0,0,
2026-02-10-c24b,2026-02-10,USA,incident,3,eng,1,Human or fundamental rights,High-action autonomy (human-out-of-the-loop),0,0,
2026-02-10-349f,2026-02-10,TWN,incident,5,zho,1,Economic/Property;Human or fundamental rights,High-action autonomy (human-out-of-the-loop),0,0,
2026-02-10-8eb6,2026-02-10,IND,hazard,5,eng,1,,,0,0,
2026-02-10-58aa,2026-02-10,USA,hazard,5,eng,1,Physical (injury);Physical (death);Human or fundamental rights,High-action autonomy (human-out-of-the-loop),0,0,
2026-02-10-703b,2026-02-10,DEU,hazard,40,deu;eng;hrv,3,Economic/Property;Reputational;Human or fundamental rights,Low-action autonomy (human-in-the-loop),0,0,
2026-02-10-7cab,2026-02-10,USA,incident,30,eng,1,Human or fundamental rights;Psychological,High-action autonomy (human-out-of-the-loop),0,0,1511
2026-02-11-83bf,2026-02-11,ARM,hazard,0,,0,Public interest;Physical (death),,0,0,
2026-02-11-a7bf,2026-02-11,IND,incident,41,eng;hin,2,,High-action autonomy (human-out-of-the-loop),0,0,
2026-02-11-7b16,2026-02-11,NGA,incident,16,eng,1,Economic/Property;Reputational;Public interest,No-action autonomy (human support),0,0,
2026-02-11-b822,2026-02-11,,hazard,75,bul;deu;ell;eng;fra;ita;por;ron;spa,9,Economic/Property;Public interest,High-action autonomy (human-out-of-the-loop),0,0,
2026-02-11-6482,2026-02-11,IND,incident,19,eng,1,Reputational,Low-action autonomy (human-in-the-loop),0,0,
2026-02-11-a158,2026-02-11,TUR,incident,9,tur,1,Economic/Property,No-action autonomy (human support),0,0,
2026-02-11-8bc8,2026-02-11,KOR,incident,7,kor,1,,Medium-action autonomy (human-on-the-loop),0,0,
2026-02-11-4404,2026-02-11,KOR,hazard,9,kor,1,,Medium-action autonomy (human-on-the-loop),0,0,
2026-02-11-66c0,2026-02-11,UKR,incident,5,ukr,1,,High-action autonomy (human-out-of-the-loop),0,0,
2026-02-11-740e,2026-02-11,BGR,incident,6,bul,1,Reputational;Public interest,,0,0,
2026-02-11-f9f9,2026-02-11,KOR,incident,7,kor,1,Economic/Property;Reputational,High-action autonomy (human-out-of-the-loop),0,1,
2026-02-11-7161,2026-02-11,GBR,hazard,10,eng,1,Human or fundamental rights;Reputational,Medium-action autonomy (human-on-the-loop),0,0,
2026-02-11-ea81,2026-02-11,TWN,incident,7,zho,1,Public interest,Low-action autonomy (human-in-the-loop),0,0,
2026-02-11-69f9,2026-02-11,USA,incident,6,eng,1,Psychological,High-action autonomy (human-out-of-the-loop),0,0,
2026-02-11-d5e4,2026-02-11,USA,incident,5,eng,1,Psychological;Human or fundamental rights;Reputational,Low-action autonomy (human-in-the-loop),0,0,1378
2026-02-11-2b6a,2026-02-11,ITA,incident,4,ita,1,Economic/Property,Low-action autonomy (human-in-the-loop),0,0,
2026-02-11-5e75,2026-02-11,ALB,incident,86,ara;eng;fra;jpn;mkd;sqi;tur,7,Human or fundamental rights,,0,0,
2026-02-11-d3d2,2026-02-11,USA,hazard,93,eng;ind;kor;nld;spa;zho,6,Economic/Property,,0,0,
2026-02-11-9b88,2026-02-11,USA,hazard,21,eng,1,Economic/Property;Physical (injury);Physical (death),No-action autonomy (human support),0,0,
2026-02-11-abe2,2026-02-11,TWN,incident,8,zho,1,Psychological;Reputational,Low-action autonomy (human-in-the-loop),0,0,
2026-02-11-b722,2026-02-11,USA,incident,6,eng,1,Human or fundamental rights,Low-action autonomy (human-in-the-loop),0,1,
2026-02-11-8506,2026-02-11,USA,hazard,11,eng,1,Human or fundamental rights,Medium-action autonomy (human-on-the-loop),0,0,
2026-02-11-4f12,2026-02-11,USA,incident,5,eng,1,Reputational;Psychological;Human or fundamental rights,No-action autonomy (human support),0,0,
2026-02-11-c8ef,2026-02-11,USA,incident,4,eng,1,Physical (death);Physical (injury),Medium-action autonomy (human-on-the-loop),0,0,
2026-02-11-4f50,2026-02-11,USA,hazard,19,deu;eng,2,Economic/Property,,0,0,1377
2026-02-12-e766,2026-02-12,USA,incident,9,eng,1,Physical (injury);Environmental,,0,0,1677
2026-02-12-64e6,2026-02-12,USA,hazard,91,ara;deu;ell;eng;fra;spa,6,Human or fundamental rights;Psychological,,0,0,
2026-02-12-e5f1,2026-02-12,USA,hazard,140,ara;deu;eng;fra;hin;ind;ita;por;spa;zho,10,Economic/Property,,0,0,
2026-02-12-811b,2026-02-12,DEU,hazard,24,deu,1,Physical (injury);Public interest;Human or fundamental rights,High-action autonomy (human-out-of-the-loop),0,0,
2026-02-12-350b,2026-02-12,NLD,incident,15,nld,1,Human or fundamental rights,Low-action autonomy (human-in-the-loop),0,0,
2026-02-12-36fa,2026-02-12,USA,incident,90,eng;fra;por;spa;zho,5,Economic/Property;Public interest,No-action autonomy (human support),0,0,
2026-02-12-079d,2026-02-12,KOR,incident,13,kor,1,,High-action autonomy (human-out-of-the-loop),0,0,
2026-02-12-08e9,2026-02-12,USA,incident,13,deu;eng,2,Psychological;Physical (death),High-action autonomy (human-out-of-the-loop),0,0,
2026-02-12-07f3,2026-02-12,USA,hazard,43,ara;kor;spa;ukr,4,Physical (death),Low-action autonomy (human-in-the-loop),0,0,
2026-02-12-5f78,2026-02-12,USA,incident,30,deu;eng,2,Economic/Property;Psychological,Low-action autonomy (human-in-the-loop),0,0,
2026-02-12-a2f6,2026-02-12,USA,incident,7,eng,1,Reputational;Public interest,,0,0,
2026-02-12-81c0,2026-02-12,MEX,incident,6,spa,1,Economic/Property;Psychological;Human or fundamental rights,High-action autonomy (human-out-of-the-loop),0,0,
2026-02-12-7aa6,2026-02-12,BGR,hazard,9,bul,1,Public interest;Human or fundamental rights,High-action autonomy (human-out-of-the-loop),0,0,
2026-02-12-aa5d,2026-02-12,ESP,incident,8,spa,1,,High-action autonomy (human-out-of-the-loop),0,0,
2026-02-12-2196,2026-02-12,USA,hazard,5,eng,1,Physical (injury);Economic/Property;Human or fundamental rights,High-action autonomy (human-out-of-the-loop),0,0,
2026-02-12-3e95,2026-02-12,IND,incident,12,eng,1,Reputational;Public interest,Low-action autonomy (human-in-the-loop),0,0,
2026-02-12-114b,2026-02-12,,hazard,8,eng,1,Public interest,High-action autonomy (human-out-of-the-loop),0,0,
2026-02-12-b417,2026-02-12,USA,incident,26,eng;zho,2,Reputational,High-action autonomy (human-out-of-the-loop),0,1,1373
2026-02-12-5d41,2026-02-12,USA,incident,5,eng,1,Physical (death);Human or fundamental rights,High-action autonomy (human-out-of-the-loop),0,0,
2026-02-12-6014,2026-02-12,JPN,incident,493,ara;deu;ell;eng;fra;ita;jpn;nld;por;ron;spa;tur;zho,13,Economic/Property,,0,0,1377
2026-02-12-01ff,2026-02-12,USA,incident,39,eng;spa,2,Human or fundamental rights;Reputational,High-action autonomy (human-out-of-the-loop),0,1,
2026-02-12-e3ca,2026-02-12,USA,incident,5,zho,1,Human or fundamental rights;Psychological,No-action autonomy (human support),0,0,
2026-02-12-59f0,2026-02-12,ITA,hazard,5,ita,1,,High-action autonomy (human-out-of-the-loop),0,0,
2026-02-12-ce4b,2026-02-12,USA,incident,7,eng,1,Human or fundamental rights,High-action autonomy (human-out-of-the-loop),0,0,
2026-02-13-7637,2026-02-13,USA,hazard,138,ara;deu;ell;eng;fra;ita;kor;por;spa,9,Human or fundamental rights,No-action autonomy (human support),0,0,
2026-02-13-288c,2026-02-13,CHN,incident,373,ara;deu;ell;eng;fra;ind;jpn;kor;por;ron;spa;vie;zho,13,Economic/Property,Medium-action autonomy (human-on-the-loop),0,0,
2026-02-13-81e7,2026-02-13,USA,incident,35,eng;spa;zho,3,Psychological;Physical (death),,0,0,
2026-02-13-0d0c,2026-02-13,ESP,incident,15,spa,1,Economic/Property;Reputational;Public interest,Low-action autonomy (human-in-the-loop),0,0,
2026-02-13-edf0,2026-02-13,EST,hazard,7,ukr,1,Public interest;Reputational,Medium-action autonomy (human-on-the-loop),0,0,
2026-02-13-45df,2026-02-13,USA,hazard,16,eng;spa,2,Human or fundamental rights,Medium-action autonomy (human-on-the-loop),0,0,
2026-02-13-70b9,2026-02-13,FRA,incident,8,fra,1,Reputational,Low-action autonomy (human-in-the-loop),0,0,
2026-02-13-b1cc,2026-02-13,DEU,hazard,33,ces;hun;ukr,3,Physical (death),High-action autonomy (human-out-of-the-loop),0,0,
2026-02-13-7060,2026-02-13,USA,hazard,5,eng,1,,Low-action autonomy (human-in-the-loop),0,0,
2026-02-13-da4d,2026-02-13,GRC,hazard,5,ell,1,Physical (death);Physical (injury),High-action autonomy (human-out-of-the-loop),0,0,
2026-02-13-d1cf,2026-02-13,ISR,incident,4,ara,1,Human or fundamental rights;Psychological,,0,0,
2026-02-13-30aa,2026-02-13,CHN,incident,5,fas,1,Economic/Property,High-action autonomy (human-out-of-the-loop),0,0,
2026-02-13-7bcf,2026-02-13,USA,incident,7,eng,1,Human or fundamental rights,,0,0,
2026-02-13-f853,2026-02-13,AUS,incident,5,eng,1,Physical (injury);Physical (death),High-action autonomy (human-out-of-the-loop),0,0,
2026-02-13-7ed6,2026-02-13,USA,hazard,4,eng,1,Economic/Property;Human or fundamental rights,High-action autonomy (human-out-of-the-loop),0,0,
2026-02-14-35b8,2026-02-14,USA,incident,392,ara;deu;eng;fas;ita;kor;por;ron;spa;sqi;tur;ukr;vie;zho,14,Physical (injury);Human or fundamental rights;Public interest,Low-action autonomy (human-in-the-loop),0,0,
2026-02-14-50d1,2026-02-14,USA,hazard,5,tur,1,Psychological;Public interest,Low-action autonomy (human-in-the-loop),0,0,
2026-02-14-9ea0,2026-02-14,USA,incident,63,ell;eng;ind;ita;kor,5,Economic/Property;Human or fundamental rights,,0,0,1377
2026-02-14-ae9a,2026-02-14,VNM,incident,5,vie,1,Public interest,,0,0,
2026-02-14-d3e9,2026-02-14,BRA,incident,6,por,1,Economic/Property,High-action autonomy (human-out-of-the-loop),0,0,
2026-02-14-7ed9,2026-02-14,USA,hazard,4,ind,1,Psychological;Human or fundamental rights,High-action autonomy (human-out-of-the-loop),0,0,
2026-02-14-905e,2026-02-14,CHN,incident,4,zho,1,Physical (injury);Economic/Property,High-action autonomy (human-out-of-the-loop),0,0,
2026-02-14-98da,2026-02-14,USA,hazard,3,vie,1,Human or fundamental rights,,0,0,
2026-02-14-5ee8,2026-02-14,USA,hazard,3,eng,1,,,0,0,
2026-02-14-da12,2026-02-14,GBR,incident,4,deu,1,Psychological;Reputational,Medium-action autonomy (human-on-the-loop),0,0,
2026-02-15-d431,2026-02-15,USA,incident,69,ara;eng;fra;spa;swe,5,Human or fundamental rights;Reputational,No-action autonomy (human support),0,0,1386
2026-02-15-c0ba,2026-02-15,NLD,hazard,69,bul;deu;eng;hrv;pol;ron;spa;tur;zho,9,Public interest,High-action autonomy (human-out-of-the-loop),0,0,
2026-02-15-c346,2026-02-15,SGP,incident,33,ara;eng;fra,3,Economic/Property;Reputational,No-action autonomy (human support),0,0,
2026-02-15-d822,2026-02-15,USA,hazard,9,fas,1,,,0,0,
2026-02-15-b6d9,2026-02-15,HKG,hazard,5,spa,1,Human or fundamental rights,,0,0,
2026-02-15-cb6b,2026-02-15,USA,incident,7,ind,1,Human or fundamental rights;Psychological,High-action autonomy (human-out-of-the-loop),0,0,
2026-02-15-8a9e,2026-02-15,DEU,incident,4,deu,1,Economic/Property,Low-action autonomy (human-in-the-loop),0,0,
2026-02-15-fb4f,2026-02-15,USA,hazard,96,ara;eng;fas;fra;jpn;spa;ukr;zho,8,Physical (death);Human or fundamental rights;Public interest,High-action autonomy (human-out-of-the-loop),0,0,
2026-02-15-b576,2026-02-15,TWN,incident,6,zho,1,Human or fundamental rights;Economic/Property,No-action autonomy (human support),0,0,
2026-02-15-82a1,2026-02-15,USA,hazard,6,ron,1,Physical (injury);Physical (death),Medium-action autonomy (human-on-the-loop),0,0,
2026-02-15-345a,2026-02-15,USA,incident,18,eng;ron,2,Economic/Property;Physical (injury),High-action autonomy (human-out-of-the-loop),0,0,
2026-02-15-7aa6,2026-02-15,ESP,incident,17,eng;spa,2,Human or fundamental rights;Psychological,,0,0,
2026-02-15-d151,2026-02-15,ESP,hazard,3,spa,1,Human or fundamental rights,,0,0,
2026-02-16-93ce,2026-02-16,BEL,hazard,46,eng;fra;mkd;ron;ukr,5,,No-action autonomy (human support),0,0,
2026-02-16-d0ba,2026-02-16,COL,incident,14,spa,1,Reputational;Public interest,No-action autonomy (human support),0,0,
2026-02-16-38aa,2026-02-16,FRA,hazard,21,fra,1,Human or fundamental rights,,0,0,
2026-02-16-275b,2026-02-16,AUT,incident,6,deu,1,Other,No-action autonomy (human support),0,0,
2026-02-16-3142,2026-02-16,CHN,incident,94,deu;eng;fra;spa;tur;zho,6,Human or fundamental rights;Psychological,High-action autonomy (human-out-of-the-loop),0,0,1389
2026-02-16-2b6d,2026-02-16,IND,hazard,28,eng;hin,2,Economic/Property,,0,0,
2026-02-16-8b6c,2026-02-16,IND,hazard,3,eng,1,Economic/Property;Public interest,High-action autonomy (human-out-of-the-loop),0,0,
2026-02-16-5312,2026-02-16,IND,incident,9,eng,1,Physical (injury),Low-action autonomy (human-in-the-loop),0,0,
2026-02-16-fd65,2026-02-16,,incident,4,eng,1,Human or fundamental rights,No-action autonomy (human support),0,1,
2026-02-16-5198,2026-02-16,USA,incident,9,eng,1,Physical (injury),Medium-action autonomy (human-on-the-loop),0,0,
2026-02-16-1bec,2026-02-16,ESP,incident,6,spa,1,Economic/Property,High-action autonomy (human-out-of-the-loop),0,0,
2026-02-16-3f79,2026-02-16,FRA,incident,4,fra,1,Psychological,No-action autonomy (human support),0,0,
2026-02-16-6c0e,2026-02-16,,incident,6,zho,1,Psychological,Low-action autonomy (human-in-the-loop),0,0,
2026-02-16-a913,2026-02-16,TWN,incident,8,zho,1,Human or fundamental rights;Psychological;Reputational,Low-action autonomy (human-in-the-loop),0,0,
2026-02-16-16ac,2026-02-16,IND,incident,6,hin,1,Reputational;Public interest,Low-action autonomy (human-in-the-loop),0,0,
2026-02-16-a983,2026-02-16,PRK,hazard,6,eng;ind,2,Physical (death),,0,0,
2026-02-16-dbaf,2026-02-16,ISR,hazard,4,eng,1,,,0,0,
2026-02-16-e272,2026-02-16,IRN,hazard,4,fas,1,Physical (death);Physical (injury);Public interest,High-action autonomy (human-out-of-the-loop),0,0,
2026-02-16-bab5,2026-02-16,USA,incident,23,eng;ita,2,Human or fundamental rights,,0,1,
2026-02-16-4380,2026-02-16,USA,hazard,17,bul;zho,2,Environmental;Human or fundamental rights;Public interest,Medium-action autonomy (human-on-the-loop),0,0,
2026-02-17-8bd4,2026-02-17,RUS,hazard,0,,0,Economic/Property;Public interest,High-action autonomy (human-out-of-the-loop),0,1,
2026-02-17-2ff0,2026-02-17,USA,incident,9,eng,1,Human or fundamental rights;Economic/Property,Medium-action autonomy (human-on-the-loop),0,0,
2026-02-17-7813,2026-02-17,IRL,incident,266,ara;deu;ell;eng;fra;ita;jpn;nld;por;spa;tur;ukr;zho,13,Human or fundamental rights;Psychological;Reputational,Low-action autonomy (human-in-the-loop),0,0,
2026-02-17-8097,2026-02-17,ESP,incident,214,ara;cat;deu;ell;eng;ita;mkd;por;ron;spa;ukr,11,Psychological;Human or fundamental rights,High-action autonomy (human-out-of-the-loop),0,0,
2026-02-17-441d,2026-02-17,DEU,incident,162,deu;ell;eng;fra;hrv,5,Reputational;Public interest,High-action autonomy (human-out-of-the-loop),0,0,
2026-02-17-5497,2026-02-17,IND,incident,32,eng,1,Public interest,Low-action autonomy (human-in-the-loop),0,0,
2026-02-17-d8a5,2026-02-17,ESP,incident,15,eng;ron,2,Human or fundamental rights;Psychological,High-action autonomy (human-out-of-the-loop),0,0,
2026-02-17-0b1a,2026-02-17,GRC,incident,10,ell,1,Economic/Property,High-action autonomy (human-out-of-the-loop),0,0,
2026-02-17-e195,2026-02-17,IND,hazard,17,eng;fra,2,Physical (death),,0,0,
2026-02-17-2f15,2026-02-17,IND,incident,5,eng,1,Economic/Property,,0,0,
2026-02-17-b825,2026-02-17,ISR,incident,21,ara;eng;tur,3,Human or fundamental rights,,0,0,
2026-02-17-1624,2026-02-17,USA,hazard,16,eng,1,Economic/Property,,0,0,
2026-02-17-cd31,2026-02-17,USA,incident,9,eng,1,Human or fundamental rights;Psychological;Reputational,No-action autonomy (human support),0,0,
2026-02-17-bf53,2026-02-17,ROU,hazard,19,ron,1,Physical (death);Human or fundamental rights;Public interest,High-action autonomy (human-out-of-the-loop),0,0,
2026-02-17-f0a7,2026-02-17,,hazard,17,hrv;pol,2,Human or fundamental rights;Psychological,,0,0,
2026-02-17-597e,2026-02-17,USA,incident,12,eng;spa,2,Physical (injury);Economic/Property,High-action autonomy (human-out-of-the-loop),0,0,
2026-02-17-82aa,2026-02-17,USA,hazard,10,hrv;ron,2,,,0,0,
2026-02-17-8cf6,2026-02-17,GBR,hazard,5,eng,1,Physical (death);Reputational;Public interest,High-action autonomy (human-out-of-the-loop),0,0,
2026-02-17-da7b,2026-02-17,USA,hazard,5,eng,1,Physical (death),High-action autonomy (human-out-of-the-loop),0,0,
2026-02-17-6297,2026-02-17,DEU,incident,14,deu;eng,2,Economic/Property;Psychological,,0,0,
2026-02-17-dcc6,2026-02-17,IND,incident,6,eng,1,,Medium-action autonomy (human-on-the-loop),0,0,
2026-02-17-81b6,2026-02-17,USA,incident,3,eng,1,Economic/Property;Reputational;Psychological,No-action autonomy (human support),0,0,
2026-02-17-0768,2026-02-17,USA,hazard,112,deu;eng;zho,3,Physical (death),High-action autonomy (human-out-of-the-loop),0,0,
2026-02-18-a11c,2026-02-18,USA,incident,54,eng;por;spa,3,Public interest,High-action autonomy (human-out-of-the-loop),0,0,
2026-02-18-43a9,2026-02-18,IRQ,incident,40,ara,1,Reputational;Public interest,,0,0,
2026-02-18-b125,2026-02-18,ROU,incident,32,ron,1,Economic/Property;Reputational,No-action autonomy (human support),0,0,
2026-02-18-fac4,2026-02-18,USA,incident,86,deu;eng;fra;por;spa,5,Human or fundamental rights,Low-action autonomy (human-in-the-loop),0,0,
2026-02-18-53a6,2026-02-18,TUR,incident,19,tur,1,Economic/Property,,0,0,
2026-02-18-a018,2026-02-18,USA,incident,15,eng,1,Economic/Property,Low-action autonomy (human-in-the-loop),0,0,
2026-02-18-3b05,2026-02-18,IRL,incident,10,eng,1,Economic/Property,,0,0,
2026-02-18-9322,2026-02-18,ESP,hazard,7,spa,1,Economic/Property;Public interest,High-action autonomy (human-out-of-the-loop),0,0,
2026-02-18-cfae,2026-02-18,USA,hazard,5,eng,1,Economic/Property,,0,0,
2026-02-18-02ae,2026-02-18,SRB,incident,5,hrv,1,Reputational,No-action autonomy (human support),0,0,
2026-02-18-9e6a,2026-02-18,HRV,incident,4,hrv,1,Psychological,High-action autonomy (human-out-of-the-loop),0,0,
2026-02-18-11b5,2026-02-18,AGO,incident,8,ell;por,2,Human or fundamental rights,High-action autonomy (human-out-of-the-loop),0,0,
2026-02-18-9f5d,2026-02-18,USA,incident,48,eng;fra;por;spa,4,Psychological;Human or fundamental rights,,0,0,
2026-02-18-76f9,2026-02-18,NGA,incident,9,eng,1,Economic/Property,No-action autonomy (human support),0,0,
2026-02-18-2b24,2026-02-18,ESP,incident,8,spa,1,Economic/Property;Reputational;Human or fundamental rights,High-action autonomy (human-out-of-the-loop),0,1,
2026-02-18-6536,2026-02-18,KOR,incident,6,kor,1,,,0,0,
2026-02-18-de7c,2026-02-18,KOR,incident,5,kor,1,,Medium-action autonomy (human-on-the-loop),0,0,
2026-02-18-4a24,2026-02-18,USA,hazard,3,eng,1,Public interest;Human or fundamental rights,High-action autonomy (human-out-of-the-loop),0,0,
2026-02-18-243d,2026-02-18,USA,hazard,3,ind,1,Human or fundamental rights,,0,0,
2026-02-18-05b5,2026-02-18,USA,incident,15,spa;zho,2,Economic/Property,High-action autonomy (human-out-of-the-loop),0,0,
2026-02-18-5a5c,2026-02-18,UKR,incident,22,fra;spa,2,Physical (death);Physical (injury);Economic/Property,High-action autonomy (human-out-of-the-loop),0,0,
2026-02-18-1296,2026-02-18,USA,hazard,6,eng,1,Economic/Property,High-action autonomy (human-out-of-the-loop),0,1,
2026-02-18-1587,2026-02-18,USA,incident,6,zho,1,Public interest,,0,0,
2026-02-18-51ed,2026-02-18,GBR,incident,12,deu;hrv;por,3,Economic/Property,Low-action autonomy (human-in-the-loop),0,0,
2026-02-18-b435,2026-02-18,USA,hazard,5,eng,1,Environmental;Economic/Property,,0,0,
2026-02-18-592c,2026-02-18,,incident,4,eng,1,Economic/Property,High-action autonomy (human-out-of-the-loop),0,0,
2026-02-18-c673,2026-02-18,USA,incident,4,eng,1,Reputational;Psychological,High-action autonomy (human-out-of-the-loop),0,0,
2026-02-18-d9e7,2026-02-18,FRA,hazard,18,por,1,Economic/Property;Human or fundamental rights,Low-action autonomy (human-in-the-loop),0,0,
2026-02-19-6cad,2026-02-19,HUN,incident,20,hun;spa,2,Psychological;Public interest,No-action autonomy (human support),0,0,
2026-02-19-cb68,2026-02-19,DEU,incident,17,deu,1,,Medium-action autonomy (human-on-the-loop),0,0,
2026-02-19-2443,2026-02-19,KOR,incident,9,kor,1,,Medium-action autonomy (human-on-the-loop),0,0,
2026-02-19-2f59,2026-02-19,ARG,incident,85,deu;ell;eng;fra;ita;ron;spa,7,Human or fundamental rights,High-action autonomy (human-out-of-the-loop),0,0,
2026-02-19-57e1,2026-02-19,DEU,hazard,7,deu,1,Public interest;Human or fundamental rights,Low-action autonomy (human-in-the-loop),0,0,
2026-02-19-b0c3,2026-02-19,USA,incident,6,spa,1,Economic/Property;Psychological,High-action autonomy (human-out-of-the-loop),0,0,
2026-02-19-260a,2026-02-19,GBR,hazard,6,eng,1,Economic/Property,,0,0,
2026-02-19-146a,2026-02-19,FRA,incident,12,hrv;ron,2,Human or fundamental rights,Low-action autonomy (human-in-the-loop),0,0,
2026-02-19-bac0,2026-02-19,KOR,incident,91,ara;ell;eng;fra;spa;tur;zho,7,Physical (death);Physical (injury),Low-action autonomy (human-in-the-loop),0,0,
2026-02-19-36a4,2026-02-19,,incident,8,zho,1,Economic/Property,,0,0,
2026-02-19-8840,2026-02-19,IND,hazard,4,spa,1,,,0,0,
2026-02-19-33b8,2026-02-19,USA,incident,4,eng,1,Economic/Property;Human or fundamental rights,High-action autonomy (human-out-of-the-loop),0,0,
2026-02-19-48a3,2026-02-19,GBR,hazard,6,ell,1,Psychological;Human or fundamental rights,,0,0,
2026-02-19-a4ac,2026-02-19,IND,hazard,10,eng,1,Environmental,,0,0,
2026-02-19-5f15,2026-02-19,LVA,incident,3,lav,1,Economic/Property;Psychological,,0,0,
2026-02-19-30ab,2026-02-19,USA,incident,8,eng;ita,2,Physical (death);Human or fundamental rights,Low-action autonomy (human-in-the-loop),0,0,
2026-02-19-0ab7,2026-02-19,USA,incident,5,deu;eng,2,Human or fundamental rights,High-action autonomy (human-out-of-the-loop),0,0,
2026-02-20-224a,2026-02-20,USA,incident,83,eng;kor;spa;zho,4,Physical (death);Physical (injury),Medium-action autonomy (human-on-the-loop),0,0,1686
2026-02-20-210e,2026-02-20,USA,incident,10,eng;kor,2,Psychological,No-action autonomy (human support),0,0,
2026-02-20-b96a,2026-02-20,RUS,incident,0,,0,Human or fundamental rights;Psychological,High-action autonomy (human-out-of-the-loop),0,0,
2026-02-20-c7dc,2026-02-20,GRC,incident,13,ell,1,Economic/Property;Reputational,No-action autonomy (human support),0,0,
2026-02-20-9328,2026-02-20,GBR,hazard,34,eng;spa,2,Human or fundamental rights;Public interest,,0,1,
2026-02-20-e1a7,2026-02-20,POL,hazard,45,eng;por,2,,High-action autonomy (human-out-of-the-loop),0,0,
2026-02-20-e043,2026-02-20,IND,incident,12,eng,1,Reputational;Psychological,No-action autonomy (human support),0,0,
2026-02-20-fae6,2026-02-20,IND,incident,8,eng,1,,Medium-action autonomy (human-on-the-loop),0,0,
2026-02-20-66a3,2026-02-20,USA,incident,6,eng,1,,High-action autonomy (human-out-of-the-loop),0,0,
2026-02-20-4c28,2026-02-20,SVK,hazard,6,slk,1,,,0,0,
2026-02-20-d00b,2026-02-20,HUN,incident,7,hun,1,Psychological;Human or fundamental rights,Low-action autonomy (human-in-the-loop),0,0,
2026-02-20-31fb,2026-02-20,UKR,incident,5,hrv,1,Physical (injury),High-action autonomy (human-out-of-the-loop),0,0,
2026-02-20-8caf,2026-02-20,USA,incident,6,eng,1,Economic/Property,,0,0,
2026-02-20-deda,2026-02-20,ITA,incident,5,ita,1,Human or fundamental rights,High-action autonomy (human-out-of-the-loop),0,0,
2026-02-20-c9cc,2026-02-20,USA,incident,6,eng,1,Reputational,High-action autonomy (human-out-of-the-loop),0,0,
2026-02-20-d77d,2026-02-20,USA,incident,7,kor;ron,2,Psychological;Human or fundamental rights,,0,0,
2026-02-20-5e64,2026-02-20,USA,hazard,4,eng,1,Physical (death);Physical (injury),High-action autonomy (human-out-of-the-loop),0,0,
2026-02-20-1839,2026-02-20,JPN,incident,23,kor;zho,2,Public interest;Reputational,No-action autonomy (human support),0,0,
2026-02-20-f1a4,2026-02-20,UKR,incident,45,eng;spa,2,Physical (death);Psychological,High-action autonomy (human-out-of-the-loop),0,0,
2026-02-20-4505,2026-02-20,GBR,incident,6,eng,1,Human or fundamental rights;Reputational,Low-action autonomy (human-in-the-loop),0,0,
2026-02-20-b185,2026-02-20,GBR,hazard,12,eng;vie,2,Environmental;Economic/Property,,0,0,
2026-02-20-93fd,2026-02-20,CHN,incident,4,spa,1,Reputational,High-action autonomy (human-out-of-the-loop),0,0,
2026-02-20-a834,2026-02-20,AZE,hazard,3,aze,1,Human or fundamental rights;Public interest,No-action autonomy (human support),0,0,
2026-02-20-dd2a,2026-02-20,USA,incident,80,ara;eng;fra;ita;por,5,Economic/Property,High-action autonomy (human-out-of-the-loop),0,0,1442
2026-02-21-fd32,2026-02-21,RUS,incident,0,,0,Economic/Property;Psychological,No-action autonomy (human support),0,0,
2026-02-21-fd44,2026-02-21,CAN,incident,336,ara;deu;eng;fra;hrv;hun;ita;jpn;kor;por;ron;spa;ukr;zho,14,Physical (death),Medium-action autonomy (human-on-the-loop),0,0,1375
2026-02-21-7a67,2026-02-21,IRN,incident,7,fas,1,Human or fundamental rights;Psychological,High-action autonomy (human-out-of-the-loop),0,0,
2026-02-21-9a7a,2026-02-21,TUR,incident,11,tur,1,Economic/Property,,0,0,
2026-02-21-bce1,2026-02-21,PRT,incident,4,por,1,Economic/Property,Low-action autonomy (human-in-the-loop),0,0,
2026-02-21-1032,2026-02-21,USA,incident,10,hrv,1,,High-action autonomy (human-out-of-the-loop),0,0,
2026-02-21-f87d,2026-02-21,MEX,incident,6,spa,1,Psychological;Human or fundamental rights;Public interest,High-action autonomy (human-out-of-the-loop),0,0,
2026-02-21-9182,2026-02-21,RUS,incident,24,eng;jpn,2,Economic/Property;Reputational;Public interest,Low-action autonomy (human-in-the-loop),0,0,
2026-02-21-8977,2026-02-21,IND,hazard,11,eng,1,Physical (death);Public interest;Human or fundamental rights,High-action autonomy (human-out-of-the-loop),0,0,
2026-02-21-54b1,2026-02-21,JPN,hazard,17,zho,1,Other,High-action autonomy (human-out-of-the-loop),0,0,
2026-02-22-861a,2026-02-22,UKR,hazard,0,,0,Physical (death);Physical (injury),High-action autonomy (human-out-of-the-loop),0,0,
2026-02-22-55e5,2026-02-22,USA,hazard,3,zho,1,,High-action autonomy (human-out-of-the-loop),0,0,
2026-02-22-7d29,2026-02-22,FRA,incident,41,ara;ell;eng;fra,4,Economic/Property;Reputational;Human or fundamental rights,,0,0,
2026-02-22-f501,2026-02-22,KOR,hazard,31,kor,1,Economic/Property;Human or fundamental rights;Reputational,,0,1,
2026-02-22-ead5,2026-02-22,USA,incident,26,eng;por,2,Psychological,High-action autonomy (human-out-of-the-loop),0,0,
2026-02-22-b0f5,2026-02-22,USA,hazard,11,zho,1,,No-action autonomy (human support),0,0,
2026-02-22-6bb0,2026-02-22,USA,incident,7,slk,1,Human or fundamental rights;Economic/Property;Psychological,,0,1,
2026-02-22-d83a,2026-02-22,NLD,incident,4,nld,1,Human or fundamental rights,High-action autonomy (human-out-of-the-loop),0,0,
2026-02-22-55b9,2026-02-22,USA,hazard,4,eng,1,Economic/Property;Public interest,Low-action autonomy (human-in-the-loop),0,0,
2026-02-23-738f,2026-02-23,AUS,incident,5,eng,1,Reputational,No-action autonomy (human support),0,0,
2026-02-23-9b90,2026-02-23,USA,incident,51,ara;eng;por;spa,4,Psychological,High-action autonomy (human-out-of-the-loop),0,0,
2026-02-23-5c52,2026-02-23,USA,incident,20,eng,1,Economic/Property,High-action autonomy (human-out-of-the-loop),0,0,
2026-02-23-fb63,2026-02-23,KOR,incident,30,eng;kor;zho,3,Economic/Property,High-action autonomy (human-out-of-the-loop),0,0,
2026-02-23-3e95,2026-02-23,USA,hazard,51,jpn,1,Physical (injury);Economic/Property,No-action autonomy (human support),0,0,
2026-02-23-9944,2026-02-23,KOR,incident,17,kor,1,,High-action autonomy (human-out-of-the-loop),0,0,
2026-02-23-735f,2026-02-23,USA,hazard,15,deu;eng,2,,High-action autonomy (human-out-of-the-loop),0,0,
2026-02-23-f3d1,2026-02-23,GBR,incident,14,eng,1,Human or fundamental rights;Psychological;Reputational,Low-action autonomy (human-in-the-loop),0,0,
2026-02-23-ce89,2026-02-23,USA,incident,12,eng,1,Economic/Property,High-action autonomy (human-out-of-the-loop),0,0,
2026-02-23-92bf,2026-02-23,USA,hazard,26,eng;jpn;por,3,Physical (injury);Physical (death),Medium-action autonomy (human-on-the-loop),0,0,
2026-02-23-c4a6,2026-02-23,IND,incident,13,eng;hin,2,Human or fundamental rights,No-action autonomy (human support),0,0,
2026-02-23-dbaa,2026-02-23,COL,incident,13,spa,1,Economic/Property;Reputational,No-action autonomy (human support),0,0,
2026-02-23-fbc6,2026-02-23,GBR,incident,9,spa,1,Public interest;Reputational,High-action autonomy (human-out-of-the-loop),0,0,
2026-02-23-6897,2026-02-23,USA,hazard,16,ara;ell,2,Economic/Property,High-action autonomy (human-out-of-the-loop),0,0,
2026-02-23-b58d,2026-02-23,CHN,hazard,7,zho,1,Physical (injury);Public interest;Economic/Property,High-action autonomy (human-out-of-the-loop),0,0,
2026-02-23-2263,2026-02-23,GBR,incident,5,eng,1,Economic/Property,No-action autonomy (human support),0,0,
2026-02-23-959f,2026-02-23,USA,hazard,16,eng;spa,2,Physical (death);Physical (injury);Human or fundamental rights,Low-action autonomy (human-in-the-loop),0,0,
2026-02-23-c733,2026-02-23,FRA,incident,5,fra,1,Economic/Property,No-action autonomy (human support),0,0,
2026-02-23-e104,2026-02-23,,hazard,5,eng,1,Public interest,,0,0,
2026-02-23-5ae1,2026-02-23,EGY,hazard,9,ara;eng,2,Economic/Property,,0,0,
2026-02-23-fc06,2026-02-23,BRA,incident,7,por,1,Economic/Property,High-action autonomy (human-out-of-the-loop),0,0,
2026-02-23-5b99,2026-02-23,CHE,hazard,3,deu,1,Human or fundamental rights;Public interest,Medium-action autonomy (human-on-the-loop),0,0,
2026-02-23-558b,2026-02-23,USA,hazard,3,eng,1,Physical (death);Physical (injury),,0,0,
2026-02-23-d1f8,2026-02-23,USA,incident,3,eng,1,Psychological,High-action autonomy (human-out-of-the-loop),0,0,
2026-02-23-9d75,2026-02-23,CAN,incident,8,eng;fra,2,Reputational;Public interest,Low-action autonomy (human-in-the-loop),0,0,
2026-02-23-f664,2026-02-23,,hazard,5,eng,1,Economic/Property;Reputational,,0,0,
2026-02-23-1edc,2026-02-23,USA,hazard,6,eng,1,Physical (injury);Physical (death),High-action autonomy (human-out-of-the-loop),0,0,
2026-02-23-4102,2026-02-23,HKG,incident,3,zho,1,Economic/Property;Human or fundamental rights,,0,0,
2026-02-23-b29a,2026-02-23,DNK,incident,14,eng,1,Psychological,No-action autonomy (human support),0,0,
2026-02-23-35e7,2026-02-23,IND,incident,5,eng,1,Economic/Property;Human or fundamental rights,Low-action autonomy (human-in-the-loop),0,0,
2026-02-23-64aa,2026-02-23,IND,hazard,4,eng,1,,High-action autonomy (human-out-of-the-loop),0,0,
2026-02-23-490f,2026-02-23,GBR,hazard,16,fra;zho,2,Physical (death);Environmental;Public interest,High-action autonomy (human-out-of-the-loop),0,0,
2026-02-23-35fd,2026-02-23,TUR,hazard,4,tur,1,,Medium-action autonomy (human-on-the-loop),0,0,
2026-02-23-5335,2026-02-23,USA,incident,413,ara;deu;ell;eng;fra;ita;jpn;kor;mkd;por;ron;spa;ukr;zho,14,Economic/Property,High-action autonomy (human-out-of-the-loop),0,0,1395
2026-02-23-d55b,2026-02-23,USA,incident,47,eng;fra;jpn;por,4,Economic/Property,High-action autonomy (human-out-of-the-loop),0,1,1542
2026-02-24-5148,2026-02-24,USA,hazard,1,eng,1,Economic/Property,,0,0,
2026-02-24-0cd2,2026-02-24,CHN,hazard,78,ara;eng;spa;zho,4,Public interest,,0,0,
2026-02-24-d067,2026-02-24,KOR,incident,23,kor,1,,High-action autonomy (human-out-of-the-loop),0,0,
2026-02-24-d782,2026-02-24,USA,incident,20,eng,1,Physical (injury);Psychological,Medium-action autonomy (human-on-the-loop),0,0,
2026-02-24-c7b3,2026-02-24,USA,incident,31,eng;kor;spa,3,Economic/Property,Low-action autonomy (human-in-the-loop),0,0,
2026-02-24-acd3,2026-02-24,GRC,incident,17,ell,1,Reputational,No-action autonomy (human support),0,0,
2026-02-24-5542,2026-02-24,USA,hazard,23,eng;hin,2,Economic/Property,,0,0,
2026-02-24-4cab,2026-02-24,USA,hazard,18,kor;por,2,Economic/Property;Public interest,,0,0,
2026-02-24-af7a,2026-02-24,USA,incident,56,eng;fra;ron,3,Physical (injury);Physical (death),No-action autonomy (human support),0,0,
2026-02-24-7b58,2026-02-24,USA,hazard,8,eng,1,Economic/Property,High-action autonomy (human-out-of-the-loop),0,1,
2026-02-24-47e3,2026-02-24,CHN,incident,53,kor;zho,2,Human or fundamental rights;Psychological,High-action autonomy (human-out-of-the-loop),0,0,
2026-02-24-70b5,2026-02-24,BRA,incident,8,por,1,,Medium-action autonomy (human-on-the-loop),0,0,
2026-02-24-ad9c,2026-02-24,IND,incident,7,eng,1,Reputational;Human or fundamental rights,,0,0,
2026-02-24-6844,2026-02-24,GBR,incident,12,eng,1,Psychological;Reputational;Human or fundamental rights,High-action autonomy (human-out-of-the-loop),0,0,
2026-02-24-9f4e,2026-02-24,GBR,incident,8,deu;eng;spa,3,Human or fundamental rights;Psychological,,0,0,
2026-02-24-3de9,2026-02-24,JPN,hazard,8,jpn,1,,,0,0,
2026-02-24-6daf,2026-02-24,USA,incident,4,zho,1,Economic/Property,High-action autonomy (human-out-of-the-loop),0,0,
2026-02-24-f1ab,2026-02-24,BRA,incident,8,por,1,Human or fundamental rights;Public interest;Reputational,Low-action autonomy (human-in-the-loop),0,0,
2026-02-24-6f8d,2026-02-24,USA,hazard,123,bul;eng;fas;fra;spa;ukr;zho,7,Physical (death);Human or fundamental rights;Public interest,,0,0,
2026-02-24-dc56,2026-02-24,KOR,incident,78,eng;kor,2,,Medium-action autonomy (human-on-the-loop),0,0,
2026-02-24-d425,2026-02-24,AUS,incident,51,eng;zho,2,Economic/Property,,0,0,
2026-02-24-0b1e,2026-02-24,USA,hazard,1756,deu;eng;fra;ita;por;spa;tur;ukr;zho,9,Public interest,,0,0,
2026-02-24-10e5,2026-02-24,USA,hazard,8,zho,1,Other,Medium-action autonomy (human-on-the-loop),0,0,
2026-02-24-2871,2026-02-24,IND,incident,6,eng,1,Economic/Property,Low-action autonomy (human-in-the-loop),0,0,
2026-02-24-05ea,2026-02-24,KOR,hazard,5,kor,1,,,0,0,
2026-02-24-893f,2026-02-24,CHN,incident,4,kor,1,Economic/Property;Public interest,,0,0,
2026-02-24-172e,2026-02-24,MYS,incident,23,eng;ind,2,Human or fundamental rights;Reputational,Low-action autonomy (human-in-the-loop),0,0,
2026-02-24-e717,2026-02-24,MEX,incident,3,spa,1,Psychological;Public interest,,0,0,
2026-02-24-c836,2026-02-24,USA,incident,3,ara,1,Reputational,No-action autonomy (human support),0,0,
2026-02-24-ac2a,2026-02-24,,hazard,3,eng,1,Environmental;Economic/Property,,0,0,
2026-02-24-431d,2026-02-24,USA,hazard,0,,0,Human or fundamental rights,High-action autonomy (human-out-of-the-loop),0,0,
2026-02-25-f5cf,2026-02-25,USA,incident,14,eng,1,Economic/Property;Reputational,No-action autonomy (human support),0,0,1680
2026-02-25-bd07,2026-02-25,CHN,incident,169,ara;eng;jpn;kor;spa;zho,6,Human or fundamental rights;Psychological;Public interest,Low-action autonomy (human-in-the-loop),0,0,
2026-02-25-2d63,2026-02-25,GBR,hazard,88,deu;eng;fra;ita;spa;zho,6,Physical (death),High-action autonomy (human-out-of-the-loop),0,0,
2026-02-25-ee29,2026-02-25,POL,incident,16,eng;pol,2,Human or fundamental rights;Public interest,,0,0,
2026-02-25-a95f,2026-02-25,CHN,incident,14,zho,1,Economic/Property,No-action autonomy (human support),0,0,
2026-02-25-0497,2026-02-25,KOR,hazard,12,kor,1,Physical (death);Physical (injury);Human or fundamental rights,High-action autonomy (human-out-of-the-loop),0,0,
2026-02-25-5c2c,2026-02-25,CAN,incident,69,deu;eng;tur,3,Physical (death),No-action autonomy (human support),0,0,1375
2026-02-25-5bba,2026-02-25,TUR,incident,11,tur,1,Public interest,,0,0,
2026-02-25-d504,2026-02-25,USA,incident,19,eng,1,Human or fundamental rights,No-action autonomy (human support),0,0,
2026-02-25-fa1b,2026-02-25,IND,incident,7,eng,1,Reputational;Human or fundamental rights,Low-action autonomy (human-in-the-loop),0,0,
2026-02-25-6b6d,2026-02-25,SGP,incident,6,eng,1,Reputational;Public interest,,0,0,
2026-02-25-5841,2026-02-25,ESP,hazard,6,spa,1,,Medium-action autonomy (human-on-the-loop),0,0,
2026-02-25-d241,2026-02-25,IRN,hazard,4,ara,1,Public interest,No-action autonomy (human support),0,0,
2026-02-25-1d3f,2026-02-25,IND,hazard,3,eng,1,Human or fundamental rights,,0,0,
2026-02-25-9b59,2026-02-25,KOR,incident,22,kor,1,Reputational;Psychological;Public interest,Low-action autonomy (human-in-the-loop),0,0,
2026-02-25-557f,2026-02-25,NZL,hazard,10,eng,1,,High-action autonomy (human-out-of-the-loop),0,0,
2026-02-25-3dad,2026-02-25,GBR,incident,7,eng,1,Human or fundamental rights;Psychological;Reputational,Low-action autonomy (human-in-the-loop),0,0,
2026-02-25-2915,2026-02-25,MYS,incident,7,zho,1,Economic/Property;Reputational;Public interest,No-action autonomy (human support),0,0,
2026-02-25-33fe,2026-02-25,USA,hazard,6,eng,1,,High-action autonomy (human-out-of-the-loop),0,0,
2026-02-25-6fbc,2026-02-25,ITA,hazard,3,ita,1,Economic/Property,,0,0,
2026-02-25-648d,2026-02-25,IND,hazard,4,eng,1,,Medium-action autonomy (human-on-the-loop),0,0,
2026-02-25-3180,2026-02-25,DEU,hazard,11,deu;eng,2,,,0,0,
2026-02-25-4665,2026-02-25,USA,incident,15,deu;fra,2,Reputational,No-action autonomy (human support),0,0,
2026-02-25-e9c6,2026-02-25,MEX,incident,61,eng;ind;spa,3,Human or fundamental rights;Public interest,No-action autonomy (human support),0,0,1430
2026-02-26-ab7e,2026-02-26,RUS,incident,0,,0,Public interest,No-action autonomy (human support),0,0,
2026-02-26-14b8,2026-02-26,USA,incident,28,deu;eng;tur,3,Physical (injury),High-action autonomy (human-out-of-the-loop),0,0,
2026-02-26-3c97,2026-02-26,KOR,hazard,21,eng;kor,2,Public interest,,0,0,
2026-02-26-23fd,2026-02-26,CHN,incident,32,zho,1,Reputational;Human or fundamental rights;Psychological,,0,0,
2026-02-26-975a,2026-02-26,USA,incident,128,bul;eng;fra;ind;jpn;kor;por;ron;vie;zho,10,Economic/Property,High-action autonomy (human-out-of-the-loop),0,0,
2026-02-26-076a,2026-02-26,DEU,incident,11,deu,1,Reputational;Public interest,,0,0,
2026-02-26-1db5,2026-02-26,KOR,incident,26,kor,1,Public interest,,0,0,
2026-02-26-ddbc,2026-02-26,ARE,hazard,20,ara;eng,2,,Low-action autonomy (human-in-the-loop),0,0,
2026-02-26-080a,2026-02-26,GBR,hazard,7,eng,1,Human or fundamental rights;Psychological;Reputational,Low-action autonomy (human-in-the-loop),0,0,
2026-02-26-b036,2026-02-26,ITA,incident,7,ita,1,Economic/Property,,0,0,
2026-02-26-4540,2026-02-26,NLD,incident,10,nld,1,Human or fundamental rights;Psychological,High-action autonomy (human-out-of-the-loop),0,0,
2026-02-26-abd8,2026-02-26,USA,incident,7,eng,1,Psychological,High-action autonomy (human-out-of-the-loop),0,0,
2026-02-26-437b,2026-02-26,AUS,incident,17,eng,1,Economic/Property,High-action autonomy (human-out-of-the-loop),0,0,
2026-02-26-216e,2026-02-26,USA,incident,5,eng,1,Human or fundamental rights;Economic/Property,,0,0,
2026-02-26-c8db,2026-02-26,KOR,hazard,4,kor,1,Physical (death);Physical (injury);Human or fundamental rights,High-action autonomy (human-out-of-the-loop),0,0,
2026-02-26-c5f2,2026-02-26,JOR,hazard,4,ara,1,Public interest,,0,0,
2026-02-26-1c77,2026-02-26,JPN,incident,3,eng,1,Human or fundamental rights;Psychological,Low-action autonomy (human-in-the-loop),0,0,
2026-02-26-7857,2026-02-26,USA,incident,3,eng,1,Human or fundamental rights;Economic/Property,High-action autonomy (human-out-of-the-loop),0,0,
2026-02-26-8ae2,2026-02-26,CHN,incident,13,deu;zho,2,Economic/Property;Reputational;Psychological,,0,0,1408
2026-02-26-2a43,2026-02-26,BGR,incident,5,bul,1,Economic/Property;Reputational,No-action autonomy (human support),0,0,
2026-02-26-2961,2026-02-26,USA,incident,4,eng,1,Economic/Property;Human or fundamental rights,High-action autonomy (human-out-of-the-loop),0,1,
2026-02-26-f451,2026-02-26,USA,hazard,41,deu;ell;fra;ita;zho,5,Human or fundamental rights;Psychological,High-action autonomy (human-out-of-the-loop),0,0,
2026-02-27-2ec2,2026-02-27,BRA,incident,40,fra;por;spa,3,Economic/Property;Human or fundamental rights,No-action autonomy (human support),0,0,
2026-02-27-cd7a,2026-02-27,NLD,hazard,21,deu,1,,High-action autonomy (human-out-of-the-loop),0,0,
2026-02-27-fa75,2026-02-27,NLD,incident,10,nld,1,Economic/Property,,0,0,
2026-02-27-d649,2026-02-27,USA,incident,8,kor,1,Human or fundamental rights,High-action autonomy (human-out-of-the-loop),0,0,
2026-02-27-33f6,2026-02-27,IND,hazard,6,eng,1,Human or fundamental rights,,0,0,
2026-02-27-1495,2026-02-27,USA,incident,7,eng,1,Economic/Property;Human or fundamental rights,,0,0,
2026-02-27-39a0,2026-02-27,FRA,incident,3,fra,1,Reputational;Public interest,No-action autonomy (human support),0,0,
2026-02-27-ca0f,2026-02-27,USA,incident,24,ara;eng;spa,3,Physical (death);Psychological,No-action autonomy (human support),0,0,
2026-02-27-d17a,2026-02-27,IND,hazard,5,eng,1,Physical (injury);Human or fundamental rights,High-action autonomy (human-out-of-the-loop),0,0,
2026-02-27-9c5b,2026-02-27,USA,incident,11,eng,1,Human or fundamental rights,Low-action autonomy (human-in-the-loop),0,0,
2026-02-27-ec4d,2026-02-27,USA,hazard,70,eng;ita;tur;zho,4,Human or fundamental rights;Public interest,,0,0,
2026-02-27-f3a1,2026-02-27,BRA,incident,9,por,1,Human or fundamental rights,No-action autonomy (human support),0,0,
2026-02-27-eece,2026-02-27,SVK,incident,3,slk,1,Physical (injury),High-action autonomy (human-out-of-the-loop),0,0,
2026-02-27-d18f,2026-02-27,SGP,incident,10,eng,1,,High-action autonomy (human-out-of-the-loop),0,0,
2026-02-28-d4ff,2026-02-28,IRN,incident,142,ara;bul;ell;eng;hin;ita;kor;tur;urd,9,Physical (death),,0,0,
2026-02-28-6677,2026-02-28,USA,incident,26,eng;zho,2,Physical (injury);Economic/Property,Medium-action autonomy (human-on-the-loop),0,0,
2026-02-28-59b0,2026-02-28,CHN,incident,6,zho,1,Human or fundamental rights;Psychological,,0,0,
2026-02-28-1a1f,2026-02-28,UKR,incident,33,eng;ukr,2,Physical (injury);Economic/Property,High-action autonomy (human-out-of-the-loop),0,0,
2026-02-28-d62f,2026-02-28,ISR,incident,19,eng,1,Physical (injury),,0,0,
2026-02-28-f264,2026-02-28,EGY,hazard,6,ara,1,Physical (death);Physical (injury);Public interest,,0,0,
2026-02-28-56d9,2026-02-28,USA,incident,3,tur,1,Physical (death);Physical (injury);Human or fundamental rights,,0,0,
2026-02-28-a974,2026-02-28,USA,hazard,65,bul;ell;eng;ind,4,Physical (death),Low-action autonomy (human-in-the-loop),0,0,
2026-03-01-d8a4,2026-03-01,NGA,hazard,13,eng,1,Economic/Property;Human or fundamental rights;Public interest,,0,0,
2026-03-01-476b,2026-03-01,,incident,12,eng,1,Economic/Property;Human or fundamental rights;Reputational,,0,1,
2026-03-01-5519,2026-03-01,IRN,incident,66,ara;zho,2,Physical (death);Public interest,High-action autonomy (human-out-of-the-loop),0,0,
2026-03-01-cd31,2026-03-01,USA,incident,66,eng;zho,2,Physical (death);Physical (injury),High-action autonomy (human-out-of-the-loop),0,0,
2026-03-01-6845,2026-03-01,AUS,hazard,26,eng,1,Psychological,,0,0,
2026-03-01-87e1,2026-03-01,CHN,incident,36,zho,1,Public interest,,0,0,
2026-03-01-a8fc,2026-03-01,NZL,incident,7,eng,1,Public interest;Reputational;Psychological,,0,0,1403
2026-03-01-eeaf,2026-03-01,USA,hazard,9,sqi,1,Public interest;Human or fundamental rights,,0,0,
2026-03-01-322e,2026-03-01,COL,hazard,3,spa,1,,,0,0,
2026-03-01-0936,2026-03-01,USA,incident,3,eng,1,Human or fundamental rights,,0,0,
2026-03-01-5a64,2026-03-01,GBR,incident,7,eng;spa,2,Physical (death);Psychological,High-action autonomy (human-out-of-the-loop),0,0,
2026-03-01-206d,2026-03-01,TWN,incident,23,zho,1,Physical (death);Physical (injury);Economic/Property,Medium-action autonomy (human-on-the-loop),0,0,
2026-03-01-10b8,2026-03-01,USA,incident,5,eng,1,Psychological,High-action autonomy (human-out-of-the-loop),0,0,
2026-03-01-338c,2026-03-01,USA,incident,7,eng,1,Human or fundamental rights,High-action autonomy (human-out-of-the-loop),0,0,
2026-03-02-e01c,2026-03-02,USA,hazard,13,kor,1,Human or fundamental rights;Public interest,,0,0,
2026-03-02-3029,2026-03-02,IND,incident,40,eng;hin,2,Public interest;Reputational,No-action autonomy (human support),0,0,
2026-03-02-f7b2,2026-03-02,KOR,incident,10,kor,1,,High-action autonomy (human-out-of-the-loop),0,0,
2026-03-02-8f18,2026-03-02,IND,incident,10,eng,1,Economic/Property;Human or fundamental rights,No-action autonomy (human support),0,0,
2026-03-02-134b,2026-03-02,BGR,incident,10,bul,1,Economic/Property;Psychological;Human or fundamental rights,No-action autonomy (human support),0,0,
2026-03-02-3408,2026-03-02,USA,incident,5,eng,1,Economic/Property;Psychological;Reputational,Low-action autonomy (human-in-the-loop),0,0,
2026-03-02-9400,2026-03-02,CHN,hazard,5,eng,1,Public interest;Economic/Property,High-action autonomy (human-out-of-the-loop),0,0,
2026-03-02-a21b,2026-03-02,USA,incident,15,eng;por,2,Human or fundamental rights,No-action autonomy (human support),0,0,
2026-03-02-78e2,2026-03-02,IDN,hazard,5,ind,1,Human or fundamental rights,No-action autonomy (human support),0,0,
2026-03-02-4363,2026-03-02,CHN,incident,22,zho,1,Psychological;Human or fundamental rights,Low-action autonomy (human-in-the-loop),0,0,
2026-03-02-9a17,2026-03-02,USA,incident,36,eng,1,Human or fundamental rights;Public interest,Medium-action autonomy (human-on-the-loop),0,0,
2026-03-02-a1fa,2026-03-02,GBR,hazard,7,eng,1,Physical (injury),,0,0,
2026-03-02-ab54,2026-03-02,USA,hazard,7,eng,1,Psychological,High-action autonomy (human-out-of-the-loop),0,0,
2026-03-02-f06a,2026-03-02,FRA,hazard,4,eng,1,Human or fundamental rights,High-action autonomy (human-out-of-the-loop),0,0,
2026-03-02-da7f,2026-03-02,USA,hazard,4,zho,1,Human or fundamental rights;Psychological,High-action autonomy (human-out-of-the-loop),0,0,
2026-03-02-16b3,2026-03-02,FRA,incident,18,fra,1,Economic/Property,No-action autonomy (human support),0,0,
2026-03-02-0f3f,2026-03-02,IRL,incident,8,eng,1,Human or fundamental rights;Psychological,No-action autonomy (human support),0,0,
2026-03-02-b00c,2026-03-02,,incident,5,eng,1,Human or fundamental rights;Public interest,,0,0,
2026-03-02-aa3f,2026-03-02,CYP,incident,19,ell,1,Psychological;Public interest,High-action autonomy (human-out-of-the-loop),0,0,
2026-03-02-71c9,2026-03-02,ZAF,hazard,3,eng,1,Environmental;Public interest,,0,0,
2026-03-02-9b64,2026-03-02,GBR,incident,3,jpn,1,Economic/Property;Human or fundamental rights;Reputational,Low-action autonomy (human-in-the-loop),0,0,
2026-03-02-79be,2026-03-02,CHN,incident,8,zho,1,Economic/Property;Reputational,High-action autonomy (human-out-of-the-loop),0,0,
2026-03-02-bc30,2026-03-02,USA,incident,94,eng,1,Public interest,High-action autonomy (human-out-of-the-loop),0,0,1543
2026-03-03-675f,2026-03-03,NPL,incident,12,eng,1,Public interest,High-action autonomy (human-out-of-the-loop),0,0,
2026-03-03-8b1c,2026-03-03,IRN,incident,84,ara;ell;eng;fas;jpn;spa,6,Physical (death),Medium-action autonomy (human-on-the-loop),0,0,
2026-03-03-3fd7,2026-03-03,USA,incident,10,eng,1,Human or fundamental rights;Economic/Property,High-action autonomy (human-out-of-the-loop),0,1,
2026-03-03-53b9,2026-03-03,ESP,incident,10,spa,1,Psychological;Human or fundamental rights,High-action autonomy (human-out-of-the-loop),0,0,
2026-03-03-cc5b,2026-03-03,KWT,incident,33,eng;spa,2,Physical (death);Physical (injury),High-action autonomy (human-out-of-the-loop),0,0,
2026-03-03-b157,2026-03-03,ESP,incident,25,por;spa,2,Psychological;Human or fundamental rights,Low-action autonomy (human-in-the-loop),0,0,
2026-03-03-8690,2026-03-03,GBR,hazard,6,eng,1,Physical (death);Public interest,High-action autonomy (human-out-of-the-loop),0,0,
2026-03-03-ed82,2026-03-03,USA,incident,6,eng,1,Public interest,No-action autonomy (human support),0,0,
2026-03-03-f3f2,2026-03-03,,incident,10,eng;zho,2,Human or fundamental rights,,0,0,
2026-03-03-595c,2026-03-03,UKR,hazard,0,,0,Physical (death);Physical (injury),High-action autonomy (human-out-of-the-loop),0,0,
2026-03-03-4b05,2026-03-03,ROU,hazard,5,ron,1,Economic/Property,No-action autonomy (human support),0,0,
2026-03-03-880a,2026-03-03,USA,incident,3,eng,1,Reputational;Economic/Property,Low-action autonomy (human-in-the-loop),0,0,1392
2026-03-03-6906,2026-03-03,USA,hazard,8,eng,1,Human or fundamental rights,No-action autonomy (human support),0,0,
2026-03-03-140e,2026-03-03,GBR,hazard,5,eng,1,Human or fundamental rights,Medium-action autonomy (human-on-the-loop),0,0,
2026-03-03-c588,2026-03-03,AUT,incident,4,deu,1,,High-action autonomy (human-out-of-the-loop),0,0,
2026-03-03-ab70,2026-03-03,USA,incident,3,eng,1,Human or fundamental rights;Psychological;Public interest,No-action autonomy (human support),0,0,
2026-03-03-c827,2026-03-03,IRN,incident,21,ell;eng;fra,3,Physical (death);Human or fundamental rights;Public interest,Low-action autonomy (human-in-the-loop),0,0,
2026-03-03-b926,2026-03-03,USA,incident,7,eng,1,Human or fundamental rights,Medium-action autonomy (human-on-the-loop),0,0,
2026-03-03-2676,2026-03-03,KEN,incident,282,ara;deu;ell;eng;fra;ita;por;ron;spa;ukr;vie;zho,12,Human or fundamental rights,,0,0,1418
2026-03-04-0a6f,2026-03-04,RUS,incident,0,,0,Reputational;Human or fundamental rights,No-action autonomy (human support),0,0,
2026-03-04-5052,2026-03-04,USA,hazard,246,ara;deu;ell;eng;fra;ind;ita;por;ron;spa;zho,11,Human or fundamental rights,,0,0,
2026-03-04-bf5c,2026-03-04,IRN,incident,0,,0,Human or fundamental rights,Medium-action autonomy (human-on-the-loop),0,0,
2026-03-04-3ccd,2026-03-04,,incident,6,eng,1,Psychological;Physical (injury);Physical (death),High-action autonomy (human-out-of-the-loop),0,0,
2026-03-04-7187,2026-03-04,BRA,incident,11,por,1,Psychological;Human or fundamental rights,,0,0,
2026-03-04-71c4,2026-03-04,USA,incident,52,ara;eng;fas;ind,4,Physical (death);Human or fundamental rights,,0,0,
2026-03-04-b5b6,2026-03-04,JPN,incident,6,jpn,1,Economic/Property,Low-action autonomy (human-in-the-loop),0,0,
2026-03-04-1349,2026-03-04,GBR,incident,5,eng,1,Reputational;Psychological;Human or fundamental rights,Low-action autonomy (human-in-the-loop),0,0,
2026-03-04-b778,2026-03-04,ROU,hazard,6,ron,1,,High-action autonomy (human-out-of-the-loop),0,0,
2026-03-04-7098,2026-03-04,PRT,incident,6,eng;fra;por,3,Economic/Property;Reputational,,0,0,
2026-03-04-c056,2026-03-04,IRN,incident,52,eng;fra;por,3,Public interest;Psychological,Low-action autonomy (human-in-the-loop),0,0,1406
2026-03-04-f48b,2026-03-04,USA,incident,28,eng;jpn,2,Economic/Property,No-action autonomy (human support),0,0,1415
2026-03-04-ddcb,2026-03-04,BRA,hazard,9,eng;por,2,Physical (injury);Physical (death),,0,0,
2026-03-04-7b56,2026-03-04,USA,hazard,7,jpn,1,Economic/Property;Public interest,High-action autonomy (human-out-of-the-loop),0,1,
2026-03-04-83f2,2026-03-04,IND,hazard,4,eng,1,Public interest,High-action autonomy (human-out-of-the-loop),0,0,
2026-03-04-c40a,2026-03-04,PAK,incident,14,eng;hin,2,Public interest,Low-action autonomy (human-in-the-loop),0,0,
2026-03-04-686d,2026-03-04,,incident,3,eng,1,Reputational;Public interest,Low-action autonomy (human-in-the-loop),0,0,
2026-03-04-a901,2026-03-04,GBR,hazard,5,eng,1,Economic/Property;Public interest;Human or fundamental rights,High-action autonomy (human-out-of-the-loop),0,1,
2026-03-04-9608,2026-03-04,USA,hazard,6,ita,1,Physical (injury);Environmental,Low-action autonomy (human-in-the-loop),0,0,
2026-03-04-a653,2026-03-04,USA,incident,365,ara;eng;fra;hrv;ita;kor;por;spa;ukr;zho,10,Physical (death),High-action autonomy (human-out-of-the-loop),0,0,1431
2026-03-05-f008,2026-03-05,USA,incident,3,zho,1,Economic/Property;Public interest,No-action autonomy (human support),0,0,
2026-03-05-98d6,2026-03-05,NLD,hazard,14,nld,1,Human or fundamental rights;Economic/Property;Psychological,,0,0,
2026-03-05-d06d,2026-03-05,JPN,hazard,4,zho,1,,,0,0,
2026-03-05-7f85,2026-03-05,ITA,incident,5,ita,1,Economic/Property,High-action autonomy (human-out-of-the-loop),0,0,
2026-03-05-e653,2026-03-05,IRN,incident,24,eng;spa,2,Physical (death);Human or fundamental rights,Medium-action autonomy (human-on-the-loop),0,0,
2026-03-05-9a8d,2026-03-05,ZAF,incident,9,eng,1,Economic/Property;Human or fundamental rights,,0,0,
2026-03-05-333e,2026-03-05,ITA,incident,4,ita,1,Human or fundamental rights,,0,0,
2026-03-05-65fb,2026-03-05,,hazard,6,eng;por;spa,3,Public interest;Economic/Property;Physical (injury),,0,0,
2026-03-05-ad9b,2026-03-05,DEU,incident,14,deu,1,,No-action autonomy (human support),0,0,
2026-03-05-1052,2026-03-05,KOR,hazard,8,kor,1,,Medium-action autonomy (human-on-the-loop),0,0,
2026-03-05-da88,2026-03-05,IND,hazard,6,eng,1,,High-action autonomy (human-out-of-the-loop),0,0,
2026-03-05-3b51,2026-03-05,KOR,incident,10,kor,1,,No-action autonomy (human support),0,0,
2026-03-05-d78d,2026-03-05,UKR,incident,13,eng,1,Reputational;Public interest,High-action autonomy (human-out-of-the-loop),0,0,
2026-03-05-1acf,2026-03-05,CHN,hazard,7,zho,1,Human or fundamental rights,,0,0,
2026-03-05-ff76,2026-03-05,USA,hazard,13,ukr,1,,High-action autonomy (human-out-of-the-loop),0,0,
2026-03-05-d822,2026-03-05,IDN,incident,5,ind,1,Economic/Property;Reputational;Human or fundamental rights,High-action autonomy (human-out-of-the-loop),0,0,
2026-03-05-1ac3,2026-03-05,KOR,incident,4,kor,1,,,0,0,
2026-03-06-a549,2026-03-06,USA,incident,3,eng,1,Human or fundamental rights,,0,0,
2026-03-06-2ff4,2026-03-06,USA,hazard,9,spa,1,Physical (death),,0,0,
2026-03-06-3cc3,2026-03-06,USA,hazard,7,eng,1,Physical (death),High-action autonomy (human-out-of-the-loop),0,0,
2026-03-06-d5de,2026-03-06,USA,incident,7,eng,1,Psychological;Public interest,,0,0,
2026-03-06-fe5b,2026-03-06,USA,hazard,5,zho,1,Economic/Property;Public interest,,0,0,
2026-03-06-0b1e,2026-03-06,GBR,incident,5,eng,1,,High-action autonomy (human-out-of-the-loop),0,0,
2026-03-06-8766,2026-03-06,PRK,incident,28,bul;eng;kor,3,Economic/Property;Reputational,,0,0,1421
2026-03-06-3ec2,2026-03-06,ESP,incident,5,spa,1,Economic/Property;Reputational,No-action autonomy (human support),0,0,
2026-03-06-47e2,2026-03-06,GBR,incident,5,eng,1,Psychological;Reputational;Economic/Property,No-action autonomy (human support),0,0,
2026-03-06-d79f,2026-03-06,USA,incident,94,ell;eng;ind;ron;ukr,5,Physical (injury);Physical (death),High-action autonomy (human-out-of-the-loop),0,0,
2026-03-07-9f22,2026-03-07,USA,incident,12,eng,1,Physical (injury);Psychological,High-action autonomy (human-out-of-the-loop),0,0,
2026-03-07-a351,2026-03-07,CHN,incident,9,zho,1,Economic/Property,Low-action autonomy (human-in-the-loop),0,0,
2026-03-07-79ec,2026-03-07,DEU,incident,7,eng,1,Economic/Property;Reputational,High-action autonomy (human-out-of-the-loop),0,0,1424
2026-03-07-757b,2026-03-07,USA,incident,6,eng,1,Human or fundamental rights;Economic/Property,High-action autonomy (human-out-of-the-loop),0,1,
2026-03-07-5ac8,2026-03-07,CHN,incident,10,zho,1,Psychological;Human or fundamental rights,,0,0,
2026-03-07-873b,2026-03-07,USA,hazard,9,eng,1,Environmental,,0,0,
2026-03-07-89fb,2026-03-07,UKR,incident,21,eng;hrv;ron,3,Physical (injury);Physical (death),High-action autonomy (human-out-of-the-loop),0,0,
2026-03-07-95e2,2026-03-07,CHN,incident,30,eng,1,Economic/Property,High-action autonomy (human-out-of-the-loop),0,1,
2026-03-07-6aed,2026-03-07,USA,hazard,5,eng,1,Physical (death);Human or fundamental rights;Public interest,,0,0,
2026-03-07-d8fa,2026-03-07,CHN,incident,19,zho,1,Human or fundamental rights;Public interest,High-action autonomy (human-out-of-the-loop),0,0,
2026-03-07-1684,2026-03-07,USA,incident,29,eng,1,Economic/Property;Human or fundamental rights,High-action autonomy (human-out-of-the-loop),0,0,1402
2026-03-08-ca93,2026-03-08,JPN,hazard,11,jpn,1,Physical (death);Public interest,High-action autonomy (human-out-of-the-loop),0,0,
2026-03-08-f6c0,2026-03-08,USA,hazard,9,eng,1,Environmental;Economic/Property;Public interest,,0,0,
2026-03-08-d7a7,2026-03-08,USA,incident,11,eng,1,Economic/Property,High-action autonomy (human-out-of-the-loop),0,0,
2026-03-08-fb58,2026-03-08,COL,hazard,7,spa,1,Public interest,,0,0,
2026-03-08-8a8d,2026-03-08,SVN,incident,5,slv,1,Psychological;Reputational,High-action autonomy (human-out-of-the-loop),0,0,
2026-03-08-1f8d,2026-03-08,GBR,incident,73,ara;eng;fra,3,Psychological;Reputational;Public interest,,0,0,
2026-03-08-51bc,2026-03-08,GBR,incident,14,eng,1,Economic/Property;Psychological,Low-action autonomy (human-in-the-loop),0,0,
2026-03-08-6b2a,2026-03-08,IND,incident,5,eng,1,Economic/Property;Reputational,No-action autonomy (human support),0,0,
2026-03-08-5a8a,2026-03-08,EGY,incident,5,ara,1,,,0,0,
2026-03-09-296f,2026-03-09,JPN,hazard,89,eng;ita;por;ron;spa;zho,6,,Low-action autonomy (human-in-the-loop),0,0,
2026-03-09-8d03,2026-03-09,USA,incident,60,deu;eng;fra;ind;spa,5,Psychological;Human or fundamental rights,High-action autonomy (human-out-of-the-loop),0,0,1406;1414
2026-03-09-7ae5,2026-03-09,KEN,hazard,19,eng,1,Human or fundamental rights;Economic/Property,High-action autonomy (human-out-of-the-loop),0,0,
2026-03-09-8538,2026-03-09,USA,incident,23,eng,1,Psychological;Human or fundamental rights,Low-action autonomy (human-in-the-loop),0,0,
2026-03-09-f513,2026-03-09,USA,incident,58,deu;eng;zho,3,Physical (injury),High-action autonomy (human-out-of-the-loop),0,0,
2026-03-09-4996,2026-03-09,CHN,incident,16,zho,1,Human or fundamental rights,High-action autonomy (human-out-of-the-loop),0,0,
2026-03-09-ab37,2026-03-09,GBR,incident,25,eng;spa,2,,Medium-action autonomy (human-on-the-loop),0,0,
2026-03-09-2c21,2026-03-09,TUR,incident,9,tur,1,Economic/Property,High-action autonomy (human-out-of-the-loop),0,0,
2026-03-09-b4f9,2026-03-09,USA,incident,8,eng,1,Human or fundamental rights;Reputational,High-action autonomy (human-out-of-the-loop),0,1,1412
2026-03-09-1501,2026-03-09,IND,incident,7,urd,1,Economic/Property,Low-action autonomy (human-in-the-loop),0,0,
2026-03-09-5413,2026-03-09,USA,hazard,6,eng,1,Reputational,High-action autonomy (human-out-of-the-loop),0,0,
2026-03-09-d203,2026-03-09,,hazard,11,eng;ron,2,Human or fundamental rights;Psychological,No-action autonomy (human support),0,0,
2026-03-09-97c7,2026-03-09,CHN,incident,6,zho,1,Economic/Property,High-action autonomy (human-out-of-the-loop),0,0,
2026-03-09-5edf,2026-03-09,USA,incident,5,eng,1,Economic/Property,High-action autonomy (human-out-of-the-loop),0,0,
2026-03-09-bf18,2026-03-09,USA,incident,26,eng,1,Physical (injury);Physical (death),High-action autonomy (human-out-of-the-loop),0,0,
2026-03-09-3df7,2026-03-09,CHN,incident,4,zho,1,Economic/Property;Reputational,Low-action autonomy (human-in-the-loop),0,0,
2026-03-09-c924,2026-03-09,IND,incident,14,eng,1,Economic/Property;Reputational,Medium-action autonomy (human-on-the-loop),0,0,
2026-03-09-13bc,2026-03-09,CYP,incident,11,ell,1,Economic/Property;Public interest,,0,0,
2026-03-09-eb41,2026-03-09,IND,incident,6,eng,1,Reputational,,0,0,
2026-03-09-be22,2026-03-09,IND,incident,7,eng,1,Economic/Property;Reputational;Human or fundamental rights,No-action autonomy (human support),0,0,
2026-03-09-49d9,2026-03-09,USA,incident,18,ara;ron;zho,3,Psychological;Reputational,High-action autonomy (human-out-of-the-loop),0,0,
2026-03-09-700f,2026-03-09,UKR,hazard,5,eng,1,Physical (death);Human or fundamental rights,High-action autonomy (human-out-of-the-loop),0,0,
2026-03-09-9c1e,2026-03-09,DEU,hazard,11,deu,1,Human or fundamental rights,Medium-action autonomy (human-on-the-loop),0,0,
2026-03-09-f612,2026-03-09,USA,hazard,4,eng,1,Physical (injury);Physical (death),No-action autonomy (human support),0,0,
2026-03-09-531b,2026-03-09,SVN,incident,4,slv,1,Reputational;Public interest,,0,0,
2026-03-09-c353,2026-03-09,USA,incident,58,eng,1,Human or fundamental rights;Reputational,Low-action autonomy (human-in-the-loop),0,0,1407
2026-03-09-c060,2026-03-09,IRN,incident,120,ara;eng;ind;spa;vie;zho,6,Psychological;Public interest,Low-action autonomy (human-in-the-loop),0,0,1493
2026-03-09-0d13,2026-03-09,IRN,incident,29,ara;eng;fra,3,Public interest;Reputational,No-action autonomy (human support),0,0,1494
2026-03-10-f105,2026-03-10,CHN,hazard,255,jpn;zho,2,Human or fundamental rights;Economic/Property,,0,1,
2026-03-10-1c9f,2026-03-10,USA,incident,72,eng;fra;spa,3,Economic/Property,High-action autonomy (human-out-of-the-loop),0,1,
2026-03-10-332b,2026-03-10,ISR,incident,24,eng,1,Public interest,Medium-action autonomy (human-on-the-loop),0,0,
2026-03-10-8564,2026-03-10,USA,hazard,12,eng,1,Human or fundamental rights;Psychological,,0,0,
2026-03-10-ffcf,2026-03-10,USA,incident,12,eng,1,,High-action autonomy (human-out-of-the-loop),0,0,
2026-03-10-628e,2026-03-10,KWT,incident,19,eng;hrv,2,Public interest;Reputational,,0,0,
2026-03-10-8353,2026-03-10,IRN,hazard,11,zho,1,Economic/Property,High-action autonomy (human-out-of-the-loop),0,0,
2026-03-10-0beb,2026-03-10,USA,hazard,10,eng,1,Physical (death);Physical (injury);Economic/Property,High-action autonomy (human-out-of-the-loop),0,0,
2026-03-10-114f,2026-03-10,USA,incident,68,ell;eng;fra;ron;tur;zho,6,Physical (death),Medium-action autonomy (human-on-the-loop),0,0,
2026-03-10-fc78,2026-03-10,TWN,incident,9,zho,1,Reputational,Low-action autonomy (human-in-the-loop),0,0,
2026-03-10-052e,2026-03-10,BRA,incident,11,por;spa,2,Physical (injury);Psychological;Human or fundamental rights,High-action autonomy (human-out-of-the-loop),0,0,
2026-03-10-0183,2026-03-10,JPN,hazard,8,jpn,1,,Medium-action autonomy (human-on-the-loop),0,1,
2026-03-10-ef53,2026-03-10,CAN,incident,129,ell;eng;fra;jpn;kor;por;tur,7,Physical (death);Physical (injury),High-action autonomy (human-out-of-the-loop),0,0,1375
2026-03-10-e774,2026-03-10,BGR,hazard,8,bul,1,Physical (death),High-action autonomy (human-out-of-the-loop),0,0,
2026-03-10-38c2,2026-03-10,,incident,20,ell;spa,2,Economic/Property,,0,0,
2026-03-10-2d1c,2026-03-10,CAN,hazard,14,deu;eng,2,Physical (death);Public interest,High-action autonomy (human-out-of-the-loop),0,0,
2026-03-10-27a3,2026-03-10,CHN,incident,7,zho,1,Public interest,Low-action autonomy (human-in-the-loop),0,0,
2026-03-10-148e,2026-03-10,USA,hazard,6,eng,1,,High-action autonomy (human-out-of-the-loop),0,0,
2026-03-10-dd7a,2026-03-10,USA,incident,6,fra,1,Economic/Property,Low-action autonomy (human-in-the-loop),0,0,
2026-03-10-9ad7,2026-03-10,IND,incident,6,eng,1,Economic/Property;Psychological;Human or fundamental rights,No-action autonomy (human support),0,0,
2026-03-10-0332,2026-03-10,USA,incident,5,eng,1,Physical (death),High-action autonomy (human-out-of-the-loop),0,0,
2026-03-10-7d79,2026-03-10,USA,hazard,5,eng,1,Psychological;Human or fundamental rights,,0,0,
2026-03-10-00b4,2026-03-10,ESP,incident,5,tur,1,Human or fundamental rights,High-action autonomy (human-out-of-the-loop),0,0,1389
2026-03-10-0a97,2026-03-10,BRA,incident,5,spa,1,Environmental;Human or fundamental rights,,0,0,
2026-03-10-b6fc,2026-03-10,CHN,incident,5,zho,1,Psychological;Public interest,,0,0,
2026-03-10-3fe8,2026-03-10,USA,hazard,5,eng,1,Environmental;Economic/Property;Public interest,,0,0,
2026-03-10-d51b,2026-03-10,UKR,incident,5,fin,1,Physical (death),High-action autonomy (human-out-of-the-loop),0,0,
2026-03-10-b0b7,2026-03-10,USA,incident,4,eng,1,Economic/Property;Reputational;Human or fundamental rights,High-action autonomy (human-out-of-the-loop),0,1,
2026-03-10-21ff,2026-03-10,USA,incident,4,eng,1,Human or fundamental rights,,0,0,
2026-03-10-dfd4,2026-03-10,IND,incident,4,eng,1,,,0,0,
2026-03-10-9162,2026-03-10,USA,incident,13,zho,1,Economic/Property;Reputational,Low-action autonomy (human-in-the-loop),0,0,
2026-03-10-b3f3,2026-03-10,USA,hazard,12,fra,1,Economic/Property,,0,1,
2026-03-10-e2be,2026-03-10,USA,hazard,8,ita,1,Public interest;Psychological;Human or fundamental rights,High-action autonomy (human-out-of-the-loop),0,1,
2026-03-10-4183,2026-03-10,CHN,hazard,17,deu;fra;por,3,Reputational;Public interest,High-action autonomy (human-out-of-the-loop),0,1,
2026-03-10-4600,2026-03-10,USA,hazard,4,eng,1,,High-action autonomy (human-out-of-the-loop),0,0,
2026-03-10-31d4,2026-03-10,GBR,incident,3,spa,1,Public interest,High-action autonomy (human-out-of-the-loop),0,0,
2026-03-10-c22b,2026-03-10,CHN,incident,3,zho,1,Reputational;Economic/Property;Human or fundamental rights,High-action autonomy (human-out-of-the-loop),0,0,
2026-03-10-9376,2026-03-10,USA,incident,69,ara;eng;ind;spa;vie;zho,6,Physical (death),Low-action autonomy (human-in-the-loop),0,0,
2026-03-10-6447,2026-03-10,,incident,18,deu;spa,2,Psychological;Economic/Property;Human or fundamental rights,,0,0,
2026-03-10-8ef4,2026-03-10,ARE,hazard,16,eng,1,Economic/Property;Public interest,,0,0,
2026-03-10-3a4e,2026-03-10,GBR,incident,6,eng,1,Psychological;Reputational;Public interest,No-action autonomy (human support),0,0,1236;1411
2026-03-10-01aa,2026-03-10,USA,incident,65,eng;spa;zho,3,Economic/Property;Reputational,Low-action autonomy (human-in-the-loop),0,0,1442
2026-03-10-81cd,2026-03-10,USA,incident,22,eng;vie,2,Human or fundamental rights;Psychological,,0,0,1418
2026-03-11-a080,2026-03-11,USA,incident,68,ell;eng;fra;vie;zho,5,Physical (injury);Physical (death),No-action autonomy (human support),0,0,
2026-03-11-dc6b,2026-03-11,IDN,incident,39,ind,1,Reputational;Psychological,,0,0,
2026-03-11-3f67,2026-03-11,ITA,incident,33,ita,1,Economic/Property,High-action autonomy (human-out-of-the-loop),0,0,
2026-03-11-fd6a,2026-03-11,GBR,hazard,32,eng;spa,2,Psychological,High-action autonomy (human-out-of-the-loop),0,0,
2026-03-11-aa2e,2026-03-11,USA,incident,28,ron,1,Physical (death);Physical (injury);Human or fundamental rights,,0,0,
2026-03-11-1a85,2026-03-11,UKR,hazard,14,ukr,1,Physical (injury);Physical (death);Human or fundamental rights,Medium-action autonomy (human-on-the-loop),0,0,
2026-03-11-8241,2026-03-11,CHN,incident,366,vie;zho,2,Economic/Property,High-action autonomy (human-out-of-the-loop),0,0,
2026-03-11-4eb0,2026-03-11,BRA,hazard,14,por,1,Human or fundamental rights,Medium-action autonomy (human-on-the-loop),0,0,
2026-03-11-227c,2026-03-11,USA,hazard,13,eng,1,,,0,0,
2026-03-11-f421,2026-03-11,FRA,incident,12,fra,1,Economic/Property;Reputational,,0,0,
2026-03-11-fcd8,2026-03-11,USA,hazard,19,eng;spa,2,Psychological,,0,0,
2026-03-11-f7c2,2026-03-11,USA,incident,9,eng,1,Psychological;Public interest,Low-action autonomy (human-in-the-loop),0,0,
2026-03-11-567f,2026-03-11,DEU,incident,8,deu,1,Reputational,High-action autonomy (human-out-of-the-loop),0,0,
2026-03-11-c401,2026-03-11,TUR,incident,8,tur,1,Psychological,High-action autonomy (human-out-of-the-loop),0,0,
2026-03-11-b1f2,2026-03-11,GHA,incident,7,eng,1,Economic/Property;Human or fundamental rights,High-action autonomy (human-out-of-the-loop),0,0,
2026-03-11-b083,2026-03-11,CHN,hazard,15,eng;tur,2,Physical (death);Public interest;Human or fundamental rights,High-action autonomy (human-out-of-the-loop),0,0,
2026-03-11-9759,2026-03-11,CAN,hazard,6,eng,1,Physical (death),High-action autonomy (human-out-of-the-loop),0,0,
2026-03-11-3607,2026-03-11,USA,incident,5,eng,1,Economic/Property;Human or fundamental rights,High-action autonomy (human-out-of-the-loop),0,1,
2026-03-11-72dc,2026-03-11,GRC,hazard,5,ell,1,Other,High-action autonomy (human-out-of-the-loop),0,0,
2026-03-11-03e8,2026-03-11,USA,incident,5,eng,1,Reputational;Public interest,No-action autonomy (human support),0,0,1434
2026-03-11-20fe,2026-03-11,GBR,incident,5,eng,1,Psychological;Reputational;Public interest,Low-action autonomy (human-in-the-loop),0,0,
2026-03-11-7702,2026-03-11,CAN,incident,4,eng,1,Reputational;Public interest,,0,0,
2026-03-11-cd14,2026-03-11,IRN,incident,3,hrv,1,Economic/Property;Public interest,High-action autonomy (human-out-of-the-loop),0,0,
2026-03-11-00ae,2026-03-11,IRN,incident,23,eng,1,Physical (injury);Economic/Property,High-action autonomy (human-out-of-the-loop),0,0,
2026-03-11-3ca8,2026-03-11,ARG,incident,3,spa,1,Human or fundamental rights;Public interest;Physical (death),,0,0,
2026-03-12-0d57,2026-03-12,USA,incident,145,deu;eng;fra;por;ron;spa,6,Economic/Property;Psychological;Human or fundamental rights,Low-action autonomy (human-in-the-loop),0,0,1416
2026-03-12-2cfd,2026-03-12,TUR,incident,22,ara;eng,2,Physical (injury);Psychological,No-action autonomy (human support),0,0,
2026-03-12-0f9c,2026-03-12,USA,incident,18,eng;ron,2,Physical (injury),No-action autonomy (human support),0,0,
2026-03-12-c5f8,2026-03-12,USA,hazard,18,eng;ita;spa,3,Human or fundamental rights;Psychological,No-action autonomy (human support),0,0,
2026-03-12-f56b,2026-03-12,USA,incident,106,ara;eng;por;spa;zho,5,Physical (death);Physical (injury);Psychological,No-action autonomy (human support),0,0,1431
2026-03-12-07b5,2026-03-12,UKR,hazard,50,ell;eng;ukr,3,Physical (death);Human or fundamental rights;Public interest,High-action autonomy (human-out-of-the-loop),0,0,
2026-03-12-12d3,2026-03-12,USA,hazard,7,eng,1,Physical (injury);Physical (death),High-action autonomy (human-out-of-the-loop),0,0,
2026-03-12-f0c2,2026-03-12,CHN,incident,8,zho,1,Economic/Property,No-action autonomy (human support),0,0,
2026-03-12-f879,2026-03-12,GBR,hazard,6,por,1,Psychological,High-action autonomy (human-out-of-the-loop),0,0,
2026-03-12-3f6e,2026-03-12,NLD,incident,6,nld,1,Public interest,No-action autonomy (human support),0,0,
2026-03-12-9d40,2026-03-12,UKR,hazard,6,ukr,1,Physical (death);Physical (injury),High-action autonomy (human-out-of-the-loop),0,0,
2026-03-12-19ea,2026-03-12,GBR,hazard,6,fra,1,Physical (injury);Physical (death);Human or fundamental rights,,0,0,
2026-03-12-9ffb,2026-03-12,ITA,incident,5,ita,1,Economic/Property;Public interest,High-action autonomy (human-out-of-the-loop),0,0,
2026-03-12-a01e,2026-03-12,CHN,hazard,4,zho,1,Economic/Property;Human or fundamental rights,,0,1,
2026-03-12-4eb7,2026-03-12,ISR,incident,4,zho,1,Physical (death);Human or fundamental rights,,0,0,
2026-03-12-c3e3,2026-03-12,USA,incident,4,eng,1,Economic/Property,Low-action autonomy (human-in-the-loop),0,0,
2026-03-12-1f85,2026-03-12,USA,hazard,4,eng,1,Psychological,,0,0,
2026-03-12-0f2c,2026-03-12,KOR,incident,4,kor,1,Economic/Property;Reputational,No-action autonomy (human support),0,0,
2026-03-12-2531,2026-03-12,IND,hazard,3,eng,1,,High-action autonomy (human-out-of-the-loop),0,0,
2026-03-12-f5a3,2026-03-12,IDN,incident,4,ind,1,Economic/Property,High-action autonomy (human-out-of-the-loop),0,0,
2026-03-12-db65,2026-03-12,NLD,incident,3,nld,1,Human or fundamental rights;Public interest;Economic/Property,High-action autonomy (human-out-of-the-loop),0,1,
2026-03-13-32a4,2026-03-13,KOR,hazard,34,kor,1,,High-action autonomy (human-out-of-the-loop),0,0,
2026-03-13-07ad,2026-03-13,TWN,incident,31,zho,1,Reputational,Low-action autonomy (human-in-the-loop),0,0,
2026-03-13-8bfc,2026-03-13,USA,hazard,51,eng;hin;ind;spa;tur;zho,6,Human or fundamental rights,,0,0,
2026-03-13-d39c,2026-03-13,JPN,hazard,15,zho,1,Public interest,,0,0,
2026-03-13-b5ca,2026-03-13,UKR,hazard,104,ara;ell;eng;fra;hrv;ron;spa;ukr;zho,9,Physical (injury);Physical (death),Low-action autonomy (human-in-the-loop),0,0,
2026-03-13-ac86,2026-03-13,USA,hazard,26,ara;eng,2,,Medium-action autonomy (human-on-the-loop),0,0,
2026-03-13-df6f,2026-03-13,USA,incident,7,eng,1,Economic/Property;Reputational,High-action autonomy (human-out-of-the-loop),0,0,
2026-03-13-2bce,2026-03-13,USA,incident,6,tur,1,Physical (injury),High-action autonomy (human-out-of-the-loop),0,0,
2026-03-13-f240,2026-03-13,IRN,incident,6,ell,1,Physical (death);Physical (injury);Human or fundamental rights,Medium-action autonomy (human-on-the-loop),0,0,
2026-03-13-95cb,2026-03-13,CHN,incident,13,zho,1,Public interest,Low-action autonomy (human-in-the-loop),0,0,
2026-03-13-13ec,2026-03-13,ITA,hazard,5,tur,1,Physical (injury);Physical (death);Human or fundamental rights,Medium-action autonomy (human-on-the-loop),0,0,
2026-03-13-ddaa,2026-03-13,GBR,hazard,19,deu;ell,2,Psychological;Human or fundamental rights,,0,0,
2026-03-13-c749,2026-03-13,USA,incident,4,eng,1,Human or fundamental rights,Low-action autonomy (human-in-the-loop),0,1,
2026-03-13-9d14,2026-03-13,USA,incident,9,eng,1,Physical (death),High-action autonomy (human-out-of-the-loop),0,0,
2026-03-13-6d94,2026-03-13,CHN,incident,11,zho,1,Economic/Property,High-action autonomy (human-out-of-the-loop),0,0,
2026-03-13-0096,2026-03-13,USA,hazard,10,eng,1,Economic/Property,High-action autonomy (human-out-of-the-loop),0,0,
2026-03-13-d40b,2026-03-13,USA,hazard,34,eng;ron;tur,3,,,0,0,
2026-03-13-710a,2026-03-13,DEU,hazard,15,eng;fra;spa,3,Physical (death);Physical (injury);Human or fundamental rights,High-action autonomy (human-out-of-the-loop),0,0,
2026-03-13-1b37,2026-03-13,,incident,4,eng,1,Economic/Property;Human or fundamental rights,Low-action autonomy (human-in-the-loop),0,0,
2026-03-13-e349,2026-03-13,MAC,incident,13,hrv;ita,2,Psychological,High-action autonomy (human-out-of-the-loop),0,0,
2026-03-13-48ac,2026-03-13,IRN,incident,61,deu;eng;fra;por;spa,5,Physical (death),Low-action autonomy (human-in-the-loop),0,0,1492
2026-03-14-e431,2026-03-14,CHN,incident,187,eng;zho,2,Economic/Property;Public interest,High-action autonomy (human-out-of-the-loop),0,0,
2026-03-14-4367,2026-03-14,TUR,hazard,72,eng;tur,2,Physical (death);Physical (injury),High-action autonomy (human-out-of-the-loop),0,0,
2026-03-14-88b9,2026-03-14,DEU,incident,20,deu,1,Economic/Property;Human or fundamental rights,,0,0,
2026-03-14-41e7,2026-03-14,TUR,hazard,15,tur,1,Physical (death);Human or fundamental rights;Public interest,,0,0,
2026-03-14-fb05,2026-03-14,USA,hazard,20,eng,1,Physical (injury);Physical (death);Public interest,High-action autonomy (human-out-of-the-loop),0,0,
2026-03-14-793b,2026-03-14,CHN,hazard,5,zho,1,Economic/Property,,0,0,
2026-03-14-c8bf,2026-03-14,CHN,incident,4,zho,1,Economic/Property;Reputational,Low-action autonomy (human-in-the-loop),0,0,
2026-03-14-0a50,2026-03-14,USA,incident,451,bul;deu;ell;eng;jpn;mkd;nld;pol;ron;slk;spa;sqi;swe;zho,14,Psychological,High-action autonomy (human-out-of-the-loop),0,0,
2026-03-14-21b6,2026-03-14,MEX,hazard,3,spa,1,,Medium-action autonomy (human-on-the-loop),0,0,
2026-03-14-5b1e,2026-03-14,GBR,incident,21,ara;eng;zho,3,Psychological,High-action autonomy (human-out-of-the-loop),0,0,
2026-03-14-7c06,2026-03-14,USA,incident,14,eng,1,Physical (injury);Psychological,High-action autonomy (human-out-of-the-loop),0,0,
2026-03-15-f424,2026-03-15,AUS,incident,123,ara;eng;fra;hin;por;ron;spa;tur;zho,9,,Low-action autonomy (human-in-the-loop),0,0,
2026-03-15-0d45,2026-03-15,USA,incident,20,por;spa,2,Human or fundamental rights;Public interest,Low-action autonomy (human-in-the-loop),0,0,
2026-03-15-4c82,2026-03-15,AUT,incident,10,spa,1,Economic/Property;Public interest,,0,0,
2026-03-15-8fdf,2026-03-15,IDN,hazard,6,ind,1,Psychological,,0,0,
2026-03-15-68a7,2026-03-15,AUS,hazard,15,eng,1,Economic/Property,No-action autonomy (human support),0,0,
2026-03-15-707c,2026-03-15,TUR,incident,6,tur,1,Public interest,Low-action autonomy (human-in-the-loop),0,0,
2026-03-15-3c83,2026-03-15,USA,hazard,5,zho,1,Environmental,,0,0,1144
2026-03-15-a39b,2026-03-15,CHN,incident,5,eng,1,Psychological,No-action autonomy (human support),0,0,
2026-03-15-2f4e,2026-03-15,CHN,incident,4,zho,1,Physical (injury),Medium-action autonomy (human-on-the-loop),0,0,
2026-03-15-6bfc,2026-03-15,COL,hazard,3,spa,1,Human or fundamental rights,,0,0,
2026-03-15-c7dc,2026-03-15,CHN,incident,18,zho,1,Reputational;Economic/Property,Low-action autonomy (human-in-the-loop),0,0,
2026-03-15-aff8,2026-03-15,CHN,incident,37,vie;zho,2,Economic/Property;Human or fundamental rights;Reputational,High-action autonomy (human-out-of-the-loop),0,1,
2026-03-15-f2a9,2026-03-15,CHN,incident,30,zho,1,Human or fundamental rights;Public interest,,0,0,
2026-03-16-94aa,2026-03-16,HKG,hazard,25,zho,1,Human or fundamental rights;Economic/Property,High-action autonomy (human-out-of-the-loop),0,1,
2026-03-16-5720,2026-03-16,USA,incident,147,deu;ell;eng;fra;hrv;ita;mkd;por;spa;srp;zho,11,Economic/Property,,0,0,
2026-03-16-a965,2026-03-16,USA,hazard,173,eng;fra;ind;kor;spa;zho,6,Physical (death);Psychological,No-action autonomy (human support),0,0,
2026-03-16-4347,2026-03-16,UKR,incident,22,ukr,1,Public interest,High-action autonomy (human-out-of-the-loop),0,0,
2026-03-16-7ccc,2026-03-16,USA,hazard,45,eng;spa,2,Physical (injury);Physical (death),High-action autonomy (human-out-of-the-loop),0,0,
2026-03-16-b773,2026-03-16,GBR,incident,33,eng;por;ron,3,Psychological;Public interest,High-action autonomy (human-out-of-the-loop),0,0,
2026-03-16-e19f,2026-03-16,USA,hazard,46,ara;bul;eng;fas;ind;tur,6,Public interest;Reputational,,0,0,
2026-03-16-fd8b,2026-03-16,CHN,incident,16,zho,1,Psychological,High-action autonomy (human-out-of-the-loop),0,0,
2026-03-16-5f73,2026-03-16,IDN,incident,11,ind,1,Reputational;Public interest,,0,0,
2026-03-16-0841,2026-03-16,IND,incident,13,eng,1,Reputational;Public interest,No-action autonomy (human support),0,0,
2026-03-16-56f6,2026-03-16,CHN,incident,8,zho,1,Economic/Property;Human or fundamental rights,,0,0,
2026-03-16-6b87,2026-03-16,USA,hazard,6,tur,1,Economic/Property;Human or fundamental rights,High-action autonomy (human-out-of-the-loop),0,0,
2026-03-16-facc,2026-03-16,NGA,incident,6,eng,1,Reputational,No-action autonomy (human support),0,0,
2026-03-16-04e5,2026-03-16,KOR,incident,5,kor,1,,Medium-action autonomy (human-on-the-loop),0,0,
2026-03-16-b9cf,2026-03-16,IND,hazard,4,eng,1,Economic/Property,,0,0,
2026-03-16-2713,2026-03-16,BGD,incident,5,eng,1,Physical (injury);Human or fundamental rights;Public interest,High-action autonomy (human-out-of-the-loop),0,0,
2026-03-16-ea09,2026-03-16,USA,incident,193,eng;fra;ita;por;spa;ukr;zho,7,Psychological;Human or fundamental rights,High-action autonomy (human-out-of-the-loop),0,0,
2026-03-16-569f,2026-03-16,CHN,hazard,71,zho,1,Human or fundamental rights,,0,0,
2026-03-16-c177,2026-03-16,USA,hazard,12,eng,1,Economic/Property;Human or fundamental rights,High-action autonomy (human-out-of-the-loop),0,0,
2026-03-16-4b33,2026-03-16,USA,incident,19,eng,1,Psychological;Physical (death),High-action autonomy (human-out-of-the-loop),0,0,
2026-03-16-8147,2026-03-16,FRA,incident,25,fra,1,Economic/Property;Human or fundamental rights,No-action autonomy (human support),0,0,
2026-03-16-a4aa,2026-03-16,BRA,incident,8,por,1,Reputational;Psychological,,0,0,
2026-03-16-5a13,2026-03-16,ISR,hazard,7,ind,1,Reputational;Public interest,,0,0,
2026-03-16-1e5c,2026-03-16,GRC,incident,31,ell,1,Psychological,Low-action autonomy (human-in-the-loop),0,0,
2026-03-16-7a3e,2026-03-16,BRA,incident,5,por,1,Reputational,,0,0,
2026-03-16-21e7,2026-03-16,USA,incident,13,deu;eng;tur,3,Physical (death);Human or fundamental rights,Low-action autonomy (human-in-the-loop),0,0,
2026-03-16-feff,2026-03-16,GBR,incident,43,ara;ell;eng;por,4,Physical (injury),,0,0,
2026-03-16-f051,2026-03-16,USA,incident,7,spa,1,,Medium-action autonomy (human-on-the-loop),0,0,
2026-03-16-4ccf,2026-03-16,CHN,incident,79,zho,1,Economic/Property;Human or fundamental rights,,0,0,
2026-03-16-f43b,2026-03-16,AUS,incident,4,eng,1,Human or fundamental rights;Psychological,High-action autonomy (human-out-of-the-loop),0,0,
2026-03-16-f969,2026-03-16,USA,incident,6,eng,1,Economic/Property,High-action autonomy (human-out-of-the-loop),0,0,
2026-03-16-865f,2026-03-16,BRA,hazard,6,por,1,Public interest,,0,0,
2026-03-16-4dea,2026-03-16,COL,incident,5,spa,1,Economic/Property,No-action autonomy (human support),0,0,
2026-03-16-c7c2,2026-03-16,TWN,hazard,10,zho,1,Human or fundamental rights,High-action autonomy (human-out-of-the-loop),0,0,
2026-03-16-635b,2026-03-16,DEU,incident,5,zho,1,Reputational;Public interest,No-action autonomy (human support),0,0,
2026-03-17-0a99,2026-03-17,UKR,hazard,38,eng;ukr,2,Physical (injury);Human or fundamental rights,High-action autonomy (human-out-of-the-loop),0,0,
2026-03-17-f327,2026-03-17,CAN,hazard,35,deu;eng,2,Physical (death);Physical (injury),High-action autonomy (human-out-of-the-loop),0,0,
2026-03-17-044a,2026-03-17,USA,incident,32,ara;fra;hrv;ind;por,5,Psychological,Low-action autonomy (human-in-the-loop),0,0,
2026-03-17-2273,2026-03-17,USA,incident,8,eng,1,Economic/Property;Reputational;Public interest,Low-action autonomy (human-in-the-loop),0,0,
2026-03-17-a877,2026-03-17,ESP,incident,14,spa,1,Human or fundamental rights;Psychological,Low-action autonomy (human-in-the-loop),0,0,
2026-03-17-def2,2026-03-17,BRA,incident,21,eng;fra;spa,3,Human or fundamental rights,Medium-action autonomy (human-on-the-loop),0,0,
2026-03-17-28a5,2026-03-17,AUS,incident,9,eng,1,Economic/Property;Public interest,,0,0,
2026-03-17-aa52,2026-03-17,ITA,incident,8,ita,1,Reputational;Public interest,No-action autonomy (human support),0,0,
2026-03-17-b5e9,2026-03-17,USA,incident,6,eng,1,Economic/Property;Reputational,No-action autonomy (human support),0,0,
2026-03-17-fce7,2026-03-17,CHN,incident,5,zho,1,Psychological;Public interest;Human or fundamental rights,High-action autonomy (human-out-of-the-loop),0,0,
2026-03-17-447e,2026-03-17,USA,hazard,7,eng,1,,High-action autonomy (human-out-of-the-loop),0,0,
2026-03-17-53c6,2026-03-17,FRA,hazard,5,fra,1,Physical (death);Human or fundamental rights,,0,0,
2026-03-17-fbfc,2026-03-17,UKR,hazard,4,ron,1,Physical (death);Physical (injury);Public interest,High-action autonomy (human-out-of-the-loop),0,0,
2026-03-17-9609,2026-03-17,USA,incident,4,eng,1,Human or fundamental rights,Low-action autonomy (human-in-the-loop),0,0,
2026-03-17-4225,2026-03-17,EGY,hazard,4,ara,1,Physical (injury),Medium-action autonomy (human-on-the-loop),0,0,
2026-03-17-f810,2026-03-17,USA,incident,8,eng,1,Reputational,,0,0,
2026-03-17-91b2,2026-03-17,USA,hazard,21,eng;zho,2,Human or fundamental rights;Public interest;Physical (injury),High-action autonomy (human-out-of-the-loop),0,0,
2026-03-17-6bfc,2026-03-17,USA,incident,3,eng,1,Economic/Property,High-action autonomy (human-out-of-the-loop),0,0,
2026-03-17-a772,2026-03-17,USA,incident,50,ara;eng;kor;spa;zho,5,Economic/Property;Public interest,,0,0,1422
2026-03-17-e859,2026-03-17,NLD,incident,8,nld,1,Economic/Property;Human or fundamental rights,,0,0,
2026-03-17-eef7,2026-03-17,,incident,11,ita;por,2,Psychological;Human or fundamental rights,Medium-action autonomy (human-on-the-loop),0,0,
2026-03-17-d3c6,2026-03-17,GBR,hazard,3,por,1,Physical (death);Physical (injury),,0,0,
2026-03-18-eb49,2026-03-18,USA,incident,13,eng,1,Economic/Property,High-action autonomy (human-out-of-the-loop),0,0,1657
2026-03-18-6b02,2026-03-18,KOR,hazard,16,kor,1,,Medium-action autonomy (human-on-the-loop),0,0,
2026-03-18-bb68,2026-03-18,GBR,incident,8,eng,1,Psychological;Human or fundamental rights,,0,0,
2026-03-18-d427,2026-03-18,TUR,incident,9,tur,1,Economic/Property;Human or fundamental rights,Low-action autonomy (human-in-the-loop),0,0,
2026-03-18-e60b,2026-03-18,USA,incident,6,ara,1,Physical (death);Physical (injury);Human or fundamental rights,High-action autonomy (human-out-of-the-loop),0,0,
2026-03-18-486c,2026-03-18,HUN,hazard,12,hun;pol;ron,3,Public interest;Human or fundamental rights,High-action autonomy (human-out-of-the-loop),0,0,
2026-03-18-7b65,2026-03-18,USA,incident,13,eng,1,Economic/Property;Reputational,,0,0,
2026-03-18-64a4,2026-03-18,ARG,incident,8,spa,1,Psychological;Reputational;Human or fundamental rights,No-action autonomy (human support),0,0,
2026-03-18-47ca,2026-03-18,USA,incident,8,eng,1,Economic/Property,High-action autonomy (human-out-of-the-loop),0,0,
2026-03-18-d0a3,2026-03-18,CHN,incident,27,zho,1,Human or fundamental rights;Economic/Property;Reputational,Low-action autonomy (human-in-the-loop),0,0,
2026-03-18-2a80,2026-03-18,FRA,hazard,8,fra,1,Economic/Property,,0,1,
2026-03-18-6ff5,2026-03-18,CHN,incident,4,zho,1,Economic/Property,,0,0,
2026-03-18-ea71,2026-03-18,USA,incident,14,eng;fra,2,Physical (injury);Economic/Property,Medium-action autonomy (human-on-the-loop),0,0,
2026-03-18-74b1,2026-03-18,USA,incident,8,eng,1,Human or fundamental rights,No-action autonomy (human support),0,0,
2026-03-18-4acf,2026-03-18,GBR,incident,8,eng,1,Human or fundamental rights,Medium-action autonomy (human-on-the-loop),0,0,
2026-03-18-c1f8,2026-03-18,CHN,incident,6,zho,1,Economic/Property;Psychological,,0,0,
2026-03-18-325b,2026-03-18,USA,incident,10,eng,1,Physical (death),Medium-action autonomy (human-on-the-loop),0,0,
2026-03-18-e599,2026-03-18,USA,hazard,5,eng,1,Reputational;Public interest,Low-action autonomy (human-in-the-loop),0,0,
2026-03-18-dc59,2026-03-18,POL,hazard,5,pol,1,Physical (injury);Public interest,High-action autonomy (human-out-of-the-loop),0,0,
2026-03-18-dd26,2026-03-18,USA,incident,4,hrv,1,Economic/Property,High-action autonomy (human-out-of-the-loop),0,0,
2026-03-18-9195,2026-03-18,USA,incident,4,hin;ita,2,Economic/Property,High-action autonomy (human-out-of-the-loop),0,0,
2026-03-18-04fc,2026-03-18,USA,incident,16,zho,1,Public interest,High-action autonomy (human-out-of-the-loop),0,0,
2026-03-18-ca35,2026-03-18,USA,incident,21,ell;por,2,Economic/Property;Psychological,High-action autonomy (human-out-of-the-loop),0,0,
2026-03-18-5219,2026-03-18,USA,hazard,6,eng,1,Economic/Property,,0,0,
2026-03-18-0953,2026-03-18,JPN,incident,3,jpn,1,Economic/Property,High-action autonomy (human-out-of-the-loop),0,0,
2026-03-18-8204,2026-03-18,USA,incident,7,eng,1,Human or fundamental rights;Psychological,Low-action autonomy (human-in-the-loop),0,0,
2026-03-18-8845,2026-03-18,USA,hazard,3,tur,1,Public interest,No-action autonomy (human support),0,0,
2026-03-18-fefc,2026-03-18,USA,incident,110,ara;ell;eng;fra;zho,5,Human or fundamental rights,High-action autonomy (human-out-of-the-loop),0,1,1471
2026-03-19-f82e,2026-03-19,IND,incident,81,eng;hin,2,Reputational;Economic/Property,No-action autonomy (human support),0,0,
2026-03-19-6fe6,2026-03-19,GBR,hazard,64,eng;fra;zho,3,Economic/Property,High-action autonomy (human-out-of-the-loop),0,0,
2026-03-19-e86c,2026-03-19,DEU,incident,150,deu;ell;eng;fra;spa,5,Human or fundamental rights;Psychological,No-action autonomy (human support),0,0,1432
2026-03-19-8737,2026-03-19,USA,incident,69,eng;spa;tur,3,Economic/Property,High-action autonomy (human-out-of-the-loop),0,0,779
2026-03-19-db15,2026-03-19,USA,hazard,82,eng;fra;kor;por;ron;spa;zho,7,Physical (injury);Physical (death),High-action autonomy (human-out-of-the-loop),0,0,
2026-03-19-6a0f,2026-03-19,USA,hazard,33,eng;spa,2,Economic/Property,,0,1,
2026-03-19-7b5e,2026-03-19,IRL,incident,17,eng;nld,2,Reputational;Public interest,Low-action autonomy (human-in-the-loop),0,0,
2026-03-19-3161,2026-03-19,USA,incident,13,eng,1,Physical (injury);Economic/Property,High-action autonomy (human-out-of-the-loop),0,0,
2026-03-19-f438,2026-03-19,USA,incident,5,eng,1,Psychological;Human or fundamental rights,Low-action autonomy (human-in-the-loop),0,0,
2026-03-19-8335,2026-03-19,HRV,incident,5,hrv,1,Economic/Property,,0,0,
2026-03-19-4b62,2026-03-19,CHN,incident,6,eng,1,,Low-action autonomy (human-in-the-loop),0,0,
2026-03-19-1d35,2026-03-19,USA,incident,52,deu;eng;fra;spa;zho,5,Physical (death);Physical (injury),High-action autonomy (human-out-of-the-loop),0,0,
2026-03-19-c296,2026-03-19,HUN,hazard,3,hun,1,Public interest;Human or fundamental rights,,0,0,
2026-03-19-c62a,2026-03-19,,hazard,3,hrv,1,Human or fundamental rights,,0,0,
2026-03-19-d3bd,2026-03-19,USA,hazard,11,hin,1,Human or fundamental rights;Economic/Property;Reputational,Low-action autonomy (human-in-the-loop),0,1,
2026-03-19-8f5e,2026-03-19,USA,hazard,60,eng,1,Human or fundamental rights;Public interest,High-action autonomy (human-out-of-the-loop),0,0,
2026-03-19-3d12,2026-03-19,USA,hazard,10,eng,1,Physical (death);Human or fundamental rights;Public interest,High-action autonomy (human-out-of-the-loop),0,0,
2026-03-20-d7b1,2026-03-20,USA,incident,393,deu;eng;fra;ita;ron;spa;zho,7,Public interest,,0,0,
2026-03-20-dd1f,2026-03-20,ESP,incident,13,spa,1,Human or fundamental rights;Psychological,,0,0,
2026-03-20-8ae4,2026-03-20,USA,hazard,27,eng;spa,2,,High-action autonomy (human-out-of-the-loop),0,0,
2026-03-20-88eb,2026-03-20,CHN,incident,14,zho,1,Economic/Property,Low-action autonomy (human-in-the-loop),0,0,
2026-03-20-8734,2026-03-20,RUS,hazard,13,eng;ron,2,Human or fundamental rights;Public interest,Low-action autonomy (human-in-the-loop),0,0,
2026-03-20-48c2,2026-03-20,IDN,incident,6,ind,1,Reputational,,0,0,
2026-03-20-9231,2026-03-20,USA,incident,71,ara;deu;eng;ron;spa,5,Reputational;Public interest,High-action autonomy (human-out-of-the-loop),0,0,
2026-03-20-5a5f,2026-03-20,USA,incident,6,eng,1,Physical (death);Psychological,High-action autonomy (human-out-of-the-loop),0,0,
2026-03-20-ec2f,2026-03-20,CHN,hazard,13,eng;zho,2,Physical (injury);Physical (death),High-action autonomy (human-out-of-the-loop),0,0,
2026-03-20-160d,2026-03-20,USA,hazard,15,eng;por;spa,3,Environmental;Public interest,,0,0,
2026-03-20-27d6,2026-03-20,ESP,incident,6,spa,1,Economic/Property;Public interest,High-action autonomy (human-out-of-the-loop),0,1,
2026-03-20-d6c8,2026-03-20,USA,incident,8,zho,1,Human or fundamental rights,High-action autonomy (human-out-of-the-loop),0,1,
2026-03-20-88f5,2026-03-20,TWN,incident,4,zho,1,Economic/Property;Psychological,Low-action autonomy (human-in-the-loop),0,0,
2026-03-20-e079,2026-03-20,USA,hazard,43,deu;eng;fra;spa,4,Human or fundamental rights;Reputational;Psychological,High-action autonomy (human-out-of-the-loop),0,0,
2026-03-20-8741,2026-03-20,TUR,incident,5,tur,1,Economic/Property;Reputational;Human or fundamental rights,,0,0,
2026-03-20-fc00,2026-03-20,UKR,incident,5,ukr,1,Public interest,Low-action autonomy (human-in-the-loop),0,0,
2026-03-20-feb6,2026-03-20,USA,incident,3,eng,1,Economic/Property;Human or fundamental rights,No-action autonomy (human support),0,0,1449
2026-03-21-6e9a,2026-03-21,DEU,hazard,51,ara;deu,2,Economic/Property,,0,0,
2026-03-21-4306,2026-03-21,VEN,hazard,14,spa,1,Human or fundamental rights,High-action autonomy (human-out-of-the-loop),0,0,
2026-03-21-8b2e,2026-03-21,USA,incident,9,eng,1,Reputational;Public interest,High-action autonomy (human-out-of-the-loop),0,0,
2026-03-21-ac3c,2026-03-21,USA,incident,17,eng,1,Psychological,High-action autonomy (human-out-of-the-loop),0,0,
2026-03-21-48eb,2026-03-21,CZE,incident,3,ron,1,,,0,0,
2026-03-21-1cda,2026-03-21,IND,incident,9,eng,1,Reputational;Public interest,No-action autonomy (human support),0,0,
2026-03-21-a1e5,2026-03-21,ITA,incident,6,ita,1,,No-action autonomy (human support),0,0,
2026-03-21-5e30,2026-03-21,USA,incident,5,eng,1,Economic/Property;Psychological,High-action autonomy (human-out-of-the-loop),0,0,
2026-03-21-2e37,2026-03-21,SWE,incident,13,eng;spa,2,Economic/Property;Reputational,High-action autonomy (human-out-of-the-loop),0,0,
2026-03-21-2c77,2026-03-21,IND,hazard,4,hin,1,Public interest;Economic/Property,High-action autonomy (human-out-of-the-loop),0,1,
2026-03-21-e58e,2026-03-21,ISR,incident,4,eng,1,,Medium-action autonomy (human-on-the-loop),0,0,
2026-03-22-955e,2026-03-22,TWN,hazard,40,zho,1,,,0,0,
2026-03-22-ea58,2026-03-22,FRA,incident,462,ara;deu;ell;eng;fra;hrv;ita;por;ron;slk;spa;sqi;tur;ukr;zho,15,Human or fundamental rights;Reputational,Low-action autonomy (human-in-the-loop),0,0,
2026-03-22-c708,2026-03-22,CHN,incident,8,zho,1,Economic/Property;Human or fundamental rights,High-action autonomy (human-out-of-the-loop),0,1,
2026-03-22-f1c2,2026-03-22,DEU,incident,72,deu;ell;fra;ita;por;spa,6,Human or fundamental rights;Psychological;Reputational,Low-action autonomy (human-in-the-loop),0,0,1432
2026-03-22-5a0f,2026-03-22,DEU,incident,18,deu,1,Economic/Property,,0,0,
2026-03-22-3fa6,2026-03-22,GBR,incident,10,eng;por,2,Psychological;Human or fundamental rights,Low-action autonomy (human-in-the-loop),0,0,
2026-03-22-ee08,2026-03-22,IND,incident,5,eng,1,Psychological,Low-action autonomy (human-in-the-loop),0,0,
2026-03-22-fbc7,2026-03-22,USA,hazard,30,ara;jpn;swe;tur,4,Human or fundamental rights,,0,0,
2026-03-22-1bde,2026-03-22,TWN,hazard,15,zho,1,Human or fundamental rights;Economic/Property,High-action autonomy (human-out-of-the-loop),0,1,
2026-03-22-52dc,2026-03-22,CHN,incident,6,zho,1,Human or fundamental rights;Economic/Property;Reputational,No-action autonomy (human support),0,0,
2026-03-22-e28c,2026-03-22,IND,hazard,4,eng,1,Reputational,,0,0,
2026-03-22-625f,2026-03-22,BIH,incident,3,eng,1,Economic/Property;Public interest,,0,0,
2026-03-23-a4ea,2026-03-23,USA,incident,1708,bul;cat;deu;eng;fra;ita;por;spa;sqi;tur;ukr;zho,12,Psychological,High-action autonomy (human-out-of-the-loop),0,0,
2026-03-23-1695,2026-03-23,AUS,incident,8,eng,1,Psychological,High-action autonomy (human-out-of-the-loop),0,0,
2026-03-23-24ce,2026-03-23,USA,hazard,16,eng,1,Other,Medium-action autonomy (human-on-the-loop),0,0,
2026-03-23-d7db,2026-03-23,USA,incident,6,eng,1,Economic/Property;Public interest,,0,0,
2026-03-23-249e,2026-03-23,CHN,incident,22,zho,1,Reputational;Economic/Property,High-action autonomy (human-out-of-the-loop),0,0,
2026-03-23-fbfd,2026-03-23,IND,incident,10,eng,1,Reputational;Human or fundamental rights,Low-action autonomy (human-in-the-loop),0,0,
2026-03-23-a691,2026-03-23,NGA,hazard,9,eng,1,Human or fundamental rights,High-action autonomy (human-out-of-the-loop),0,0,
2026-03-23-bac6,2026-03-23,,hazard,9,spa,1,Economic/Property;Human or fundamental rights,,0,0,
2026-03-23-4424,2026-03-23,TWN,incident,5,zho,1,Public interest,,0,0,
2026-03-23-7ec9,2026-03-23,ESP,hazard,5,spa,1,Physical (injury),No-action autonomy (human support),0,0,
2026-03-23-34ab,2026-03-23,AZE,incident,8,aze,1,Psychological;Public interest,,0,0,
2026-03-23-4a38,2026-03-23,CHN,incident,22,eng;vie;zho,3,Physical (injury),High-action autonomy (human-out-of-the-loop),0,0,
2026-03-23-ff4b,2026-03-23,CAN,incident,4,eng,1,Physical (injury),Medium-action autonomy (human-on-the-loop),0,0,
2026-03-23-6a8b,2026-03-23,HKG,incident,5,zho,1,Human or fundamental rights;Psychological;Reputational,Low-action autonomy (human-in-the-loop),0,0,
2026-03-23-e7a4,2026-03-23,USA,incident,31,eng,1,Psychological;Human or fundamental rights,Low-action autonomy (human-in-the-loop),0,0,
2026-03-23-c81c,2026-03-23,AUS,incident,5,ron,1,Human or fundamental rights;Reputational;Economic/Property,No-action autonomy (human support),0,0,
2026-03-23-b17c,2026-03-23,USA,incident,5,eng,1,Economic/Property,High-action autonomy (human-out-of-the-loop),0,0,
2026-03-23-1b97,2026-03-23,USA,hazard,19,eng,1,Human or fundamental rights,High-action autonomy (human-out-of-the-loop),0,0,
2026-03-23-d03a,2026-03-23,USA,hazard,8,eng,1,Economic/Property;Public interest,High-action autonomy (human-out-of-the-loop),0,0,
2026-03-23-6ecb,2026-03-23,CHN,incident,6,zho,1,Human or fundamental rights;Economic/Property;Reputational,,0,0,
2026-03-23-9ef5,2026-03-23,BRA,hazard,75,deu;fra;ita;por;spa,5,Human or fundamental rights,High-action autonomy (human-out-of-the-loop),0,0,
2026-03-23-5a61,2026-03-23,CHN,hazard,5,spa,1,Physical (death);Physical (injury);Public interest,High-action autonomy (human-out-of-the-loop),0,0,
2026-03-23-9720,2026-03-23,SVN,incident,5,slv,1,Reputational,No-action autonomy (human support),0,0,
2026-03-24-ed03,2026-03-24,USA,incident,14,eng,1,Economic/Property,High-action autonomy (human-out-of-the-loop),0,0,1657
2026-03-24-e976,2026-03-24,USA,incident,25,eng;spa,2,Physical (injury),High-action autonomy (human-out-of-the-loop),0,0,
2026-03-24-9cf2,2026-03-24,USA,incident,30,eng,1,Psychological;Reputational;Human or fundamental rights,High-action autonomy (human-out-of-the-loop),0,0,
2026-03-24-3f76,2026-03-24,ROU,incident,14,ron,1,Public interest;Reputational;Economic/Property,,0,0,
2026-03-24-fe96,2026-03-24,GRC,incident,14,ell,1,Reputational,Low-action autonomy (human-in-the-loop),0,0,
2026-03-24-d02a,2026-03-24,USA,hazard,11,eng,1,Physical (injury);Physical (death),High-action autonomy (human-out-of-the-loop),0,0,
2026-03-24-0266,2026-03-24,USA,incident,33,eng;spa;zho,3,Physical (injury);Economic/Property,High-action autonomy (human-out-of-the-loop),0,0,
2026-03-24-a72a,2026-03-24,GBR,incident,8,eng,1,Human or fundamental rights;Psychological,,0,0,
2026-03-24-ef76,2026-03-24,CYP,incident,7,ell,1,Human or fundamental rights;Psychological,Low-action autonomy (human-in-the-loop),0,0,
2026-03-24-ac82,2026-03-24,USA,hazard,6,deu,1,Economic/Property;Reputational,High-action autonomy (human-out-of-the-loop),0,1,
2026-03-24-a788,2026-03-24,ISR,incident,6,eng,1,Public interest,,0,1,
2026-03-24-c852,2026-03-24,TWN,incident,4,zho,1,Economic/Property,No-action autonomy (human support),0,0,
2026-03-24-0d9f,2026-03-24,SVK,incident,5,slk,1,Economic/Property,,0,0,
2026-03-24-b540,2026-03-24,USA,hazard,30,ara;eng;zho,3,Physical (death);Physical (injury);Public interest,High-action autonomy (human-out-of-the-loop),0,0,
2026-03-24-51a2,2026-03-24,GBR,hazard,6,eng,1,Economic/Property;Reputational,Low-action autonomy (human-in-the-loop),0,0,
2026-03-24-ca8f,2026-03-24,,incident,4,eng,1,Economic/Property;Human or fundamental rights,,0,1,
2026-03-24-254e,2026-03-24,USA,incident,215,ara;deu;eng;fas;fra;hin;hun;kor;lit;spa;tur;vie,12,Psychological,High-action autonomy (human-out-of-the-loop),0,0,
2026-03-24-d568,2026-03-24,CHN,incident,8,eng;vie,2,Physical (injury),Medium-action autonomy (human-on-the-loop),0,0,
2026-03-24-3e15,2026-03-24,USA,incident,6,eng,1,Reputational;Public interest;Economic/Property,Low-action autonomy (human-in-the-loop),0,0,
2026-03-24-bf24,2026-03-24,AUS,incident,18,eng;fra,2,Economic/Property,High-action autonomy (human-out-of-the-loop),0,0,
2026-03-24-b899,2026-03-24,USA,hazard,3,eng,1,,High-action autonomy (human-out-of-the-loop),0,0,
2026-03-24-c0ad,2026-03-24,MNE,incident,6,hrv,1,Reputational;Public interest,,0,0,
2026-03-24-5b2c,2026-03-24,USA,incident,57,eng;spa,2,Public interest,High-action autonomy (human-out-of-the-loop),0,0,
2026-03-24-d861,2026-03-24,USA,incident,27,eng,1,Economic/Property,High-action autonomy (human-out-of-the-loop),0,0,1567;1568
2026-03-25-50f5,2026-03-25,USA,hazard,55,eng,1,Environmental;Economic/Property;Public interest,,0,0,
2026-03-25-1f18,2026-03-25,KOR,hazard,25,eng;kor,2,Physical (death);Physical (injury);Human or fundamental rights,,0,0,
2026-03-25-31bb,2026-03-25,USA,incident,26,eng;zho,2,Public interest,,0,0,
2026-03-25-8410,2026-03-25,TUR,hazard,13,tur,1,Public interest;Reputational,,0,0,
2026-03-25-46b3,2026-03-25,DEU,hazard,14,eng;ron,2,Physical (death);Physical (injury),Medium-action autonomy (human-on-the-loop),0,0,
2026-03-25-b062,2026-03-25,UKR,hazard,8,ukr,1,Physical (death);Physical (injury),High-action autonomy (human-out-of-the-loop),0,0,
2026-03-25-3913,2026-03-25,DEU,incident,6,deu,1,Psychological;Human or fundamental rights,,0,0,
2026-03-25-d840,2026-03-25,ITA,incident,4,ita,1,,High-action autonomy (human-out-of-the-loop),0,0,
2026-03-25-fc08,2026-03-25,TUR,incident,5,tur,1,Human or fundamental rights,High-action autonomy (human-out-of-the-loop),0,1,
2026-03-25-374f,2026-03-25,USA,incident,105,ara;ces;dan;deu;ell;eng;hrv;hun;ita;por;spa;zho,12,Psychological,High-action autonomy (human-out-of-the-loop),0,0,
2026-03-25-07a1,2026-03-25,USA,incident,134,cat;deu;eng;fra;ind;lav;srp;tur;ukr,9,Psychological,High-action autonomy (human-out-of-the-loop),0,0,
2026-03-25-9950,2026-03-25,GBR,incident,3,spa,1,Physical (death),No-action autonomy (human support),0,0,
2026-03-25-2b04,2026-03-25,ESP,incident,5,eng;zho,2,Physical (injury),No-action autonomy (human support),0,0,
2026-03-25-96b8,2026-03-25,GBR,incident,7,eng,1,Human or fundamental rights;Reputational;Economic/Property,,0,0,
2026-03-25-c38a,2026-03-25,BRA,incident,7,por,1,Human or fundamental rights,Low-action autonomy (human-in-the-loop),0,0,
2026-03-25-2bf2,2026-03-25,IND,hazard,5,eng,1,,High-action autonomy (human-out-of-the-loop),0,0,
2026-03-25-b046,2026-03-25,USA,hazard,4,eng,1,Human or fundamental rights;Economic/Property,High-action autonomy (human-out-of-the-loop),0,0,
2026-03-25-7f0e,2026-03-25,CHN,incident,3,zho,1,Psychological;Human or fundamental rights,Low-action autonomy (human-in-the-loop),0,0,
2026-03-26-e99a,2026-03-26,USA,hazard,29,deu;por,2,Human or fundamental rights;Public interest,,0,0,
2026-03-26-4dd1,2026-03-26,IND,incident,47,eng;hin,2,Reputational;Public interest,Low-action autonomy (human-in-the-loop),0,0,
2026-03-26-4162,2026-03-26,SGP,hazard,11,eng,1,Economic/Property,High-action autonomy (human-out-of-the-loop),0,1,
2026-03-26-e64a,2026-03-26,USA,incident,80,eng;fra;heb;pol;por;spa;urd,7,Psychological;Human or fundamental rights,High-action autonomy (human-out-of-the-loop),0,0,
2026-03-26-2b3e,2026-03-26,FRA,incident,31,fra;tur,2,Psychological;Human or fundamental rights,High-action autonomy (human-out-of-the-loop),0,0,
2026-03-26-1858,2026-03-26,NLD,incident,41,eng;nld,2,Human or fundamental rights;Psychological;Reputational,High-action autonomy (human-out-of-the-loop),0,0,
2026-03-26-30fa,2026-03-26,DEU,hazard,9,deu,1,Physical (injury),Low-action autonomy (human-in-the-loop),0,0,
2026-03-26-758b,2026-03-26,CHN,hazard,5,fra,1,Economic/Property;Reputational,Low-action autonomy (human-in-the-loop),0,0,
2026-03-26-c20c,2026-03-26,IND,incident,44,eng;hin,2,Reputational,,0,0,
2026-03-26-2223,2026-03-26,USA,hazard,21,por;ron;spa,3,Reputational,Low-action autonomy (human-in-the-loop),0,0,
2026-03-26-c752,2026-03-26,USA,incident,37,eng;ron;spa,3,Psychological;Economic/Property;Human or fundamental rights,High-action autonomy (human-out-of-the-loop),0,1,
2026-03-26-cbeb,2026-03-26,ESP,incident,6,spa,1,Reputational;Public interest;Human or fundamental rights,No-action autonomy (human support),0,0,
2026-03-26-1327,2026-03-26,CZE,incident,10,ces,1,Reputational,No-action autonomy (human support),0,0,
2026-03-26-e1fc,2026-03-26,KOR,incident,6,kor,1,Physical (injury);Human or fundamental rights;Reputational,No-action autonomy (human support),0,0,
2026-03-26-a133,2026-03-26,FRA,hazard,7,fra,1,Physical (injury);Economic/Property,High-action autonomy (human-out-of-the-loop),0,0,
2026-03-26-6a0f,2026-03-26,CHN,incident,15,zho,1,Economic/Property;Human or fundamental rights,High-action autonomy (human-out-of-the-loop),0,1,
2026-03-26-5f10,2026-03-26,USA,incident,26,eng;por,2,Psychological,High-action autonomy (human-out-of-the-loop),0,0,
2026-03-26-0081,2026-03-26,,hazard,11,fra,1,Psychological,High-action autonomy (human-out-of-the-loop),0,0,
2026-03-26-3ea2,2026-03-26,USA,hazard,6,eng,1,Public interest;Human or fundamental rights,High-action autonomy (human-out-of-the-loop),0,0,
2026-03-26-ce0b,2026-03-26,USA,incident,7,eng,1,Psychological;Human or fundamental rights;Public interest,High-action autonomy (human-out-of-the-loop),0,0,
2026-03-26-03a9,2026-03-26,PRT,incident,5,por,1,Economic/Property;Reputational;Human or fundamental rights,No-action autonomy (human support),0,0,
2026-03-26-87b1,2026-03-26,HRV,hazard,30,ell;eng;fra;ron;spa,5,,High-action autonomy (human-out-of-the-loop),0,0,
2026-03-26-93ee,2026-03-26,NLD,incident,16,fra;sqi,2,Psychological;Human or fundamental rights,,0,0,
2026-03-27-b601,2026-03-27,CHN,hazard,14,zho,1,Public interest,,0,0,
2026-03-27-2510,2026-03-27,CHN,incident,33,eng;kor;zho,3,Physical (death);Physical (injury);Human or fundamental rights,High-action autonomy (human-out-of-the-loop),0,0,
2026-03-27-88ef,2026-03-27,GBR,incident,11,eng;fra,2,Psychological;Human or fundamental rights;Reputational,Low-action autonomy (human-in-the-loop),0,0,
2026-03-27-e761,2026-03-27,IRL,incident,5,eng,1,Reputational;Public interest,No-action autonomy (human support),0,0,
2026-03-27-15e4,2026-03-27,USA,incident,60,ara;ind;jpn;por;ron;spa;zho,7,Psychological,No-action autonomy (human support),0,0,
2026-03-27-1045,2026-03-27,POL,incident,5,pol,1,Psychological;Reputational;Human or fundamental rights,,0,0,
2026-03-27-53fd,2026-03-27,USA,hazard,143,eng;fra;zho,3,Economic/Property;Public interest,Low-action autonomy (human-in-the-loop),0,0,
2026-03-27-9575,2026-03-27,USA,hazard,4,eng,1,,No-action autonomy (human support),0,0,
2026-03-27-2993,2026-03-27,USA,incident,5,eng,1,Physical (death),High-action autonomy (human-out-of-the-loop),0,0,
2026-03-27-d6bd,2026-03-27,DEU,hazard,8,deu,1,Human or fundamental rights;Psychological,Low-action autonomy (human-in-the-loop),0,0,
2026-03-27-e138,2026-03-27,LTU,incident,4,lit,1,Economic/Property,,0,0,
2026-03-27-ccd9,2026-03-27,IND,incident,10,eng,1,Public interest,No-action autonomy (human support),0,0,
2026-03-28-e35c,2026-03-28,DEU,hazard,10,deu,1,Human or fundamental rights,,0,0,
2026-03-28-b14f,2026-03-28,USA,incident,8,eng,1,Reputational;Public interest,No-action autonomy (human support),0,0,
2026-03-28-e95c,2026-03-28,USA,hazard,6,eng,1,Reputational,No-action autonomy (human support),0,0,
2026-03-28-f88c,2026-03-28,KOR,incident,25,kor,1,Economic/Property,,0,0,
2026-03-28-7ab7,2026-03-28,CHN,incident,10,zho,1,Psychological;Human or fundamental rights;Reputational,,0,0,
2026-03-28-1bd1,2026-03-28,BEL,incident,27,bul;deu;fra;nld,4,Reputational;Psychological,No-action autonomy (human support),0,0,
2026-03-28-2bc5,2026-03-28,TWN,incident,8,zho,1,Economic/Property;Reputational,High-action autonomy (human-out-of-the-loop),0,1,
2026-03-28-18d3,2026-03-28,CHN,incident,20,eng;zho,2,Human or fundamental rights;Economic/Property,,0,1,
2026-03-28-c14c,2026-03-28,SGP,incident,3,eng,1,Economic/Property;Psychological,No-action autonomy (human support),0,0,
2026-03-28-2caf,2026-03-28,JPN,hazard,3,vie,1,Reputational;Public interest,No-action autonomy (human support),0,0,
2026-03-29-0066,2026-03-29,DEU,incident,10,deu,1,,Medium-action autonomy (human-on-the-loop),0,0,
2026-03-29-cb0f,2026-03-29,BGR,hazard,4,bul,1,Public interest;Human or fundamental rights,,0,0,
2026-03-29-41e7,2026-03-29,DEU,hazard,3,deu,1,Human or fundamental rights;Public interest,,0,0,
2026-03-29-4f51,2026-03-29,GBR,incident,58,eng;hin;ita;por;ron,5,Environmental,,0,0,
2026-03-29-6c97,2026-03-29,EGY,incident,5,ara,1,Reputational;Psychological;Human or fundamental rights,No-action autonomy (human support),0,0,
2026-03-29-b88b,2026-03-29,CHN,hazard,21,eng;zho,2,Physical (death);Physical (injury),High-action autonomy (human-out-of-the-loop),0,0,
2026-03-29-abe0,2026-03-29,USA,incident,10,eng;ita,2,Economic/Property,,0,0,
2026-03-29-0fde,2026-03-29,POL,hazard,5,pol,1,Physical (injury);Human or fundamental rights;Public interest,,0,0,
2026-03-29-970b,2026-03-29,USA,hazard,31,eng;kor,2,Physical (death);Physical (injury),Low-action autonomy (human-in-the-loop),0,0,
2026-03-29-e304,2026-03-29,CHN,hazard,19,zho,1,Economic/Property,Low-action autonomy (human-in-the-loop),0,1,
2026-03-30-5052,2026-03-30,FRA,hazard,13,eng;fra,2,Physical (death);Human or fundamental rights,High-action autonomy (human-out-of-the-loop),0,0,
2026-03-30-d005,2026-03-30,USA,incident,6,spa,1,Economic/Property;Reputational,High-action autonomy (human-out-of-the-loop),0,0,
2026-03-30-94c6,2026-03-30,USA,incident,7,eng,1,Reputational;Psychological;Human or fundamental rights,No-action autonomy (human support),0,0,
2026-03-30-d6bb,2026-03-30,GRC,incident,100,ell;mkd,2,Economic/Property,High-action autonomy (human-out-of-the-loop),0,0,
2026-03-30-392a,2026-03-30,USA,incident,30,eng,1,Human or fundamental rights,,0,0,
2026-03-30-87b8,2026-03-30,GBR,incident,11,eng,1,Economic/Property,No-action autonomy (human support),0,0,
2026-03-30-9580,2026-03-30,USA,hazard,10,eng,1,Physical (injury);Human or fundamental rights;Public interest,High-action autonomy (human-out-of-the-loop),0,0,
2026-03-30-0ecd,2026-03-30,FRA,incident,6,fra,1,Human or fundamental rights;Psychological,Low-action autonomy (human-in-the-loop),0,0,
2026-03-30-c54c,2026-03-30,USA,incident,5,ara,1,Reputational;Economic/Property;Public interest,High-action autonomy (human-out-of-the-loop),0,0,
2026-03-30-33f1,2026-03-30,USA,hazard,4,eng,1,Economic/Property;Reputational,No-action autonomy (human support),0,0,
2026-03-30-928c,2026-03-30,USA,incident,3,jpn,1,Economic/Property;Reputational;Psychological,High-action autonomy (human-out-of-the-loop),0,0,
2026-03-30-733e,2026-03-30,USA,incident,3,eng,1,Economic/Property,No-action autonomy (human support),0,0,
2026-03-30-d56f,2026-03-30,USA,hazard,5,zho,1,,High-action autonomy (human-out-of-the-loop),0,0,
2026-03-30-8b1d,2026-03-30,USA,incident,61,ell;jpn;kor;tur;zho,5,Other,,0,0,
2026-03-30-04e4,2026-03-30,AUS,incident,18,eng;ind;por;spa;vie,5,Psychological,,0,0,
2026-03-30-2024,2026-03-30,CHN,hazard,5,spa,1,Physical (injury);Psychological;Human or fundamental rights,High-action autonomy (human-out-of-the-loop),0,0,
2026-03-30-3e60,2026-03-30,UKR,incident,11,eng;spa,2,Economic/Property,Medium-action autonomy (human-on-the-loop),0,0,
2026-03-30-fc19,2026-03-30,USA,incident,18,eng,1,,Medium-action autonomy (human-on-the-loop),0,0,
2026-03-30-3e2f,2026-03-30,USA,incident,16,eng;spa,2,Psychological;Reputational;Human or fundamental rights,No-action autonomy (human support),0,0,
2026-03-30-d413,2026-03-30,USA,incident,9,zho,1,Physical (injury);Economic/Property,High-action autonomy (human-out-of-the-loop),0,0,
2026-03-30-0d92,2026-03-30,KOR,hazard,7,kor,1,Economic/Property,No-action autonomy (human support),0,0,
2026-03-30-4cb8,2026-03-30,GBR,incident,7,ind,1,Psychological;Economic/Property;Reputational,High-action autonomy (human-out-of-the-loop),0,1,
2026-03-30-23f5,2026-03-30,USA,incident,6,eng,1,Economic/Property;Reputational,Low-action autonomy (human-in-the-loop),0,1,
2026-03-30-6ff7,2026-03-30,USA,incident,6,eng,1,Human or fundamental rights;Economic/Property;Reputational,,0,0,
2026-03-30-278c,2026-03-30,USA,incident,6,eng,1,Physical (death),High-action autonomy (human-out-of-the-loop),0,0,
2026-03-30-f28a,2026-03-30,GBR,hazard,4,eng,1,Human or fundamental rights,,0,0,
2026-03-30-2859,2026-03-30,USA,incident,4,eng,1,Economic/Property;Reputational,,0,0,
2026-03-30-93c0,2026-03-30,CHN,hazard,57,eng;zho,2,Physical (injury);Public interest,High-action autonomy (human-out-of-the-loop),0,0,
2026-03-31-01b6,2026-03-31,USA,incident,49,eng,1,Physical (death),Medium-action autonomy (human-on-the-loop),0,0,
2026-03-31-a7bc,2026-03-31,CHN,incident,351,deu;eng;fra;hrv;jpn;nld;por;spa;tur;ukr;zho,11,Economic/Property;Public interest,High-action autonomy (human-out-of-the-loop),0,0,1460
2026-03-31-1326,2026-03-31,USA,incident,20,eng;spa,2,Reputational,Low-action autonomy (human-in-the-loop),0,0,
2026-03-31-a847,2026-03-31,SGP,incident,9,eng,1,Human or fundamental rights;Psychological;Public interest,High-action autonomy (human-out-of-the-loop),0,0,
2026-03-31-679b,2026-03-31,UKR,hazard,14,jpn;zho,2,Physical (death);Physical (injury);Economic/Property,High-action autonomy (human-out-of-the-loop),0,0,
2026-03-31-0f46,2026-03-31,NLD,incident,27,ara;fra;kor;por;zho,5,Reputational;Public interest,No-action autonomy (human support),0,0,
2026-03-31-f6f8,2026-03-31,USA,incident,5,eng,1,Human or fundamental rights;Public interest;Economic/Property,High-action autonomy (human-out-of-the-loop),0,1,
2026-03-31-5c5a,2026-03-31,KOR,incident,10,kor,1,Economic/Property;Public interest,,0,0,
2026-03-31-c2e0,2026-03-31,USA,hazard,6,eng,1,Physical (death);Human or fundamental rights,High-action autonomy (human-out-of-the-loop),0,0,
2026-03-31-e055,2026-03-31,USA,incident,53,eng,1,Economic/Property;Reputational;Human or fundamental rights,,0,0,
2026-03-31-c87e,2026-03-31,DEU,incident,35,deu,1,Economic/Property;Public interest;Reputational,No-action autonomy (human support),0,0,
2026-03-31-d407,2026-03-31,USA,hazard,22,por,1,Reputational,,0,0,
2026-03-31-ed97,2026-03-31,DEU,incident,37,deu;eng;fra;spa,4,Economic/Property,High-action autonomy (human-out-of-the-loop),0,0,
2026-03-31-3a5b,2026-03-31,IRN,hazard,27,ara;hrv;kor;spa;srp,5,,,0,0,
2026-03-31-7935,2026-03-31,GBR,incident,7,eng,1,Physical (death),High-action autonomy (human-out-of-the-loop),0,0,
2026-03-31-8046,2026-03-31,CHE,hazard,5,deu,1,Economic/Property,,0,0,
2026-03-31-2424,2026-03-31,KOR,hazard,4,eng,1,,High-action autonomy (human-out-of-the-loop),0,0,
2026-03-31-dbfd,2026-03-31,USA,incident,3,eng,1,Economic/Property,Low-action autonomy (human-in-the-loop),0,0,
2026-03-31-928f,2026-03-31,USA,hazard,132,deu;ell;eng;fra;ita;jpn;spa,7,Economic/Property;Reputational,No-action autonomy (human support),0,0,
2026-04-01-63a8,2026-04-01,,incident,5,eng,1,Economic/Property;Public interest,High-action autonomy (human-out-of-the-loop),0,0,
2026-04-01-6e56,2026-04-01,IND,incident,6,eng,1,,High-action autonomy (human-out-of-the-loop),0,0,
2026-04-01-ee4f,2026-04-01,,incident,82,ara;eng;fra,3,Psychological;Human or fundamental rights;Reputational,Low-action autonomy (human-in-the-loop),0,0,
2026-04-01-6e00,2026-04-01,CHE,incident,41,deu;eng;fra;tur,4,Reputational;Psychological,High-action autonomy (human-out-of-the-loop),0,0,1437
2026-04-01-d929,2026-04-01,CHN,hazard,4,eng,1,Physical (injury);Physical (death),High-action autonomy (human-out-of-the-loop),0,0,
2026-04-01-05e6,2026-04-01,BRA,incident,18,por,1,Human or fundamental rights;Psychological;Reputational,Low-action autonomy (human-in-the-loop),0,0,
2026-04-01-0b4d,2026-04-01,USA,hazard,11,eng,1,Physical (injury),High-action autonomy (human-out-of-the-loop),0,0,
2026-04-01-9e43,2026-04-01,USA,hazard,8,eng;zho,2,,,0,0,
2026-04-01-2782,2026-04-01,USA,hazard,34,eng;fra,2,Physical (injury),Medium-action autonomy (human-on-the-loop),0,0,
2026-04-01-e72a,2026-04-01,USA,incident,3,eng,1,Economic/Property;Public interest;Reputational,,0,0,
2026-04-01-1f01,2026-04-01,USA,incident,80,ell;eng;fra;hun;por;spa;sqi,7,Reputational,,0,0,
2026-04-01-00f8,2026-04-01,GBR,incident,12,eng,1,,,0,0,
2026-04-01-0b6f,2026-04-01,KOR,incident,7,kor,1,,Medium-action autonomy (human-on-the-loop),0,0,
2026-04-01-fa00,2026-04-01,KOR,hazard,5,kor,1,Public interest;Human or fundamental rights,High-action autonomy (human-out-of-the-loop),0,0,
2026-04-01-b0aa,2026-04-01,USA,incident,3,eng,1,Economic/Property,,0,0,
2026-04-01-3603,2026-04-01,CHN,incident,19,ara;eng;zho,3,Human or fundamental rights,,0,1,
2026-04-02-eec9,2026-04-02,FRA,incident,5,fra,1,Economic/Property,,0,0,
2026-04-02-10b0,2026-04-02,CHN,incident,44,zho,1,Economic/Property;Human or fundamental rights,Low-action autonomy (human-in-the-loop),0,0,
2026-04-02-28dd,2026-04-02,CHN,incident,12,zho,1,Reputational;Economic/Property,High-action autonomy (human-out-of-the-loop),0,0,
2026-04-02-f84f,2026-04-02,VNM,incident,11,vie,1,Reputational;Public interest,,0,0,
2026-04-02-2a8b,2026-04-02,USA,hazard,52,eng;kor;por;spa,4,Psychological;Economic/Property,High-action autonomy (human-out-of-the-loop),0,0,
2026-04-02-ad5a,2026-04-02,GBR,incident,9,eng,1,Reputational;Public interest,No-action autonomy (human support),0,0,
2026-04-02-02db,2026-04-02,IND,incident,8,eng,1,Reputational;Public interest,,0,0,
2026-04-02-6589,2026-04-02,USA,incident,3,eng,1,Economic/Property,High-action autonomy (human-out-of-the-loop),0,0,
2026-04-02-7021,2026-04-02,USA,hazard,5,eng,1,Psychological;Human or fundamental rights,High-action autonomy (human-out-of-the-loop),0,0,
2026-04-02-9038,2026-04-02,TUR,incident,8,tur,1,Economic/Property;Reputational,Medium-action autonomy (human-on-the-loop),0,0,
2026-04-02-395a,2026-04-02,DEU,incident,6,deu,1,Human or fundamental rights;Psychological,,0,0,
2026-04-02-47e3,2026-04-02,GBR,incident,3,eng,1,Human or fundamental rights;Psychological;Public interest,No-action autonomy (human support),0,0,
2026-04-02-c3bb,2026-04-02,KOR,incident,12,kor,1,Reputational;Psychological,High-action autonomy (human-out-of-the-loop),0,0,1446
2026-04-03-dcff,2026-04-03,DEU,incident,69,deu,1,Human or fundamental rights;Psychological;Reputational,Low-action autonomy (human-in-the-loop),0,0,1445
2026-04-03-ad3a,2026-04-03,USA,hazard,20,eng;spa,2,,,0,0,
2026-04-03-b896,2026-04-03,USA,incident,100,eng;ind;zho,3,Economic/Property;Human or fundamental rights,No-action autonomy (human support),0,0,
2026-04-03-3751,2026-04-03,USA,incident,7,eng;vie,2,Public interest,High-action autonomy (human-out-of-the-loop),0,1,
2026-04-03-ea3b,2026-04-03,USA,hazard,19,eng;zho,2,Economic/Property;Public interest,Medium-action autonomy (human-on-the-loop),0,0,
2026-04-03-6486,2026-04-03,USA,hazard,5,eng,1,Physical (injury),High-action autonomy (human-out-of-the-loop),0,0,
2026-04-03-3951,2026-04-03,MEX,incident,5,spa,1,Psychological;Reputational;Public interest,No-action autonomy (human support),0,0,
2026-04-03-2b2c,2026-04-03,CHN,incident,29,zho,1,Economic/Property;Human or fundamental rights,High-action autonomy (human-out-of-the-loop),0,0,
2026-04-03-424a,2026-04-03,CHN,hazard,33,zho,1,Human or fundamental rights;Reputational,,0,0,
2026-04-03-d904,2026-04-03,CHN,incident,9,zho,1,Reputational;Economic/Property,Low-action autonomy (human-in-the-loop),0,0,
2026-04-03-b783,2026-04-03,MEX,incident,6,eng,1,Human or fundamental rights,,0,0,
2026-04-03-0f58,2026-04-03,TUR,incident,8,tur,1,Human or fundamental rights;Reputational;Public interest,Low-action autonomy (human-in-the-loop),0,0,
2026-04-03-d6eb,2026-04-03,GBR,incident,14,eng;zho,2,Economic/Property;Psychological,High-action autonomy (human-out-of-the-loop),0,0,
2026-04-03-2330,2026-04-03,JPN,incident,8,jpn,1,Economic/Property;Reputational,Low-action autonomy (human-in-the-loop),0,0,
2026-04-03-ae29,2026-04-03,TUR,incident,6,tur,1,Reputational,No-action autonomy (human support),0,0,
2026-04-03-ecff,2026-04-03,ARG,incident,4,spa,1,Reputational,,0,0,
2026-04-03-7d1a,2026-04-03,AZE,hazard,4,aze,1,Public interest;Environmental,,0,0,
2026-04-03-c16a,2026-04-03,USA,incident,7,eng,1,Human or fundamental rights;Psychological;Reputational,Low-action autonomy (human-in-the-loop),0,0,1574
2026-04-04-e610,2026-04-04,FRA,hazard,31,fra,1,Human or fundamental rights,High-action autonomy (human-out-of-the-loop),0,0,
2026-04-04-723a,2026-04-04,USA,incident,7,eng,1,Economic/Property;Reputational,High-action autonomy (human-out-of-the-loop),0,0,
2026-04-04-e1c2,2026-04-04,NGA,hazard,6,eng,1,Physical (death);Physical (injury),High-action autonomy (human-out-of-the-loop),0,0,
2026-04-05-c429,2026-04-05,IDN,incident,182,ind,1,Reputational;Public interest,Low-action autonomy (human-in-the-loop),0,0,
2026-04-05-8168,2026-04-05,CHN,incident,31,ara;kor;tur,3,Public interest,,0,0,
2026-04-05-4f73,2026-04-05,CHN,incident,45,zho,1,Economic/Property;Human or fundamental rights;Reputational,,0,0,
2026-04-05-d4c0,2026-04-05,CHN,incident,13,ara;kor,2,Reputational;Public interest,Low-action autonomy (human-in-the-loop),0,0,
2026-04-05-0d39,2026-04-05,USA,incident,5,eng,1,Economic/Property,,0,0,
2026-04-05-8196,2026-04-05,USA,incident,63,bul;deu;eng;ukr;zho,5,Public interest,High-action autonomy (human-out-of-the-loop),0,0,
2026-04-05-8a8d,2026-04-05,TUR,incident,22,tur,1,Economic/Property,,0,0,
2026-04-05-a12c,2026-04-05,USA,incident,15,zho,1,Economic/Property,Low-action autonomy (human-in-the-loop),0,0,
2026-04-05-8370,2026-04-05,VNM,incident,9,vie,1,Psychological,Low-action autonomy (human-in-the-loop),0,0,
2026-04-05-2282,2026-04-05,USA,incident,37,eng,1,Psychological;Physical (death),High-action autonomy (human-out-of-the-loop),0,0,
2026-04-05-a12d,2026-04-05,USA,incident,5,eng,1,Public interest,High-action autonomy (human-out-of-the-loop),0,0,
2026-04-05-ba1e,2026-04-05,USA,incident,7,eng,1,Economic/Property,High-action autonomy (human-out-of-the-loop),0,0,
2026-04-05-4167,2026-04-05,USA,hazard,5,eng,1,Economic/Property,High-action autonomy (human-out-of-the-loop),0,0,
2026-04-05-28b0,2026-04-05,ISR,incident,5,spa,1,,,0,0,
2026-04-05-d4fb,2026-04-05,USA,incident,3,eng,1,Physical (injury);Human or fundamental rights,Medium-action autonomy (human-on-the-loop),0,0,
2026-04-06-843a,2026-04-06,USA,incident,51,eng;spa;zho,3,Economic/Property,Medium-action autonomy (human-on-the-loop),0,0,
2026-04-06-4878,2026-04-06,TUR,incident,8,tur,1,,,0,0,
2026-04-06-58f7,2026-04-06,USA,incident,40,eng;por;zho,3,Economic/Property,,0,0,
2026-04-06-bee5,2026-04-06,USA,incident,22,eng;por,2,Economic/Property,High-action autonomy (human-out-of-the-loop),0,0,
2026-04-06-ca7a,2026-04-06,BRA,incident,16,por,1,Economic/Property;Human or fundamental rights,Low-action autonomy (human-in-the-loop),0,0,
2026-04-06-82d9,2026-04-06,USA,incident,52,eng;spa,2,Physical (death);Physical (injury),No-action autonomy (human support),0,0,
2026-04-06-ae69,2026-04-06,ARE,hazard,59,eng;fra;ind;por;spa,5,,,0,0,
2026-04-06-3356,2026-04-06,USA,incident,36,eng;fra;spa,3,Human or fundamental rights,No-action autonomy (human support),0,0,
2026-04-06-1a33,2026-04-06,IND,incident,8,eng,1,Economic/Property;Psychological,,0,0,
2026-04-06-1282,2026-04-06,USA,hazard,66,eng;spa;zho,3,Economic/Property;Public interest,,0,0,
2026-04-06-ec54,2026-04-06,CHN,incident,32,zho,1,Economic/Property;Human or fundamental rights;Public interest,,0,0,
2026-04-06-c1da,2026-04-06,USA,incident,16,eng,1,Economic/Property,Low-action autonomy (human-in-the-loop),0,0,
2026-04-06-5706,2026-04-06,USA,incident,8,eng,1,Economic/Property,Medium-action autonomy (human-on-the-loop),0,0,
2026-04-06-7f9d,2026-04-06,,hazard,19,eng;por,2,Human or fundamental rights,Medium-action autonomy (human-on-the-loop),0,0,
2026-04-06-c4a3,2026-04-06,,incident,5,eng,1,Economic/Property;Reputational;Public interest,,0,0,
2026-04-06-73e5,2026-04-06,USA,hazard,22,eng,1,Other,High-action autonomy (human-out-of-the-loop),0,0,
2026-04-06-ee2f,2026-04-06,IRN,incident,6,fas;por,2,Economic/Property;Public interest,,0,0,
2026-04-06-4e35,2026-04-06,USA,incident,5,eng,1,Human or fundamental rights;Psychological,No-action autonomy (human support),0,0,
2026-04-06-0462,2026-04-06,TWN,hazard,18,zho,1,Public interest;Economic/Property;Human or fundamental rights,,0,0,
2026-04-07-970a,2026-04-07,USA,hazard,155,ita;jpn;nld;tur;zho,5,Economic/Property;Public interest,High-action autonomy (human-out-of-the-loop),0,0,
2026-04-07-a0c9,2026-04-07,FIN,incident,23,fin;spa;zho,3,Psychological,High-action autonomy (human-out-of-the-loop),0,0,
2026-04-07-1eb9,2026-04-07,DEU,hazard,11,deu,1,Reputational,,0,0,
2026-04-07-8e86,2026-04-07,USA,hazard,17,hun;mkd,2,Economic/Property;Reputational,,0,0,
2026-04-07-f3eb,2026-04-07,DEU,incident,9,deu,1,Psychological;Reputational,No-action autonomy (human support),0,0,
2026-04-07-e12e,2026-04-07,GBR,hazard,9,eng,1,Economic/Property,High-action autonomy (human-out-of-the-loop),0,0,
2026-04-07-c3b4,2026-04-07,,incident,5,eng,1,Human or fundamental rights;Economic/Property;Reputational,,0,0,
2026-04-07-8b71,2026-04-07,USA,incident,4,eng,1,Economic/Property;Human or fundamental rights,,0,0,
2026-04-07-11b2,2026-04-07,IND,incident,15,eng;vie,2,Human or fundamental rights;Economic/Property,,0,0,
2026-04-07-41ba,2026-04-07,USA,incident,5,eng,1,Physical (injury);Human or fundamental rights;Psychological,,0,0,
2026-04-07-8255,2026-04-07,USA,incident,28,eng;fra;zho,3,Physical (death);Psychological;Public interest,High-action autonomy (human-out-of-the-loop),0,0,
2026-04-07-192a,2026-04-07,AUS,incident,7,eng,1,Economic/Property,Low-action autonomy (human-in-the-loop),0,0,
2026-04-07-b1d7,2026-04-07,TWN,hazard,7,zho,1,Public interest;Human or fundamental rights,,0,0,
2026-04-07-8ce7,2026-04-07,IRN,hazard,8,ron;spa,2,Economic/Property;Public interest,,0,0,
2026-04-07-1215,2026-04-07,USA,incident,7,spa;zho,2,Economic/Property,,0,0,
2026-04-07-559f,2026-04-07,USA,incident,36,eng,1,Reputational;Psychological;Human or fundamental rights,No-action autonomy (human support),0,0,1448
2026-04-07-fe50,2026-04-07,UKR,incident,16,eng,1,,High-action autonomy (human-out-of-the-loop),0,0,
2026-04-07-03a0,2026-04-07,BRA,incident,3,por,1,Human or fundamental rights,,0,0,
2026-04-07-64ac,2026-04-07,BRA,hazard,6,por,1,,,0,0,
2026-04-08-3167,2026-04-08,IND,hazard,9,eng,1,,High-action autonomy (human-out-of-the-loop),0,0,
2026-04-08-d905,2026-04-08,USA,incident,36,ita;kor;spa;zho,4,,Medium-action autonomy (human-on-the-loop),0,0,
2026-04-08-f5af,2026-04-08,IRL,hazard,11,eng,1,Economic/Property,,0,0,
2026-04-08-9fd9,2026-04-08,CHN,incident,41,zho,1,Reputational;Economic/Property,No-action autonomy (human support),0,0,
2026-04-08-74d7,2026-04-08,BRA,hazard,6,por,1,Human or fundamental rights;Public interest,,0,0,
2026-04-08-0b86,2026-04-08,BRA,incident,6,por,1,Psychological;Human or fundamental rights,High-action autonomy (human-out-of-the-loop),0,0,
2026-04-08-347d,2026-04-08,USA,incident,7,eng,1,Economic/Property;Reputational,,0,0,1450
2026-04-08-7686,2026-04-08,LTU,hazard,5,deu,1,Physical (injury);Physical (death),High-action autonomy (human-out-of-the-loop),0,0,
2026-04-08-4eb0,2026-04-08,USA,incident,6,eng,1,Human or fundamental rights,Low-action autonomy (human-in-the-loop),0,0,
2026-04-08-a39f,2026-04-08,BRA,hazard,4,por,1,Physical (injury);Psychological;Human or fundamental rights,High-action autonomy (human-out-of-the-loop),0,0,
2026-04-08-99e2,2026-04-08,USA,hazard,12,eng,1,Economic/Property;Reputational,High-action autonomy (human-out-of-the-loop),0,1,
2026-04-08-e597,2026-04-08,USA,hazard,92,eng;swe,2,Public interest;Economic/Property,,0,0,
2026-04-09-6b93,2026-04-09,NLD,incident,17,nld,1,Economic/Property,High-action autonomy (human-out-of-the-loop),0,0,
2026-04-09-a2d6,2026-04-09,DEU,hazard,24,deu,1,Economic/Property;Public interest,High-action autonomy (human-out-of-the-loop),0,0,
2026-04-09-c178,2026-04-09,HUN,incident,3,hun,1,Human or fundamental rights;Public interest,,0,0,
2026-04-09-299d,2026-04-09,SWE,incident,28,eng;hrv;zho,3,Other,High-action autonomy (human-out-of-the-loop),0,0,
2026-04-09-3aa6,2026-04-09,ITA,incident,9,ita,1,,No-action autonomy (human support),0,0,
2026-04-09-e91f,2026-04-09,BRA,incident,10,por,1,,,0,0,
2026-04-09-e479,2026-04-09,GBR,incident,7,eng,1,Human or fundamental rights,,0,0,
2026-04-09-2a63,2026-04-09,JPN,hazard,9,eng;jpn,2,Human or fundamental rights;Reputational,,0,1,
2026-04-09-2361,2026-04-09,IND,hazard,6,eng,1,Human or fundamental rights;Economic/Property,High-action autonomy (human-out-of-the-loop),0,1,
2026-04-09-0839,2026-04-09,HUN,incident,3,ell,1,Psychological;Public interest;Human or fundamental rights,,0,0,
2026-04-09-7780,2026-04-09,USA,incident,8,eng;zho,2,Human or fundamental rights,High-action autonomy (human-out-of-the-loop),0,0,
2026-04-09-4888,2026-04-09,IND,incident,46,eng,1,Reputational;Public interest,Low-action autonomy (human-in-the-loop),0,0,
2026-04-09-2a39,2026-04-09,IDN,incident,74,ind,1,Reputational;Public interest,,0,0,
2026-04-09-257d,2026-04-09,USA,incident,492,ara;dan;deu;eng;fra;ind;ita;jpn;pol;por;ron;slk;slv;spa;zho,15,Physical (death);Physical (injury);Psychological,No-action autonomy (human support),0,0,1487
2026-04-10-eb21,2026-04-10,USA,hazard,664,deu;ell;eng;fra;ita;por;spa;tur;zho,9,Economic/Property;Public interest,No-action autonomy (human support),0,0,
2026-04-10-0818,2026-04-10,USA,incident,22,eng;por,2,Environmental;Physical (injury),,0,0,
2026-04-10-9248,2026-04-10,USA,incident,18,eng;ind;por,3,Psychological,High-action autonomy (human-out-of-the-loop),0,0,
2026-04-10-b195,2026-04-10,USA,hazard,118,ara;eng;por;zho,4,Economic/Property;Public interest,High-action autonomy (human-out-of-the-loop),0,0,
2026-04-10-3d16,2026-04-10,USA,incident,25,eng,1,Psychological;Reputational,No-action autonomy (human support),0,0,
2026-04-10-d6e2,2026-04-10,USA,incident,10,eng,1,Economic/Property;Human or fundamental rights,,0,1,
2026-04-10-7f84,2026-04-10,PAK,hazard,6,eng,1,Human or fundamental rights,,0,0,
2026-04-10-daa1,2026-04-10,GBR,incident,8,por,1,,No-action autonomy (human support),0,0,
2026-04-10-65a0,2026-04-10,ZWE,incident,4,eng,1,Economic/Property;Public interest,,0,0,
2026-04-10-1dd4,2026-04-10,DEU,incident,7,deu,1,Physical (death);Physical (injury),High-action autonomy (human-out-of-the-loop),0,0,
2026-04-10-0fa4,2026-04-10,CHN,hazard,6,eng,1,Public interest,,0,0,
2026-04-10-8c20,2026-04-10,USA,hazard,4,eng,1,Public interest,,0,0,
2026-04-10-67cc,2026-04-10,ESP,incident,7,spa,1,Economic/Property;Psychological,,0,0,
2026-04-10-abe7,2026-04-10,USA,hazard,3,fra,1,Economic/Property;Reputational;Human or fundamental rights,,0,0,
2026-04-10-fffb,2026-04-10,CHN,incident,74,eng;ind;zho,3,Economic/Property;Public interest;Reputational,,0,0,
2026-04-11-a3cb,2026-04-11,BRA,incident,12,por,1,Psychological;Public interest;Human or fundamental rights,No-action autonomy (human support),0,0,
2026-04-11-f01c,2026-04-11,CHN,incident,16,zho,1,Economic/Property;Reputational,,0,0,
2026-04-11-9f4b,2026-04-11,USA,hazard,6,jpn,1,Economic/Property;Public interest,No-action autonomy (human support),0,0,
2026-04-11-2032,2026-04-11,USA,hazard,38,eng,1,Human or fundamental rights;Economic/Property,No-action autonomy (human support),0,0,
2026-04-11-96f0,2026-04-11,USA,hazard,6,ara;spa,2,Other,High-action autonomy (human-out-of-the-loop),0,0,
2026-04-11-32d5,2026-04-11,IND,hazard,166,deu;eng;ita;por;spa,5,Economic/Property;Public interest,High-action autonomy (human-out-of-the-loop),0,0,
2026-04-12-229d,2026-04-12,USA,hazard,65,eng;por;spa,3,Economic/Property;Public interest,,0,0,
2026-04-12-1789,2026-04-12,DEU,hazard,8,deu,1,Physical (death);Human or fundamental rights;Public interest,High-action autonomy (human-out-of-the-loop),0,0,
2026-04-12-7d56,2026-04-12,CHN,incident,27,zho,1,Psychological;Human or fundamental rights;Reputational,Low-action autonomy (human-in-the-loop),0,0,
2026-04-12-92bf,2026-04-12,GBR,hazard,8,ara,1,,No-action autonomy (human support),0,0,
2026-04-12-51c5,2026-04-12,JPN,incident,8,jpn,1,Physical (injury),High-action autonomy (human-out-of-the-loop),0,0,
2026-04-12-4cc4,2026-04-12,BRA,incident,6,por,1,,Low-action autonomy (human-in-the-loop),0,0,
2026-04-12-05f2,2026-04-12,EGY,incident,4,ara,1,Public interest,No-action autonomy (human support),0,0,
2026-04-12-620f,2026-04-12,CHN,incident,5,hin,1,Psychological,High-action autonomy (human-out-of-the-loop),0,0,
2026-04-12-df88,2026-04-12,IDN,incident,15,ind,1,Reputational,No-action autonomy (human support),0,0,
2026-04-12-01e4,2026-04-12,CHN,incident,12,zho,1,Economic/Property;Human or fundamental rights,,0,0,
2026-04-12-c0db,2026-04-12,NLD,hazard,6,nld,1,Economic/Property;Public interest;Human or fundamental rights,High-action autonomy (human-out-of-the-loop),0,0,
2026-04-12-b9eb,2026-04-12,JPN,hazard,343,deu;eng;fra;ind;jpn;ron;spa;zho,8,Economic/Property;Public interest,High-action autonomy (human-out-of-the-loop),0,0,1613
2026-04-13-daf5,2026-04-13,IND,hazard,35,eng,1,,,0,0,
2026-04-13-ec31,2026-04-13,UKR,incident,194,bul;deu;ell;eng;fra;hrv;ita;kor;ron;spa;ukr;zho,12,Other,High-action autonomy (human-out-of-the-loop),0,0,
2026-04-13-dc84,2026-04-13,ESP,hazard,17,spa,1,Economic/Property,High-action autonomy (human-out-of-the-loop),0,0,
2026-04-13-e5de,2026-04-13,NZL,hazard,20,eng,1,,,0,0,
2026-04-13-88e0,2026-04-13,IND,hazard,14,eng,1,Economic/Property;Human or fundamental rights,,0,0,
2026-04-13-650b,2026-04-13,CHN,incident,7,zho,1,Reputational;Economic/Property,,0,0,
2026-04-13-3231,2026-04-13,ESP,incident,6,spa,1,Psychological;Reputational;Human or fundamental rights,Low-action autonomy (human-in-the-loop),0,0,
2026-04-13-11dd,2026-04-13,USA,incident,6,eng,1,Psychological,High-action autonomy (human-out-of-the-loop),0,0,
2026-04-13-7970,2026-04-13,USA,hazard,15,ara;spa,2,Physical (injury),,0,0,
2026-04-13-83b8,2026-04-13,GBR,hazard,9,eng,1,,Medium-action autonomy (human-on-the-loop),0,0,
2026-04-13-65f8,2026-04-13,BRA,incident,7,por,1,Reputational,No-action autonomy (human support),0,0,
2026-04-13-fac4,2026-04-13,SGP,hazard,6,tur,1,Environmental,,0,0,
2026-04-13-668e,2026-04-13,IRL,hazard,4,eng,1,Economic/Property;Public interest,No-action autonomy (human support),0,0,
2026-04-13-4391,2026-04-13,USA,hazard,3,eng,1,Economic/Property,,0,0,
2026-04-13-539f,2026-04-13,GBR,incident,8,eng,1,Economic/Property;Human or fundamental rights,High-action autonomy (human-out-of-the-loop),0,0,
2026-04-13-771c,2026-04-13,AGO,incident,7,por,1,,Medium-action autonomy (human-on-the-loop),0,0,
2026-04-13-91b4,2026-04-13,KOR,hazard,3,kor,1,Physical (death);Physical (injury);Human or fundamental rights,,0,0,
2026-04-13-d937,2026-04-13,ARG,incident,20,spa,1,Physical (injury),No-action autonomy (human support),0,0,
2026-04-13-024f,2026-04-13,CAN,hazard,6,eng,1,Physical (injury);Economic/Property,High-action autonomy (human-out-of-the-loop),0,0,
2026-04-13-a2e5,2026-04-13,UKR,hazard,20,por;ukr,2,Physical (death);Physical (injury),High-action autonomy (human-out-of-the-loop),0,0,
2026-04-13-d89b,2026-04-13,USA,incident,10,eng,1,Reputational;Human or fundamental rights,No-action autonomy (human support),0,0,
2026-04-13-6034,2026-04-13,USA,incident,16,eng;ukr,2,Public interest,,0,0,
2026-04-13-c6ae,2026-04-13,USA,hazard,281,ara;deu;eng;ita;por;ron;spa;zho,8,Public interest;Economic/Property,,0,0,
2026-04-13-249a,2026-04-13,DEU,incident,5,deu,1,Physical (injury),Medium-action autonomy (human-on-the-loop),0,0,
2026-04-13-93f9,2026-04-13,FRA,hazard,4,spa,1,Physical (death);Physical (injury),High-action autonomy (human-out-of-the-loop),0,0,
2026-04-13-e472,2026-04-13,KOR,incident,17,eng;fra;kor,3,Public interest;Human or fundamental rights,Medium-action autonomy (human-on-the-loop),0,0,
2026-04-14-1df3,2026-04-14,USA,incident,33,eng,1,Environmental;Physical (injury),No-action autonomy (human support),0,0,1677
2026-04-14-8e4e,2026-04-14,USA,hazard,327,ara;deu;eng;fra;ita;kor;por;spa;tur;vie;zho,11,Public interest;Economic/Property,No-action autonomy (human support),0,0,
2026-04-14-e0fe,2026-04-14,USA,incident,129,ara;eng;hin;hrv;ron;spa,6,Physical (injury),High-action autonomy (human-out-of-the-loop),0,0,
2026-04-14-8c7f,2026-04-14,KOR,hazard,92,kor,1,Public interest;Human or fundamental rights;Economic/Property,,0,0,
2026-04-14-e655,2026-04-14,CHN,incident,23,zho,1,Reputational;Psychological,High-action autonomy (human-out-of-the-loop),0,0,
2026-04-14-0ba1,2026-04-14,GBR,incident,13,eng,1,Economic/Property,,0,0,
2026-04-14-442d,2026-04-14,USA,incident,8,ron,1,Physical (injury),No-action autonomy (human support),0,0,
2026-04-14-1e4e,2026-04-14,BRA,incident,6,por,1,Public interest;Reputational,,0,0,
2026-04-14-91ec,2026-04-14,ISR,incident,8,eng,1,Economic/Property;Human or fundamental rights,,0,0,
2026-04-14-68fa,2026-04-14,NLD,incident,3,nld,1,Human or fundamental rights,,0,0,
2026-04-14-eb27,2026-04-14,BRA,incident,13,por,1,Economic/Property;Human or fundamental rights,No-action autonomy (human support),0,0,
2026-04-14-06ed,2026-04-14,USA,hazard,10,zho,1,,Low-action autonomy (human-in-the-loop),0,0,
2026-04-14-0fa6,2026-04-14,KOR,hazard,6,kor,1,Public interest,,0,0,
2026-04-14-107e,2026-04-14,TUR,incident,6,tur,1,Economic/Property;Psychological,,0,0,
2026-04-14-29f0,2026-04-14,USA,incident,66,eng;ita;por;spa;ukr,5,Human or fundamental rights;Psychological;Reputational,Low-action autonomy (human-in-the-loop),0,0,
2026-04-14-4a6b,2026-04-14,USA,incident,8,eng,1,Human or fundamental rights;Psychological;Reputational,Low-action autonomy (human-in-the-loop),0,0,1476
2026-04-14-ba64,2026-04-14,SGP,hazard,17,eng,1,Public interest;Economic/Property,Low-action autonomy (human-in-the-loop),0,0,
2026-04-14-dfe2,2026-04-14,USA,hazard,5,eng,1,Public interest,High-action autonomy (human-out-of-the-loop),0,1,
2026-04-14-c616,2026-04-14,GBR,incident,5,eng,1,Psychological;Human or fundamental rights,High-action autonomy (human-out-of-the-loop),0,0,
2026-04-14-71a4,2026-04-14,USA,hazard,8,eng,1,Physical (injury);Psychological,Low-action autonomy (human-in-the-loop),0,0,
2026-04-14-fbaa,2026-04-14,TWN,incident,3,zho,1,Economic/Property,High-action autonomy (human-out-of-the-loop),0,0,
2026-04-14-4ad0,2026-04-14,IRN,incident,11,spa;zho,2,Physical (death);Physical (injury);Human or fundamental rights,Low-action autonomy (human-in-the-loop),0,0,
2026-04-14-fd62,2026-04-14,BRA,incident,25,por,1,Psychological;Public interest,Low-action autonomy (human-in-the-loop),0,0,
2026-04-14-251d,2026-04-14,CHN,hazard,7,eng;por,2,Physical (injury),High-action autonomy (human-out-of-the-loop),0,0,
2026-04-14-da0a,2026-04-14,FIN,incident,8,fin,1,Reputational;Public interest,,0,0,
2026-04-15-9ba7,2026-04-15,USA,hazard,21,eng;por,2,,High-action autonomy (human-out-of-the-loop),0,0,
2026-04-15-68b9,2026-04-15,SLV,hazard,14,spa,1,Human or fundamental rights,High-action autonomy (human-out-of-the-loop),0,0,
2026-04-15-885a,2026-04-15,ESP,hazard,21,spa,1,Physical (injury);Physical (death);Human or fundamental rights,High-action autonomy (human-out-of-the-loop),0,0,
2026-04-15-1728,2026-04-15,USA,incident,15,eng;ita,2,Human or fundamental rights,,0,0,
2026-04-15-f0c1,2026-04-15,DEU,hazard,442,deu;ell;eng;ita;por;spa,6,Economic/Property;Public interest,,0,0,
2026-04-15-b30c,2026-04-15,USA,incident,28,ind;por;spa,3,Psychological;Reputational;Human or fundamental rights,High-action autonomy (human-out-of-the-loop),0,0,
2026-04-15-d934,2026-04-15,USA,incident,10,eng,1,Economic/Property,,0,1,
2026-04-15-65eb,2026-04-15,CHL,incident,16,spa,1,Psychological,No-action autonomy (human support),0,0,
2026-04-15-3875,2026-04-15,USA,hazard,15,eng;zho,2,Human or fundamental rights,No-action autonomy (human support),0,0,
2026-04-15-9d57,2026-04-15,AUS,incident,6,eng,1,Human or fundamental rights;Reputational;Psychological,No-action autonomy (human support),0,0,
2026-04-15-454e,2026-04-15,LBN,incident,9,ara,1,Physical (death);Reputational;Public interest,,0,0,
2026-04-15-bf46,2026-04-15,AUS,incident,5,eng,1,Public interest,Low-action autonomy (human-in-the-loop),0,0,
2026-04-15-b7a4,2026-04-15,GBR,incident,5,eng,1,,Low-action autonomy (human-in-the-loop),0,0,
2026-04-15-f582,2026-04-15,USA,incident,4,eng,1,Economic/Property,,0,0,
2026-04-15-12f4,2026-04-15,USA,hazard,16,ara,1,,,0,0,
2026-04-15-d287,2026-04-15,CHN,hazard,6,por,1,,High-action autonomy (human-out-of-the-loop),0,0,
2026-04-15-cf32,2026-04-15,ITA,incident,5,ita,1,Human or fundamental rights,High-action autonomy (human-out-of-the-loop),0,0,
2026-04-15-94b5,2026-04-15,BRA,incident,4,por,1,Economic/Property,No-action autonomy (human support),0,0,
2026-04-15-18e9,2026-04-15,GBR,hazard,11,eng,1,Economic/Property,High-action autonomy (human-out-of-the-loop),0,0,
2026-04-15-9fb1,2026-04-15,USA,hazard,13,zho,1,,Medium-action autonomy (human-on-the-loop),0,0,
2026-04-15-e946,2026-04-15,IRN,incident,10,hrv;por,2,Public interest,,0,0,
2026-04-16-616f,2026-04-16,USA,hazard,730,ara;deu;eng;fas;fra;ita;kor;por;spa;tur;ukr;zho,12,,,0,0,
2026-04-16-6534,2026-04-16,BRA,incident,24,eng;por;spa,3,Public interest,Low-action autonomy (human-in-the-loop),0,0,
2026-04-16-3a85,2026-04-16,BRA,incident,17,por,1,Public interest,No-action autonomy (human support),0,0,
2026-04-16-3c31,2026-04-16,IND,hazard,21,eng;hin,2,Human or fundamental rights,,0,0,
2026-04-16-e45e,2026-04-16,GBR,hazard,8,eng,1,,,0,0,
2026-04-16-1c57,2026-04-16,USA,hazard,8,eng,1,Economic/Property;Physical (injury),,0,0,
2026-04-16-6971,2026-04-16,IND,incident,7,eng,1,Economic/Property;Reputational,,0,0,1454
2026-04-16-5e8e,2026-04-16,CHN,incident,5,zho,1,Economic/Property;Human or fundamental rights,High-action autonomy (human-out-of-the-loop),0,0,
2026-04-16-9a68,2026-04-16,,hazard,3,ron,1,Economic/Property;Reputational,,0,0,
2026-04-16-d969,2026-04-16,USA,hazard,14,kor,1,Public interest;Economic/Property,,0,0,
2026-04-16-28c1,2026-04-16,USA,incident,5,spa,1,,High-action autonomy (human-out-of-the-loop),0,0,
2026-04-16-f8b0,2026-04-16,GBR,incident,13,ell;eng,2,Human or fundamental rights,High-action autonomy (human-out-of-the-loop),0,0,
2026-04-16-271d,2026-04-16,USA,hazard,5,eng,1,Economic/Property;Human or fundamental rights;Public interest,No-action autonomy (human support),0,0,
2026-04-16-451c,2026-04-16,VEN,incident,5,spa,1,Physical (injury);Psychological;Human or fundamental rights,,0,0,
2026-04-16-aa88,2026-04-16,USA,incident,4,eng,1,Economic/Property,No-action autonomy (human support),0,0,
2026-04-16-4f99,2026-04-16,USA,hazard,7,eng,1,Human or fundamental rights,High-action autonomy (human-out-of-the-loop),0,0,
2026-04-16-a39f,2026-04-16,CHN,incident,47,zho,1,Economic/Property;Human or fundamental rights;Reputational,High-action autonomy (human-out-of-the-loop),0,1,
2026-04-16-0d2d,2026-04-16,USA,hazard,6,eng,1,Human or fundamental rights,,0,0,
2026-04-16-2906,2026-04-16,PRT,hazard,6,por,1,Physical (injury);Physical (death),High-action autonomy (human-out-of-the-loop),0,0,
2026-04-17-1018,2026-04-17,CAN,hazard,17,eng,1,Economic/Property;Public interest,,0,0,
2026-04-17-f5bd,2026-04-17,USA,hazard,5,fra,1,Economic/Property;Reputational,,0,0,
2026-04-17-f37d,2026-04-17,USA,hazard,10,eng,1,Human or fundamental rights,,0,0,
2026-04-17-145e,2026-04-17,CHN,hazard,5,jpn,1,Human or fundamental rights,Medium-action autonomy (human-on-the-loop),0,0,
2026-04-17-6c13,2026-04-17,CHE,hazard,5,eng,1,Human or fundamental rights;Economic/Property,,0,0,
2026-04-17-d243,2026-04-17,IDN,incident,5,ind,1,Economic/Property;Human or fundamental rights,No-action autonomy (human support),0,0,
2026-04-17-af5b,2026-04-17,USA,hazard,9,eng,1,Economic/Property,Medium-action autonomy (human-on-the-loop),0,0,
2026-04-17-fc8d,2026-04-17,CHN,incident,7,zho,1,Economic/Property;Psychological;Public interest,Low-action autonomy (human-in-the-loop),0,0,
2026-04-17-6792,2026-04-17,USA,incident,6,zho,1,Economic/Property;Public interest,,0,0,
2026-04-17-0cb4,2026-04-17,CAN,hazard,7,eng,1,Environmental;Physical (injury),,0,0,
2026-04-17-332b,2026-04-17,USA,incident,5,eng,1,Economic/Property;Psychological,Low-action autonomy (human-in-the-loop),0,0,1478
2026-04-17-94ab,2026-04-17,USA,incident,15,eng,1,Psychological;Physical (death);Human or fundamental rights,No-action autonomy (human support),0,0,
2026-04-17-eb07,2026-04-17,DEU,hazard,4,deu,1,Human or fundamental rights,,0,0,
2026-04-17-f655,2026-04-17,USA,hazard,3,eng,1,Economic/Property;Public interest,,0,0,
2026-04-17-0ccf,2026-04-17,USA,hazard,20,jpn;nld;por,3,Public interest;Economic/Property,High-action autonomy (human-out-of-the-loop),0,0,
2026-04-17-cba1,2026-04-17,USA,hazard,24,jpn;kor,2,,,0,0,
2026-04-18-dd70,2026-04-18,CHN,hazard,3,eng,1,Human or fundamental rights;Reputational,,0,0,
2026-04-18-98f1,2026-04-18,USA,hazard,107,spa;zho,2,Economic/Property;Human or fundamental rights,High-action autonomy (human-out-of-the-loop),0,0,
2026-04-18-9e8b,2026-04-18,USA,hazard,21,ell,1,Public interest;Economic/Property,No-action autonomy (human support),0,0,
2026-04-18-be9c,2026-04-18,ARG,incident,9,eng,1,Economic/Property,High-action autonomy (human-out-of-the-loop),0,0,
2026-04-18-971c,2026-04-18,UKR,hazard,5,ukr,1,Physical (death);Physical (injury);Human or fundamental rights,High-action autonomy (human-out-of-the-loop),0,0,
2026-04-18-9e41,2026-04-18,BRA,incident,4,por,1,,Low-action autonomy (human-in-the-loop),0,0,
2026-04-18-e89e,2026-04-18,USA,incident,5,eng,1,Economic/Property,High-action autonomy (human-out-of-the-loop),0,0,
2026-04-18-f782,2026-04-18,ITA,hazard,5,fra,1,,High-action autonomy (human-out-of-the-loop),0,0,
2026-04-18-4b93,2026-04-18,UKR,incident,33,eng;ukr,2,Physical (death),High-action autonomy (human-out-of-the-loop),0,0,
2026-04-19-3684,2026-04-19,USA,incident,46,eng;jpn;por,3,,High-action autonomy (human-out-of-the-loop),0,0,
2026-04-19-5f6f,2026-04-19,USA,incident,54,deu;eng,2,Economic/Property;Reputational,,0,0,
2026-04-19-9ecd,2026-04-19,BRA,incident,14,por,1,Economic/Property,,0,0,
2026-04-19-91d7,2026-04-19,CHN,incident,6,zho,1,Economic/Property;Psychological,High-action autonomy (human-out-of-the-loop),0,0,
2026-04-19-f314,2026-04-19,PAK,incident,20,eng,1,Human or fundamental rights,Low-action autonomy (human-in-the-loop),0,0,
2026-04-19-b2ad,2026-04-19,USA,hazard,10,jpn,1,Public interest,,0,0,
2026-04-19-d07c,2026-04-19,USA,hazard,88,ara;deu;ell;nld;zho,5,Public interest,,0,0,
2026-04-19-6f78,2026-04-19,USA,incident,7,ukr,1,Physical (injury),High-action autonomy (human-out-of-the-loop),0,0,
2026-04-19-0b98,2026-04-19,TWN,incident,4,zho,1,,No-action autonomy (human support),0,0,
2026-04-19-2f5a,2026-04-19,KOR,hazard,19,kor,1,Public interest,High-action autonomy (human-out-of-the-loop),0,0,
2026-04-19-8701,2026-04-19,GBR,hazard,29,eng,1,Human or fundamental rights;Reputational,No-action autonomy (human support),0,0,
2026-04-20-07fd,2026-04-20,CHN,incident,24,zho,1,Public interest;Economic/Property,High-action autonomy (human-out-of-the-loop),0,0,
2026-04-20-033c,2026-04-20,AUS,hazard,46,eng,1,Economic/Property;Public interest,,0,0,
2026-04-20-4ee6,2026-04-20,SGP,hazard,35,eng;kor,2,,No-action autonomy (human support),0,0,
2026-04-20-b869,2026-04-20,SWE,incident,15,eng,1,Human or fundamental rights,,0,0,
2026-04-20-81f8,2026-04-20,USA,incident,17,eng,1,Human or fundamental rights;Economic/Property,,0,1,
2026-04-20-3b61,2026-04-20,USA,incident,30,eng;jpn;vie,3,Economic/Property;Human or fundamental rights,High-action autonomy (human-out-of-the-loop),0,1,
2026-04-20-df6b,2026-04-20,USA,hazard,5,ron,1,Economic/Property;Public interest,No-action autonomy (human support),0,0,
2026-04-20-c79e,2026-04-20,COL,incident,23,spa,1,Reputational;Public interest,Low-action autonomy (human-in-the-loop),0,0,
2026-04-20-fa44,2026-04-20,AUS,incident,14,eng,1,Economic/Property,High-action autonomy (human-out-of-the-loop),0,0,
2026-04-20-5357,2026-04-20,USA,hazard,8,kor,1,,High-action autonomy (human-out-of-the-loop),0,0,
2026-04-20-f787,2026-04-20,USA,incident,8,eng,1,Physical (death);Psychological,High-action autonomy (human-out-of-the-loop),0,0,
2026-04-20-d018,2026-04-20,USA,incident,8,eng,1,Economic/Property;Public interest,High-action autonomy (human-out-of-the-loop),0,0,
2026-04-20-1a0f,2026-04-20,CHN,incident,7,zho,1,Economic/Property,,0,0,
2026-04-20-8687,2026-04-20,USA,incident,6,eng,1,Economic/Property,No-action autonomy (human support),0,0,
2026-04-20-7b4c,2026-04-20,USA,incident,5,ron,1,Economic/Property,Medium-action autonomy (human-on-the-loop),0,0,
2026-04-20-ad0f,2026-04-20,USA,hazard,6,eng,1,Economic/Property,,0,0,
2026-04-20-7d80,2026-04-20,ISR,hazard,4,eng,1,,High-action autonomy (human-out-of-the-loop),0,0,
2026-04-20-fbc2,2026-04-20,USA,hazard,6,eng,1,Physical (death),High-action autonomy (human-out-of-the-loop),0,0,
2026-04-20-0190,2026-04-20,USA,incident,3,eng,1,Psychological,High-action autonomy (human-out-of-the-loop),0,0,
2026-04-20-2075,2026-04-20,USA,incident,7,eng,1,Human or fundamental rights;Psychological;Reputational,No-action autonomy (human support),0,0,
2026-04-20-4a91,2026-04-20,USA,hazard,3,spa,1,Human or fundamental rights;Psychological,,0,1,
2026-04-20-c51d,2026-04-20,IDN,incident,4,ind,1,Reputational;Economic/Property,,0,0,
2026-04-20-f695,2026-04-20,CHN,incident,6,zho,1,Economic/Property,No-action autonomy (human support),0,0,
2026-04-20-1a0a,2026-04-20,USA,hazard,30,ara;fas;ind;ukr,4,Public interest;Economic/Property,,0,0,
2026-04-20-7b26,2026-04-20,UKR,hazard,10,eng,1,Physical (death);Human or fundamental rights,High-action autonomy (human-out-of-the-loop),0,0,
2026-04-20-2063,2026-04-20,FRA,incident,82,deu;eng;fra;ita;por;spa;tur,7,Public interest;Human or fundamental rights;Reputational,High-action autonomy (human-out-of-the-loop),0,0,
2026-04-21-58f0,2026-04-21,USA,hazard,357,ara;ell;eng;fas;fra;hin;ita;pol;por;ron;spa;tur;ukr;vie;zho,15,Human or fundamental rights,,0,1,
2026-04-21-ae1a,2026-04-21,IND,incident,103,deu;eng;kor;spa;zho,5,Economic/Property;Psychological,Low-action autonomy (human-in-the-loop),0,0,
2026-04-21-b3da,2026-04-21,USA,hazard,35,eng;spa,2,Physical (death);Physical (injury);Human or fundamental rights,High-action autonomy (human-out-of-the-loop),0,0,
2026-04-21-f8f6,2026-04-21,DEU,hazard,20,deu;eng;ron,3,Economic/Property;Public interest,,0,0,
2026-04-21-7a0b,2026-04-21,FRA,incident,19,fra,1,Economic/Property;Reputational;Human or fundamental rights,Low-action autonomy (human-in-the-loop),0,0,
2026-04-21-9103,2026-04-21,USA,hazard,21,eng;fra,2,Human or fundamental rights,Medium-action autonomy (human-on-the-loop),0,1,
2026-04-21-f66a,2026-04-21,ROU,incident,13,eng;fra,2,Economic/Property;Reputational,,0,0,
2026-04-21-a9d1,2026-04-21,JPN,incident,6,jpn,1,Economic/Property,Low-action autonomy (human-in-the-loop),0,0,
2026-04-21-2bb3,2026-04-21,USA,hazard,22,ell;eng;spa,3,Psychological,No-action autonomy (human support),0,0,
2026-04-21-883f,2026-04-21,ROU,incident,8,ron,1,Economic/Property;Human or fundamental rights,Low-action autonomy (human-in-the-loop),0,0,
2026-04-21-8b3d,2026-04-21,BRA,incident,6,por,1,,Medium-action autonomy (human-on-the-loop),0,0,
2026-04-21-9f02,2026-04-21,IND,incident,5,eng,1,Reputational;Economic/Property,No-action autonomy (human support),0,0,
2026-04-21-5c23,2026-04-21,GBR,hazard,7,eng,1,Psychological,Medium-action autonomy (human-on-the-loop),0,0,
2026-04-21-986c,2026-04-21,NLD,incident,6,bul,1,Public interest,High-action autonomy (human-out-of-the-loop),0,0,
2026-04-21-e26d,2026-04-21,USA,hazard,9,eng,1,Human or fundamental rights;Reputational,High-action autonomy (human-out-of-the-loop),0,0,
2026-04-21-8c79,2026-04-21,CHN,incident,10,zho,1,Human or fundamental rights,No-action autonomy (human support),0,0,
2026-04-21-c5d3,2026-04-21,FRA,incident,7,fra,1,Reputational,No-action autonomy (human support),0,0,
2026-04-21-21f1,2026-04-21,USA,hazard,3,eng,1,Public interest,,0,0,
2026-04-21-f8f8,2026-04-21,GBR,incident,33,ara;eng,2,Human or fundamental rights,Low-action autonomy (human-in-the-loop),0,0,
2026-04-21-ba77,2026-04-21,USA,hazard,19,eng;kor;ron,3,Economic/Property;Public interest,High-action autonomy (human-out-of-the-loop),0,0,
2026-04-21-d17d,2026-04-21,IND,hazard,14,eng;hin,2,Public interest,,0,0,
2026-04-21-0b9e,2026-04-21,KOR,incident,4,kor,1,,No-action autonomy (human support),0,0,
2026-04-21-1b56,2026-04-21,ARE,hazard,30,eng,1,Economic/Property,High-action autonomy (human-out-of-the-loop),0,1,
2026-04-21-fbd9,2026-04-21,USA,incident,47,eng;spa,2,Reputational;Public interest,Low-action autonomy (human-in-the-loop),0,0,1499;1558
2026-04-22-3adc,2026-04-22,DEU,hazard,26,deu;eng,2,Physical (death);Physical (injury),High-action autonomy (human-out-of-the-loop),0,0,
2026-04-22-11e0,2026-04-22,BRA,incident,21,por,1,Psychological;Human or fundamental rights,Low-action autonomy (human-in-the-loop),0,0,
2026-04-22-9a58,2026-04-22,JPN,hazard,42,eng;jpn,2,Economic/Property;Public interest,No-action autonomy (human support),0,0,
2026-04-22-dd21,2026-04-22,BRA,incident,8,por,1,Reputational;Physical (injury),,0,0,
2026-04-22-95e7,2026-04-22,TUR,hazard,5,tur,1,Human or fundamental rights,Medium-action autonomy (human-on-the-loop),0,0,
2026-04-22-2ee0,2026-04-22,USA,incident,7,ara;fra,2,Economic/Property,Medium-action autonomy (human-on-the-loop),0,0,
2026-04-22-587d,2026-04-22,TWN,hazard,102,zho,1,Human or fundamental rights;Public interest,,0,0,
2026-04-22-9748,2026-04-22,CHL,hazard,35,spa,1,Economic/Property;Public interest,,0,0,
2026-04-22-133f,2026-04-22,USA,incident,14,eng;fra,2,Human or fundamental rights,High-action autonomy (human-out-of-the-loop),0,0,
2026-04-22-121b,2026-04-22,USA,hazard,6,eng,1,Economic/Property;Public interest,,0,0,
2026-04-22-d2c5,2026-04-22,PRK,incident,3,eng,1,Economic/Property,No-action autonomy (human support),0,0,
2026-04-22-2e42,2026-04-22,USA,hazard,11,eng,1,Physical (death);Physical (injury);Human or fundamental rights,High-action autonomy (human-out-of-the-loop),0,0,
2026-04-22-8bf0,2026-04-22,USA,incident,17,eng,1,Physical (injury);Economic/Property,High-action autonomy (human-out-of-the-loop),0,0,
2026-04-22-7047,2026-04-22,GBR,incident,4,eng,1,,Low-action autonomy (human-in-the-loop),0,0,
2026-04-22-a930,2026-04-22,CHN,incident,4,zho,1,Reputational;Public interest,,0,0,
2026-04-22-383a,2026-04-22,CAN,incident,445,ara;deu;ell;eng;fra;hrv;ind;kor;nld;por;ron;spa;vie;zho,14,Physical (death),,0,0,886;1204;1375;1431;1487;1489
2026-04-23-ed9d,2026-04-23,USA,incident,356,ara;ell;eng;fra;hin;jpn;kor;mkd;pol;por;spa;vie;zho,13,Economic/Property,,0,0,
2026-04-23-2ba0,2026-04-23,USA,hazard,26,kor,1,Physical (death);Human or fundamental rights;Public interest,High-action autonomy (human-out-of-the-loop),0,0,
2026-04-23-f1d2,2026-04-23,IND,hazard,97,eng;hin,2,,No-action autonomy (human support),0,0,
2026-04-23-e0a6,2026-04-23,IND,hazard,11,eng,1,Economic/Property,,0,0,
2026-04-23-0d2d,2026-04-23,CHN,incident,17,ara;zho,2,Economic/Property,High-action autonomy (human-out-of-the-loop),0,0,
2026-04-23-a1c6,2026-04-23,IND,hazard,8,eng,1,Economic/Property;Reputational,Low-action autonomy (human-in-the-loop),0,0,
2026-04-23-bbd0,2026-04-23,BRA,incident,13,por,1,Economic/Property,,0,0,
2026-04-23-74b7,2026-04-23,HUN,hazard,15,hun,1,Public interest;Environmental,High-action autonomy (human-out-of-the-loop),0,0,
2026-04-23-64a5,2026-04-23,IND,hazard,5,eng,1,Economic/Property;Public interest;Human or fundamental rights,,0,0,
2026-04-23-48d1,2026-04-23,KOR,incident,15,eng,1,Economic/Property;Reputational,,0,0,
2026-04-23-0e48,2026-04-23,BRA,incident,39,por,1,Reputational;Public interest,,0,0,
2026-04-23-b285,2026-04-23,USA,hazard,20,deu;eng,2,,High-action autonomy (human-out-of-the-loop),0,0,
2026-04-23-1492,2026-04-23,USA,incident,5,eng,1,Human or fundamental rights,,0,0,
2026-04-23-7262,2026-04-23,ITA,incident,13,deu;ita,2,Economic/Property,High-action autonomy (human-out-of-the-loop),0,0,
2026-04-23-801d,2026-04-23,UKR,hazard,12,eng;hrv;ukr,3,Physical (death);Physical (injury);Human or fundamental rights,High-action autonomy (human-out-of-the-loop),0,0,
2026-04-23-8b92,2026-04-23,USA,hazard,3,eng,1,Economic/Property,High-action autonomy (human-out-of-the-loop),0,1,
2026-04-23-d71e,2026-04-23,GBR,incident,10,eng,1,Psychological,High-action autonomy (human-out-of-the-loop),0,0,
2026-04-23-b767,2026-04-23,USA,incident,33,eng,1,Human or fundamental rights;Psychological,,0,0,
2026-04-23-4150,2026-04-23,GBR,incident,13,eng,1,Public interest;Reputational,Low-action autonomy (human-in-the-loop),0,0,
2026-04-23-c583,2026-04-23,USA,hazard,6,eng,1,Physical (death);Economic/Property,High-action autonomy (human-out-of-the-loop),0,0,
2026-04-23-b3a8,2026-04-23,USA,incident,6,ron,1,Physical (death);Public interest,No-action autonomy (human support),0,0,
2026-04-23-389f,2026-04-23,TWN,hazard,20,zho,1,Physical (death);Physical (injury);Human or fundamental rights,High-action autonomy (human-out-of-the-loop),0,0,
2026-04-23-f044,2026-04-23,USA,incident,5,eng,1,Economic/Property,High-action autonomy (human-out-of-the-loop),0,0,
2026-04-23-a8c7,2026-04-23,KOR,incident,13,kor,1,,,0,0,
2026-04-24-3054,2026-04-24,TUR,hazard,41,eng;tur,2,Physical (death);Physical (injury),High-action autonomy (human-out-of-the-loop),0,0,
2026-04-24-dafe,2026-04-24,KOR,incident,45,ell;eng;kor,3,Public interest;Economic/Property;Psychological,Low-action autonomy (human-in-the-loop),0,0,1484
2026-04-24-6022,2026-04-24,CHN,incident,23,zho,1,Psychological;Economic/Property;Public interest,,0,0,
2026-04-24-1366,2026-04-24,KOR,incident,12,kor,1,,,0,0,
2026-04-24-502a,2026-04-24,CHN,hazard,11,eng,1,,High-action autonomy (human-out-of-the-loop),0,0,
2026-04-24-7ac4,2026-04-24,TUR,hazard,7,tur,1,Public interest;Reputational,,0,0,
2026-04-24-c11d,2026-04-24,IND,incident,6,eng,1,Economic/Property;Reputational,No-action autonomy (human support),0,0,
2026-04-24-8b4c,2026-04-24,,hazard,6,eng,1,Economic/Property;Reputational,No-action autonomy (human support),0,0,
2026-04-24-f11a,2026-04-24,GBR,incident,24,eng;por,2,,Low-action autonomy (human-in-the-loop),0,0,
2026-04-24-56a0,2026-04-24,CHN,incident,13,eng;spa,2,Reputational;Psychological;Human or fundamental rights,High-action autonomy (human-out-of-the-loop),0,0,
2026-04-24-6934,2026-04-24,ROU,hazard,7,eng,1,,High-action autonomy (human-out-of-the-loop),0,0,
2026-04-24-fd71,2026-04-24,USA,hazard,9,ara;bul;jpn,3,Physical (injury);Physical (death),High-action autonomy (human-out-of-the-loop),0,0,
2026-04-24-9951,2026-04-24,CHN,incident,25,eng;hin;zho,3,,,0,0,
2026-04-24-8625,2026-04-24,GBR,hazard,8,eng,1,Environmental,,0,0,
2026-04-24-56c1,2026-04-24,USA,hazard,7,eng,1,Physical (injury),High-action autonomy (human-out-of-the-loop),0,0,
2026-04-24-9ffe,2026-04-24,KOR,hazard,4,kor,1,Public interest,High-action autonomy (human-out-of-the-loop),0,0,
2026-04-24-2b1c,2026-04-24,IND,incident,3,eng,1,Economic/Property,No-action autonomy (human support),0,0,
2026-04-24-88e5,2026-04-24,IND,incident,3,eng,1,Economic/Property;Public interest,Medium-action autonomy (human-on-the-loop),0,0,
2026-04-24-8861,2026-04-24,KOR,incident,7,kor,1,Psychological;Reputational,Low-action autonomy (human-in-the-loop),0,0,
2026-04-24-dfec,2026-04-24,USA,incident,5,eng,1,Psychological;Human or fundamental rights,High-action autonomy (human-out-of-the-loop),0,0,
2026-04-25-07a8,2026-04-25,TWN,incident,8,zho,1,Economic/Property;Human or fundamental rights,,0,0,
2026-04-25-0f43,2026-04-25,USA,hazard,58,eng;zho,2,Economic/Property;Public interest,,0,0,
2026-04-25-b282,2026-04-25,TUR,hazard,7,tur,1,Human or fundamental rights;Public interest,No-action autonomy (human support),0,0,
2026-04-26-6772,2026-04-26,CHN,incident,20,zho,1,Human or fundamental rights,,0,0,
2026-04-27-5722,2026-04-27,ESP,incident,29,hun;por;spa,3,Human or fundamental rights;Public interest,No-action autonomy (human support),0,0,
2026-04-27-6153,2026-04-27,IND,incident,171,deu;eng;fra;ind;por;ron;spa;tur;zho,9,Economic/Property;Reputational,High-action autonomy (human-out-of-the-loop),0,1,1469
2026-04-27-2f4c,2026-04-27,IND,hazard,39,eng,1,Economic/Property;Human or fundamental rights,,0,0,
2026-04-27-ad82,2026-04-27,KOR,incident,9,kor,1,Public interest,High-action autonomy (human-out-of-the-loop),0,0,
2026-04-27-2a34,2026-04-27,USA,incident,56,eng;por;spa,3,Physical (death),No-action autonomy (human support),0,0,1488
2026-04-27-bfe4,2026-04-27,USA,hazard,243,ara;deu;ell;fas;fra;hun;ind;jpn;kor;nld;por;ron;spa;sqi;zho,15,Physical (death);Human or fundamental rights,,0,0,
2026-04-27-1f84,2026-04-27,USA,incident,7,spa,1,,High-action autonomy (human-out-of-the-loop),0,0,
2026-04-27-f620,2026-04-27,AUS,incident,9,eng,1,Psychological;Reputational;Human or fundamental rights,High-action autonomy (human-out-of-the-loop),0,0,
2026-04-27-9872,2026-04-27,USA,hazard,7,eng,1,Economic/Property,High-action autonomy (human-out-of-the-loop),0,1,
2026-04-27-e504,2026-04-27,,hazard,8,eng,1,Human or fundamental rights;Economic/Property,,0,0,
2026-04-27-a04b,2026-04-27,USA,hazard,20,eng,1,Human or fundamental rights;Psychological;Reputational,Low-action autonomy (human-in-the-loop),0,0,
2026-04-27-e5fe,2026-04-27,FRA,incident,10,fra,1,Economic/Property,No-action autonomy (human support),0,0,
2026-04-27-ff5f,2026-04-27,GBR,hazard,10,eng,1,Economic/Property,No-action autonomy (human support),0,0,
2026-04-27-c353,2026-04-27,USA,hazard,15,eng,1,Human or fundamental rights,,0,0,
2026-04-27-b490,2026-04-27,USA,incident,4,eng,1,Psychological;Human or fundamental rights,High-action autonomy (human-out-of-the-loop),0,0,
2026-04-27-000a,2026-04-27,USA,incident,4,eng,1,Economic/Property,No-action autonomy (human support),0,0,
2026-04-27-fc54,2026-04-27,ARG,incident,26,spa,1,Economic/Property;Psychological,High-action autonomy (human-out-of-the-loop),0,0,
2026-04-27-eb9a,2026-04-27,USA,hazard,14,fra,1,Public interest;Economic/Property,,0,0,
2026-04-27-6c9c,2026-04-27,CHN,incident,6,zho,1,Economic/Property,Low-action autonomy (human-in-the-loop),0,0,
2026-04-27-fe2d,2026-04-27,USA,hazard,6,spa,1,Physical (death);Physical (injury);Public interest,High-action autonomy (human-out-of-the-loop),0,0,
2026-04-27-d8cd,2026-04-27,GBR,hazard,6,eng,1,Human or fundamental rights,,0,0,
2026-04-27-b50d,2026-04-27,DEU,incident,7,deu,1,Economic/Property,,0,0,
2026-04-27-c902,2026-04-27,USA,incident,18,eng,1,Physical (death);Psychological,High-action autonomy (human-out-of-the-loop),0,0,
2026-04-28-f65c,2026-04-28,DEU,incident,33,deu,1,Psychological,High-action autonomy (human-out-of-the-loop),0,0,
2026-04-28-9e99,2026-04-28,RUS,hazard,7,eng,1,Economic/Property,High-action autonomy (human-out-of-the-loop),0,1,
2026-04-28-e382,2026-04-28,FRA,incident,9,fra,1,Public interest,High-action autonomy (human-out-of-the-loop),0,0,
2026-04-28-dc4d,2026-04-28,IND,hazard,7,eng,1,,High-action autonomy (human-out-of-the-loop),0,0,
2026-04-28-1829,2026-04-28,USA,hazard,6,deu,1,Human or fundamental rights;Public interest,,0,0,
2026-04-28-bea2,2026-04-28,CHN,incident,5,zho,1,Reputational,No-action autonomy (human support),0,0,
2026-04-28-ec06,2026-04-28,ITA,incident,3,ita,1,Economic/Property,High-action autonomy (human-out-of-the-loop),0,0,
2026-04-28-ba01,2026-04-28,USA,hazard,8,eng,1,,High-action autonomy (human-out-of-the-loop),0,0,
2026-04-28-c04a,2026-04-28,JPN,hazard,90,jpn,1,Public interest;Economic/Property,,0,0,
2026-04-28-d46a,2026-04-28,CHN,incident,16,zho,1,Economic/Property;Reputational,,0,0,
2026-04-28-f5d8,2026-04-28,USA,incident,4,eng,1,,Low-action autonomy (human-in-the-loop),0,0,
2026-04-28-5a0d,2026-04-28,,incident,6,zho,1,Physical (injury);Economic/Property;Human or fundamental rights,,0,0,
2026-04-28-ca23,2026-04-28,NLD,incident,3,swe,1,Economic/Property;Reputational,High-action autonomy (human-out-of-the-loop),0,0,
2026-04-28-3c46,2026-04-28,USA,incident,18,ces;ind;spa,3,Economic/Property,,0,0,
2026-04-28-c648,2026-04-28,USA,incident,41,eng,1,Public interest,High-action autonomy (human-out-of-the-loop),0,0,1543
2026-04-29-0f29,2026-04-29,,incident,124,ces;deu;eng;fra;ita;por;slk;slv;spa;sqi;ukr,11,Psychological;Human or fundamental rights,High-action autonomy (human-out-of-the-loop),0,0,
2026-04-29-71af,2026-04-29,USA,hazard,149,ell;eng;ita;por;spa,5,Public interest;Human or fundamental rights;Economic/Property,High-action autonomy (human-out-of-the-loop),0,0,
2026-04-29-0fc8,2026-04-29,FRA,incident,36,eng;spa;urd;zho,4,Economic/Property;Reputational;Human or fundamental rights,High-action autonomy (human-out-of-the-loop),0,0,
2026-04-29-9a6b,2026-04-29,SWE,incident,23,fra;hrv;spa,3,,High-action autonomy (human-out-of-the-loop),0,0,
2026-04-29-6039,2026-04-29,USA,hazard,8,eng,1,Human or fundamental rights,,0,0,
2026-04-29-720c,2026-04-29,GBR,incident,24,eng,1,Psychological;Public interest,High-action autonomy (human-out-of-the-loop),0,0,
2026-04-29-9f02,2026-04-29,USA,hazard,23,eng;zho,2,Human or fundamental rights;Public interest,,0,0,
2026-04-29-4d45,2026-04-29,USA,hazard,7,eng,1,Physical (death);Physical (injury);Human or fundamental rights,High-action autonomy (human-out-of-the-loop),0,0,
2026-04-29-2802,2026-04-29,TWN,incident,4,zho,1,,Low-action autonomy (human-in-the-loop),0,0,
2026-04-29-d25d,2026-04-29,,incident,4,eng,1,Economic/Property;Human or fundamental rights,Low-action autonomy (human-in-the-loop),0,0,
2026-04-29-fae7,2026-04-29,ESP,hazard,19,spa,1,Economic/Property,,0,0,
2026-04-29-8e04,2026-04-29,,hazard,10,eng,1,Economic/Property;Reputational;Human or fundamental rights,,0,1,
2026-04-29-8ec0,2026-04-29,USA,incident,9,eng,1,Economic/Property;Human or fundamental rights,No-action autonomy (human support),0,0,
2026-04-29-b590,2026-04-29,IND,incident,23,eng;hin,2,Economic/Property;Public interest,Low-action autonomy (human-in-the-loop),0,0,1472
2026-04-29-a87c,2026-04-29,USA,incident,14,eng;spa,2,Physical (death);Physical (injury);Public interest,No-action autonomy (human support),0,0,
2026-04-29-9953,2026-04-29,USA,hazard,10,eng;spa,2,Public interest;Reputational,,0,0,
2026-04-29-5e22,2026-04-29,CAN,incident,5,ell,1,Psychological,High-action autonomy (human-out-of-the-loop),0,0,
2026-04-29-75eb,2026-04-29,GBR,hazard,5,eng,1,Human or fundamental rights;Public interest,High-action autonomy (human-out-of-the-loop),0,0,
2026-04-29-cda6,2026-04-29,PRK,incident,5,eng,1,Economic/Property;Human or fundamental rights,Low-action autonomy (human-in-the-loop),0,1,
2026-04-29-2f62,2026-04-29,NGA,hazard,5,eng,1,Human or fundamental rights,,0,0,
2026-04-29-31fa,2026-04-29,,incident,4,eng,1,Economic/Property;Human or fundamental rights,,0,0,
2026-04-29-5e74,2026-04-29,GBR,hazard,6,por,1,Economic/Property,,0,0,
2026-04-29-ac94,2026-04-29,USA,hazard,11,eng;tur,2,Economic/Property,,0,0,
2026-04-29-4c37,2026-04-29,CHN,incident,32,eng;kor;tur;zho,4,Human or fundamental rights;Economic/Property,High-action autonomy (human-out-of-the-loop),0,0,
2026-04-30-6534,2026-04-30,TUR,hazard,29,eng;tur,2,Physical (death);Human or fundamental rights,High-action autonomy (human-out-of-the-loop),0,0,
2026-04-30-8a44,2026-04-30,USA,incident,130,ara;ell;eng;fra;por,5,Psychological;Human or fundamental rights,High-action autonomy (human-out-of-the-loop),0,0,
2026-04-30-d8f5,2026-04-30,DEU,incident,8,deu,1,Human or fundamental rights,Low-action autonomy (human-in-the-loop),0,0,
2026-04-30-1144,2026-04-30,,incident,31,eng;por,2,Psychological;Human or fundamental rights,,0,0,
2026-04-30-a41c,2026-04-30,CHN,incident,176,ell;eng;hrv;hun;ind;ita;spa;vie;zho,9,Economic/Property,,0,0,
2026-04-30-2d31,2026-04-30,IND,hazard,6,eng,1,,,0,0,
2026-04-30-ba51,2026-04-30,USA,incident,10,eng;jpn,2,Economic/Property,High-action autonomy (human-out-of-the-loop),0,1,
2026-04-30-bebf,2026-04-30,USA,hazard,4,eng,1,,High-action autonomy (human-out-of-the-loop),0,0,
2026-04-30-f66e,2026-04-30,BRA,incident,25,por,1,,High-action autonomy (human-out-of-the-loop),0,0,
2026-04-30-74ed,2026-04-30,ARE,hazard,5,eng,1,Physical (death);Physical (injury);Human or fundamental rights,High-action autonomy (human-out-of-the-loop),0,0,
2026-04-30-0062,2026-04-30,USA,hazard,3,eng,1,Physical (injury);Psychological,,0,0,
2026-04-30-3813,2026-04-30,GBR,hazard,11,eng;spa,2,Economic/Property;Public interest;Human or fundamental rights,High-action autonomy (human-out-of-the-loop),0,0,
2026-04-30-4ff4,2026-04-30,USA,incident,6,jpn,1,Public interest;Reputational,Low-action autonomy (human-in-the-loop),0,0,
2026-04-30-5037,2026-04-30,GRC,incident,8,ell,1,Reputational;Psychological,,0,0,
2026-04-30-8af6,2026-04-30,USA,incident,5,eng,1,Human or fundamental rights;Psychological,Low-action autonomy (human-in-the-loop),0,0,
2026-04-30-b582,2026-04-30,CHN,incident,4,zho,1,Physical (injury),Low-action autonomy (human-in-the-loop),0,0,
2026-04-30-296d,2026-04-30,CHN,incident,4,zho,1,,Low-action autonomy (human-in-the-loop),0,0,
2026-04-30-7774,2026-04-30,KEN,incident,21,eng,1,Psychological;Human or fundamental rights,,0,0,1418
2026-05-01-86f8,2026-05-01,USA,hazard,283,ara;bul;eng;fra;ind;jpn;kor;mkd;por;ron;spa;sqi;tur;urd;vie;zho,16,Physical (death);Physical (injury);Human or fundamental rights,,0,0,
2026-05-01-5fcb,2026-05-01,KOR,incident,9,zho,1,Economic/Property;Reputational,,0,0,
2026-05-01-a6f8,2026-05-01,USA,hazard,11,eng,1,Public interest,Low-action autonomy (human-in-the-loop),0,0,
2026-05-01-bc77,2026-05-01,USA,incident,15,eng,1,,Low-action autonomy (human-in-the-loop),0,0,
2026-05-01-8579,2026-05-01,USA,incident,6,eng,1,Physical (injury),,0,0,
2026-05-01-208a,2026-05-01,USA,hazard,50,ara;eng;hrv,3,,,0,0,
2026-05-01-a65a,2026-05-01,KOR,incident,11,kor,1,Psychological,Low-action autonomy (human-in-the-loop),0,0,
2026-05-01-a290,2026-05-01,VNM,incident,10,vie,1,Economic/Property;Reputational,,0,0,
2026-05-01-b315,2026-05-01,USA,incident,9,zho,1,Economic/Property;Human or fundamental rights;Reputational,High-action autonomy (human-out-of-the-loop),0,0,
2026-05-01-0842,2026-05-01,USA,incident,13,eng,1,Human or fundamental rights;Psychological,Medium-action autonomy (human-on-the-loop),0,0,
2026-05-01-ff5f,2026-05-01,,hazard,5,eng,1,Physical (injury),High-action autonomy (human-out-of-the-loop),0,0,
2026-05-01-8d32,2026-05-01,USA,hazard,5,eng,1,Public interest;Economic/Property,,0,0,
2026-05-01-6d8a,2026-05-01,VNM,hazard,4,vie,1,Human or fundamental rights;Economic/Property;Reputational,Low-action autonomy (human-in-the-loop),0,0,
2026-05-01-5196,2026-05-01,GBR,hazard,6,eng,1,,High-action autonomy (human-out-of-the-loop),0,0,
2026-05-01-1e4a,2026-05-01,ARE,incident,4,eng,1,Economic/Property,,0,0,
2026-05-01-8e69,2026-05-01,VNM,incident,3,vie,1,Public interest,Low-action autonomy (human-in-the-loop),0,0,
2026-05-02-f0e4,2026-05-02,USA,hazard,15,zho,1,Physical (death);Public interest,High-action autonomy (human-out-of-the-loop),0,0,
2026-05-02-b552,2026-05-02,TWN,incident,17,zho,1,Psychological;Human or fundamental rights,No-action autonomy (human support),0,0,
2026-05-02-4cf6,2026-05-02,VNM,incident,9,vie,1,Psychological;Reputational,Low-action autonomy (human-in-the-loop),0,0,
2026-05-02-8bcb,2026-05-02,CHN,incident,16,zho,1,Public interest,Low-action autonomy (human-in-the-loop),0,0,
2026-05-02-009a,2026-05-02,CHN,hazard,6,eng,1,Human or fundamental rights;Psychological,High-action autonomy (human-out-of-the-loop),0,0,
2026-05-02-c8e9,2026-05-02,USA,incident,8,eng,1,Economic/Property;Psychological,High-action autonomy (human-out-of-the-loop),0,0,
2026-05-02-fa8c,2026-05-02,ESP,incident,4,spa,1,Economic/Property,Low-action autonomy (human-in-the-loop),0,1,
2026-05-02-33e9,2026-05-02,GRC,incident,6,ell,1,Economic/Property;Public interest,,0,0,
2026-05-03-d296,2026-05-03,USA,incident,11,ara,1,,No-action autonomy (human support),0,0,
2026-05-03-63ad,2026-05-03,IND,hazard,22,eng,1,Human or fundamental rights;Economic/Property;Public interest,,0,0,
2026-05-03-bcb0,2026-05-03,ESP,incident,7,spa,1,Public interest;Psychological;Reputational,,0,0,
2026-05-03-93c3,2026-05-03,KOR,incident,12,kor,1,Physical (injury);Physical (death),High-action autonomy (human-out-of-the-loop),0,0,
2026-05-03-3597,2026-05-03,DEU,incident,14,deu,1,Economic/Property;Physical (injury),Low-action autonomy (human-in-the-loop),0,0,
2026-05-03-f972,2026-05-03,GBR,hazard,6,eng,1,Environmental,,0,0,
2026-05-03-77cd,2026-05-03,GBR,hazard,10,eng,1,Economic/Property,,0,0,
2026-05-03-52f9,2026-05-03,USA,incident,134,eng;ita;spa;tur,4,Physical (death);Physical (injury),No-action autonomy (human support),0,0,1487
2026-05-03-516b,2026-05-03,USA,incident,5,fra,1,Physical (injury),Medium-action autonomy (human-on-the-loop),0,0,
2026-05-03-4781,2026-05-03,USA,incident,4,eng,1,Economic/Property,,0,0,
2026-05-03-94d3,2026-05-03,,hazard,42,deu;eng;por;zho,4,Physical (injury),Medium-action autonomy (human-on-the-loop),0,0,
2026-05-03-1987,2026-05-03,GBR,incident,7,eng,1,Psychological;Reputational;Human or fundamental rights,Low-action autonomy (human-in-the-loop),0,0,
2026-05-03-cc56,2026-05-03,GBR,incident,12,hrv;spa,2,Psychological,No-action autonomy (human support),0,0,
2026-05-03-a87e,2026-05-03,USA,hazard,6,eng,1,Economic/Property;Reputational,High-action autonomy (human-out-of-the-loop),0,0,
2026-05-03-81b0,2026-05-03,USA,hazard,6,eng,1,,,0,0,
2026-05-03-6fc8,2026-05-03,GBR,hazard,5,eng,1,Physical (death),High-action autonomy (human-out-of-the-loop),0,0,
2026-05-03-5d62,2026-05-03,CHN,hazard,5,zho,1,Human or fundamental rights;Public interest,High-action autonomy (human-out-of-the-loop),0,0,
2026-05-03-3b29,2026-05-03,CAN,incident,7,eng,1,Physical (death);Physical (injury),,0,0,1375
2026-05-03-3570,2026-05-03,USA,incident,7,eng,1,Economic/Property;Reputational,,0,0,
2026-05-03-a2a2,2026-05-03,GBR,incident,26,eng;jpn,2,Human or fundamental rights;Reputational;Psychological,Medium-action autonomy (human-on-the-loop),0,0,
2026-05-03-5245,2026-05-03,USA,incident,5,fra,1,Physical (injury);Public interest,High-action autonomy (human-out-of-the-loop),0,0,
2026-05-03-8034,2026-05-03,TWN,incident,7,zho,1,Economic/Property;Reputational,,0,0,
2026-05-03-f59c,2026-05-03,BRA,incident,11,por,1,Public interest,,0,0,
2026-05-04-753f,2026-05-04,FRA,incident,17,fra,1,Reputational;Public interest,Low-action autonomy (human-in-the-loop),0,0,
2026-05-04-a5d2,2026-05-04,USA,incident,12,eng;slv,2,Physical (death);Economic/Property,High-action autonomy (human-out-of-the-loop),0,0,
2026-05-04-679a,2026-05-04,TWN,incident,10,zho,1,Economic/Property;Psychological;Public interest,No-action autonomy (human support),0,0,
2026-05-04-be63,2026-05-04,,hazard,131,eng;fra;jpn;spa;zho,5,Public interest;Economic/Property,,0,0,
2026-05-04-1869,2026-05-04,CAN,incident,22,eng,1,Reputational;Economic/Property,High-action autonomy (human-out-of-the-loop),0,0,
2026-05-04-8414,2026-05-04,IND,hazard,28,eng,1,Economic/Property;Public interest,,0,0,
2026-05-04-53b4,2026-05-04,GRC,incident,6,ell,1,Economic/Property,,0,0,
2026-05-04-c9a0,2026-05-04,USA,incident,3,eng,1,Human or fundamental rights,High-action autonomy (human-out-of-the-loop),0,0,
2026-05-04-1797,2026-05-04,FRA,incident,17,fra,1,Economic/Property;Reputational,Low-action autonomy (human-in-the-loop),0,0,
2026-05-04-4b40,2026-05-04,,hazard,17,deu;spa,2,Public interest,High-action autonomy (human-out-of-the-loop),0,0,
2026-05-04-cc52,2026-05-04,USA,incident,11,eng,1,Reputational;Public interest,No-action autonomy (human support),0,0,
2026-05-04-31f0,2026-05-04,TUR,hazard,5,tur,1,,High-action autonomy (human-out-of-the-loop),0,0,
2026-05-04-0e58,2026-05-04,USA,hazard,10,eng,1,Physical (injury);Public interest,Medium-action autonomy (human-on-the-loop),0,0,
2026-05-04-436a,2026-05-04,FRA,incident,28,fra;kor,2,Economic/Property;Human or fundamental rights,,0,0,
2026-05-04-429d,2026-05-04,USA,hazard,11,eng;tur,2,Physical (death),,0,0,
2026-05-04-5325,2026-05-04,USA,incident,8,zho,1,Human or fundamental rights;Public interest;Economic/Property,Medium-action autonomy (human-on-the-loop),0,0,
2026-05-04-f7b9,2026-05-04,TWN,incident,7,zho,1,Economic/Property;Reputational;Public interest,Low-action autonomy (human-in-the-loop),0,0,
2026-05-04-91ba,2026-05-04,KEN,incident,5,eng,1,Economic/Property;Human or fundamental rights,High-action autonomy (human-out-of-the-loop),0,0,
2026-05-04-7293,2026-05-04,CHN,hazard,5,spa,1,Physical (injury);Human or fundamental rights,,0,0,
2026-05-04-c4fc,2026-05-04,DNK,hazard,10,ell;zho,2,Environmental;Economic/Property;Public interest,,0,0,
2026-05-04-f4a3,2026-05-04,USA,hazard,22,ind;zho,2,Economic/Property;Public interest,High-action autonomy (human-out-of-the-loop),0,0,
2026-05-04-46ba,2026-05-04,GBR,incident,5,fra,1,Psychological,High-action autonomy (human-out-of-the-loop),0,0,
2026-05-04-3471,2026-05-04,USA,hazard,5,eng,1,Human or fundamental rights;Economic/Property;Reputational,Low-action autonomy (human-in-the-loop),0,0,
2026-05-04-200b,2026-05-04,CAN,incident,5,eng,1,Physical (injury),No-action autonomy (human support),0,0,
2026-05-04-04a6,2026-05-04,ESP,hazard,4,spa,1,Human or fundamental rights,No-action autonomy (human support),0,0,
2026-05-04-eec9,2026-05-04,USA,incident,4,eng,1,Human or fundamental rights,,0,0,
2026-05-04-9dad,2026-05-04,USA,hazard,5,hin;spa,2,Economic/Property,,0,0,
2026-05-04-097e,2026-05-04,USA,hazard,20,eng,1,Environmental,,0,0,
2026-05-04-4a73,2026-05-04,USA,incident,12,eng,1,Economic/Property;Reputational,High-action autonomy (human-out-of-the-loop),0,1,1556
2026-05-05-544a,2026-05-05,ITA,incident,351,ara;deu;ell;eng;fra;hin;hrv;hun;ita;kor;mkd;nld;pol;por;ron;spa;sqi;tur;ukr,19,Reputational;Public interest,,0,0,
2026-05-05-39aa,2026-05-05,IRL,hazard,35,eng,1,Psychological;Human or fundamental rights,High-action autonomy (human-out-of-the-loop),0,0,
2026-05-05-9fea,2026-05-05,,hazard,14,eng,1,Human or fundamental rights,,0,0,
2026-05-05-15d0,2026-05-05,TWN,incident,9,zho,1,Psychological;Public interest,High-action autonomy (human-out-of-the-loop),0,0,
2026-05-05-e377,2026-05-05,USA,incident,119,ell;eng;spa;tur,4,Physical (injury),High-action autonomy (human-out-of-the-loop),0,0,1108
2026-05-05-2e21,2026-05-05,USA,incident,17,eng;zho,2,Public interest;Reputational,Low-action autonomy (human-in-the-loop),0,0,
2026-05-05-6f9b,2026-05-05,ESP,incident,9,spa,1,Human or fundamental rights,No-action autonomy (human support),0,0,
2026-05-05-85a4,2026-05-05,CAN,hazard,5,eng,1,Physical (injury);Physical (death);Human or fundamental rights,,0,0,
2026-05-05-1ede,2026-05-05,USA,incident,5,eng,1,Economic/Property,,0,0,1480
2026-05-05-a52a,2026-05-05,USA,incident,12,kor,1,,Medium-action autonomy (human-on-the-loop),0,0,
2026-05-05-200d,2026-05-05,USA,incident,37,ell;eng;ron;spa;tur,5,Economic/Property,,0,0,
2026-05-05-6836,2026-05-05,CAN,incident,12,eng,1,Economic/Property;Reputational,Low-action autonomy (human-in-the-loop),0,1,
2026-05-05-6a96,2026-05-05,MEX,incident,4,spa,1,Psychological;Human or fundamental rights,Low-action autonomy (human-in-the-loop),0,0,
2026-05-05-a0bd,2026-05-05,MYS,incident,4,ell;zho,2,Economic/Property;Human or fundamental rights,,0,0,
2026-05-05-9cdb,2026-05-05,IND,incident,8,hin,1,Economic/Property,,0,0,
2026-05-05-aad9,2026-05-05,CHN,incident,13,zho,1,Reputational;Public interest,No-action autonomy (human support),0,0,
2026-05-05-7d66,2026-05-05,USA,incident,23,eng;ita;zho,3,Economic/Property;Physical (injury);Psychological,High-action autonomy (human-out-of-the-loop),0,0,
2026-05-05-bcfa,2026-05-05,USA,incident,6,eng,1,Economic/Property,High-action autonomy (human-out-of-the-loop),0,0,
2026-05-05-8046,2026-05-05,FRA,hazard,4,vie,1,Public interest;Human or fundamental rights,,0,0,
2026-05-05-ce0c,2026-05-05,IDN,hazard,12,eng,1,Physical (death);Public interest;Human or fundamental rights,High-action autonomy (human-out-of-the-loop),0,0,
2026-05-05-bd40,2026-05-05,USA,hazard,4,eng,1,Physical (death);Physical (injury),High-action autonomy (human-out-of-the-loop),0,0,
2026-05-06-c097,2026-05-06,USA,incident,244,ara;deu;ell;eng;fra;hrv;ita;jpn;por;ron;spa;tur;vie;zho,14,Environmental;Human or fundamental rights,,0,0,
2026-05-06-f5d7,2026-05-06,CAN,incident,49,eng;fra;spa,3,Human or fundamental rights,High-action autonomy (human-out-of-the-loop),0,0,
2026-05-06-0bd7,2026-05-06,TUR,hazard,13,tur,1,Physical (death);Public interest,High-action autonomy (human-out-of-the-loop),0,0,
2026-05-06-97df,2026-05-06,TUR,hazard,9,tur,1,Physical (death);Physical (injury),High-action autonomy (human-out-of-the-loop),0,0,
2026-05-06-d1a1,2026-05-06,CHN,incident,10,zho,1,Psychological;Economic/Property;Reputational,No-action autonomy (human support),0,0,
2026-05-06-cea3,2026-05-06,USA,incident,6,eng,1,Psychological;Human or fundamental rights;Public interest,,0,0,
2026-05-06-3d44,2026-05-06,AUS,hazard,5,eng,1,,Low-action autonomy (human-in-the-loop),0,0,
2026-05-06-5256,2026-05-06,USA,incident,15,eng;spa,2,Public interest,High-action autonomy (human-out-of-the-loop),0,0,
2026-05-06-56db,2026-05-06,USA,hazard,5,ara,1,Human or fundamental rights,High-action autonomy (human-out-of-the-loop),0,0,
2026-05-06-f7fc,2026-05-06,FRA,hazard,7,fra,1,Public interest;Economic/Property,,0,0,
2026-05-06-eb88,2026-05-06,USA,incident,4,eng,1,Human or fundamental rights,No-action autonomy (human support),0,0,
2026-05-06-7ebd,2026-05-06,TWN,incident,18,zho,1,Reputational;Public interest,No-action autonomy (human support),0,0,
2026-05-06-5618,2026-05-06,TWN,incident,6,zho,1,Reputational,No-action autonomy (human support),0,0,
2026-05-06-f048,2026-05-06,GBR,hazard,3,eng,1,Economic/Property,No-action autonomy (human support),0,0,
2026-05-06-d85b,2026-05-06,BRA,incident,9,por,1,Economic/Property;Human or fundamental rights,,0,0,
2026-05-06-a90d,2026-05-06,USA,incident,9,eng,1,Reputational;Public interest,High-action autonomy (human-out-of-the-loop),0,0,
2026-05-06-6af2,2026-05-06,USA,hazard,37,eng;zho,2,Public interest,High-action autonomy (human-out-of-the-loop),0,0,
2026-05-06-e343,2026-05-06,PRT,incident,4,por,1,Economic/Property,High-action autonomy (human-out-of-the-loop),0,0,
2026-05-06-12b3,2026-05-06,USA,incident,3,zho,1,Economic/Property,No-action autonomy (human support),0,0,
2026-05-06-3286,2026-05-06,USA,hazard,3,eng,1,Economic/Property,,0,0,
2026-05-06-0cbd,2026-05-06,USA,incident,10,spa;zho,2,Economic/Property,,0,0,
2026-05-06-5634,2026-05-06,KEN,hazard,14,eng;ind,2,Economic/Property;Public interest,,0,0,
2026-05-07-1639,2026-05-07,CHN,incident,3,zho,1,Human or fundamental rights;Economic/Property,Medium-action autonomy (human-on-the-loop),0,0,
2026-05-07-2a96,2026-05-07,KOR,hazard,20,kor,1,Physical (death),High-action autonomy (human-out-of-the-loop),0,0,
2026-05-07-0f83,2026-05-07,CHN,incident,29,zho,1,Human or fundamental rights;Reputational,,0,0,
2026-05-07-31a6,2026-05-07,NGA,incident,13,eng,1,Economic/Property;Human or fundamental rights,High-action autonomy (human-out-of-the-loop),0,0,
2026-05-07-ce72,2026-05-07,KOR,incident,14,kor,1,Psychological;Reputational;Human or fundamental rights,,0,0,
2026-05-07-b8b0,2026-05-07,USA,incident,8,spa,1,Reputational;Public interest,,0,0,
2026-05-07-08ef,2026-05-07,DEU,incident,5,deu,1,Reputational;Human or fundamental rights;Public interest,High-action autonomy (human-out-of-the-loop),0,0,
2026-05-07-4dad,2026-05-07,USA,incident,3,eng,1,Reputational,High-action autonomy (human-out-of-the-loop),0,0,
2026-05-07-1736,2026-05-07,USA,hazard,29,por;zho,2,Economic/Property;Public interest,High-action autonomy (human-out-of-the-loop),0,0,
2026-05-07-81ec,2026-05-07,CHN,incident,68,zho,1,Reputational;Economic/Property,High-action autonomy (human-out-of-the-loop),0,0,
2026-05-07-1d75,2026-05-07,USA,incident,18,eng,1,Human or fundamental rights,Medium-action autonomy (human-on-the-loop),0,0,
2026-05-07-3d28,2026-05-07,KOR,incident,8,kor,1,Public interest;Human or fundamental rights,No-action autonomy (human support),0,0,
2026-05-07-11dc,2026-05-07,MEX,incident,6,eng,1,Public interest,No-action autonomy (human support),0,0,
2026-05-07-1210,2026-05-07,ISR,incident,11,eng,1,Human or fundamental rights;Reputational,Low-action autonomy (human-in-the-loop),0,0,
2026-05-07-dbfc,2026-05-07,USA,incident,7,eng,1,Physical (injury);Human or fundamental rights,High-action autonomy (human-out-of-the-loop),0,0,
2026-05-07-7e61,2026-05-07,CHN,incident,18,zho,1,Economic/Property;Reputational,No-action autonomy (human support),0,0,
2026-05-07-8776,2026-05-07,USA,incident,5,eng,1,Economic/Property,,0,0,
2026-05-07-afaa,2026-05-07,USA,hazard,6,tur,1,,,0,0,
2026-05-07-67a9,2026-05-07,JPN,incident,4,jpn,1,Economic/Property,High-action autonomy (human-out-of-the-loop),0,0,
2026-05-07-1a00,2026-05-07,USA,hazard,3,eng,1,Human or fundamental rights,,0,0,
2026-05-07-b538,2026-05-07,GHA,incident,8,eng,1,Economic/Property;Human or fundamental rights,Low-action autonomy (human-in-the-loop),0,0,1579
2026-05-08-6314,2026-05-08,USA,hazard,52,ara;eng;zho,3,Economic/Property;Public interest,,0,0,
2026-05-08-5793,2026-05-08,VNM,incident,8,eng,1,Human or fundamental rights;Public interest,Low-action autonomy (human-in-the-loop),0,0,
2026-05-08-9cab,2026-05-08,USA,incident,16,eng,1,Physical (injury);Economic/Property,High-action autonomy (human-out-of-the-loop),0,0,
2026-05-08-7fab,2026-05-08,ITA,incident,15,ita;pol,2,Psychological,Low-action autonomy (human-in-the-loop),0,0,
2026-05-08-95df,2026-05-08,JPN,hazard,7,jpn,1,Physical (injury);Physical (death);Economic/Property,High-action autonomy (human-out-of-the-loop),0,0,
2026-05-08-e34b,2026-05-08,TWN,incident,4,zho,1,Reputational;Psychological,High-action autonomy (human-out-of-the-loop),0,0,
2026-05-08-23a4,2026-05-08,IND,incident,8,hin,1,Economic/Property,No-action autonomy (human support),0,0,
2026-05-08-f1be,2026-05-08,ESP,hazard,5,spa,1,Reputational;Psychological;Human or fundamental rights,,0,0,
2026-05-08-1b64,2026-05-08,JPN,hazard,30,eng;kor;por,3,Public interest,,0,0,
2026-05-08-6880,2026-05-08,IND,incident,6,eng,1,Reputational;Public interest,Low-action autonomy (human-in-the-loop),0,0,
2026-05-08-80b5,2026-05-08,USA,hazard,6,eng,1,Physical (injury);Physical (death),High-action autonomy (human-out-of-the-loop),0,0,
2026-05-08-9a13,2026-05-08,USA,incident,11,eng;zho,2,Human or fundamental rights,No-action autonomy (human support),0,0,
2026-05-08-8a2a,2026-05-08,USA,incident,4,eng,1,Psychological;Human or fundamental rights,High-action autonomy (human-out-of-the-loop),0,0,
2026-05-08-5b91,2026-05-08,USA,hazard,4,zho,1,,High-action autonomy (human-out-of-the-loop),0,1,
2026-05-08-0cb2,2026-05-08,ITA,incident,5,ita,1,Economic/Property,No-action autonomy (human support),0,0,
2026-05-09-f7e4,2026-05-09,UKR,incident,7,eng,1,Economic/Property,High-action autonomy (human-out-of-the-loop),0,0,
2026-05-09-49b7,2026-05-09,TUR,hazard,12,tur,1,,High-action autonomy (human-out-of-the-loop),0,0,
2026-05-09-962b,2026-05-09,TUR,incident,4,tur,1,Economic/Property;Human or fundamental rights,No-action autonomy (human support),0,0,
2026-05-09-54a1,2026-05-09,IRN,incident,23,jpn;por,2,Physical (death);Economic/Property,High-action autonomy (human-out-of-the-loop),0,0,
2026-05-09-4d97,2026-05-09,USA,incident,9,ell,1,Physical (injury);Physical (death),High-action autonomy (human-out-of-the-loop),0,0,
2026-05-09-3de0,2026-05-09,GBR,hazard,6,eng,1,Environmental,,0,0,
2026-05-09-cbc2,2026-05-09,USA,incident,4,zho,1,,High-action autonomy (human-out-of-the-loop),0,0,
2026-05-09-a86f,2026-05-09,CAN,hazard,3,eng,1,,,0,0,
2026-05-09-eecc,2026-05-09,USA,hazard,20,eng;ron,2,Economic/Property;Public interest;Reputational,High-action autonomy (human-out-of-the-loop),0,0,
2026-05-09-bbf9,2026-05-09,CHN,incident,6,zho,1,Economic/Property,,0,0,
2026-05-09-d37c,2026-05-09,GBR,incident,98,deu;eng;por,3,Economic/Property;Psychological,High-action autonomy (human-out-of-the-loop),0,0,1544
2026-05-10-100f,2026-05-10,ISR,hazard,5,ara,1,Human or fundamental rights,No-action autonomy (human support),0,0,
2026-05-10-3611,2026-05-10,IND,incident,13,eng,1,Reputational;Human or fundamental rights,,0,0,
2026-05-10-6ba3,2026-05-10,BRA,incident,13,por,1,Public interest,No-action autonomy (human support),0,0,
2026-05-10-8873,2026-05-10,KOR,incident,9,kor,1,,,0,0,
2026-05-10-71bc,2026-05-10,ISR,incident,11,ara;tur,2,Physical (death);Human or fundamental rights,Medium-action autonomy (human-on-the-loop),0,0,
2026-05-10-cb4f,2026-05-10,USA,incident,10,eng;por,2,Public interest,,0,0,
2026-05-10-8719,2026-05-10,BRA,hazard,6,por,1,Public interest,,0,0,
2026-05-10-33d1,2026-05-10,DEU,incident,5,deu,1,Psychological;Reputational;Human or fundamental rights,No-action autonomy (human support),0,0,
2026-05-10-164f,2026-05-10,USA,incident,5,spa,1,Human or fundamental rights,,0,0,
2026-05-10-1aec,2026-05-10,USA,incident,9,eng,1,Economic/Property;Reputational,High-action autonomy (human-out-of-the-loop),0,0,
2026-05-10-b9d9,2026-05-10,USA,incident,11,eng,1,Economic/Property,,0,0,
2026-05-10-0307,2026-05-10,USA,hazard,7,fra,1,Economic/Property;Public interest;Human or fundamental rights,No-action autonomy (human support),0,0,
2026-05-10-65be,2026-05-10,USA,incident,4,eng,1,Economic/Property,,0,0,
2026-05-10-cba8,2026-05-10,BGD,incident,20,eng,1,,High-action autonomy (human-out-of-the-loop),0,0,
2026-05-10-5043,2026-05-10,,hazard,7,eng,1,Economic/Property;Reputational;Human or fundamental rights,Low-action autonomy (human-in-the-loop),0,0,
2026-05-11-0918,2026-05-11,GBR,incident,4,eng,1,Economic/Property,,0,0,
2026-05-11-7d2f,2026-05-11,USA,incident,13,eng,1,Human or fundamental rights,High-action autonomy (human-out-of-the-loop),0,0,
2026-05-11-c94c,2026-05-11,CAN,incident,4,eng,1,Psychological;Human or fundamental rights,Low-action autonomy (human-in-the-loop),0,0,
2026-05-11-3468,2026-05-11,UKR,incident,31,deu;ell;eng;por;spa,5,Physical (death);Human or fundamental rights,,0,0,
2026-05-11-b1e9,2026-05-11,USA,incident,265,ara;eng;fra;ita;jpn;por;spa;ukr;urd;zho,10,Public interest,High-action autonomy (human-out-of-the-loop),0,0,
2026-05-11-76c6,2026-05-11,USA,incident,168,ara;deu;eng;fra;ind;ita;por;spa,8,Human or fundamental rights;Psychological,High-action autonomy (human-out-of-the-loop),0,0,
2026-05-11-16e1,2026-05-11,FRA,incident,45,fra;spa,2,Physical (death);Psychological,High-action autonomy (human-out-of-the-loop),0,0,
2026-05-11-e675,2026-05-11,ESP,hazard,57,cat;spa,2,Reputational;Public interest,,0,0,
2026-05-11-3534,2026-05-11,FRA,hazard,38,eng;ind;jpn,3,Economic/Property;Public interest,,0,0,
2026-05-11-e934,2026-05-11,DEU,hazard,11,deu,1,Economic/Property;Public interest,High-action autonomy (human-out-of-the-loop),0,0,
2026-05-11-adac,2026-05-11,KOR,incident,8,kor,1,,High-action autonomy (human-out-of-the-loop),0,0,
2026-05-11-675f,2026-05-11,SGP,incident,16,eng,1,,,0,0,
2026-05-11-6795,2026-05-11,CHN,incident,13,zho,1,Psychological;Economic/Property;Human or fundamental rights,High-action autonomy (human-out-of-the-loop),0,0,
2026-05-11-8327,2026-05-11,ROU,incident,7,ron,1,Human or fundamental rights,,0,0,
2026-05-11-c278,2026-05-11,USA,hazard,5,eng,1,Public interest,,0,0,
2026-05-11-e053,2026-05-11,CAN,hazard,6,eng,1,Economic/Property;Human or fundamental rights;Physical (injury),,0,0,
2026-05-11-2efb,2026-05-11,USA,incident,8,eng,1,,Low-action autonomy (human-in-the-loop),0,0,
2026-05-11-74a6,2026-05-11,ISR,incident,15,eng;ind;tur,3,Human or fundamental rights;Physical (death),,0,0,
2026-05-11-4c49,2026-05-11,UKR,hazard,14,ell;eng,2,Physical (injury);Physical (death);Human or fundamental rights,High-action autonomy (human-out-of-the-loop),0,0,
2026-05-11-eb8b,2026-05-11,USA,incident,5,eng,1,Human or fundamental rights;Psychological,Medium-action autonomy (human-on-the-loop),0,0,
2026-05-11-df19,2026-05-11,IND,hazard,4,hin,1,Environmental,,0,0,
2026-05-11-03e2,2026-05-11,SGP,incident,10,eng;zho,2,Economic/Property;Human or fundamental rights,High-action autonomy (human-out-of-the-loop),0,1,
2026-05-11-d103,2026-05-11,USA,incident,87,ara;hrv;ita;jpn;pol;por;spa;zho,8,Physical (death);Physical (injury),No-action autonomy (human support),0,0,1487
2026-05-12-55cf,2026-05-12,USA,incident,88,ell;eng;fra;hun;jpn;por;ron,7,Physical (death),No-action autonomy (human support),0,0,1370
2026-05-12-cb95,2026-05-12,ESP,incident,3,spa,1,Reputational;Public interest,High-action autonomy (human-out-of-the-loop),0,0,
2026-05-12-3594,2026-05-12,FRA,incident,9,eng;fra,2,Economic/Property;Reputational,,0,0,
2026-05-12-dbbb,2026-05-12,CHN,incident,7,zho,1,Reputational;Psychological,Low-action autonomy (human-in-the-loop),0,0,
2026-05-12-82db,2026-05-12,USA,incident,7,eng,1,Human or fundamental rights,Low-action autonomy (human-in-the-loop),0,0,
2026-05-12-56c2,2026-05-12,,hazard,5,eng,1,Psychological;Public interest,High-action autonomy (human-out-of-the-loop),0,0,
2026-05-12-95e6,2026-05-12,AUS,incident,3,eng,1,Economic/Property;Reputational;Public interest,,0,0,
2026-05-12-3e71,2026-05-12,USA,incident,3,eng,1,Economic/Property,High-action autonomy (human-out-of-the-loop),0,0,
2026-05-12-308f,2026-05-12,,incident,4,eng;zho,2,,No-action autonomy (human support),0,0,
2026-05-12-f647,2026-05-12,USA,hazard,8,nld,1,Economic/Property;Public interest;Reputational,,0,0,
2026-05-12-fddb,2026-05-12,ESP,hazard,4,spa,1,Physical (death);Human or fundamental rights;Public interest,High-action autonomy (human-out-of-the-loop),0,0,
2026-05-12-cdc8,2026-05-12,UKR,incident,42,eng;hun;ukr;zho,4,,,0,0,
2026-05-12-9d1d,2026-05-12,ROU,hazard,16,kor,1,Physical (injury);Physical (death),High-action autonomy (human-out-of-the-loop),0,0,
2026-05-12-daff,2026-05-12,TUR,incident,71,tur,1,Economic/Property,Low-action autonomy (human-in-the-loop),0,0,
2026-05-12-cb8b,2026-05-12,CHN,incident,16,zho,1,Reputational;Economic/Property,,0,0,
2026-05-12-9877,2026-05-12,TWN,incident,9,zho,1,Economic/Property;Physical (injury);Reputational,Low-action autonomy (human-in-the-loop),0,0,
2026-05-12-c1ff,2026-05-12,GRC,incident,8,ell,1,,Low-action autonomy (human-in-the-loop),0,0,
2026-05-12-cfef,2026-05-12,DEU,incident,20,deu,1,Reputational;Economic/Property,High-action autonomy (human-out-of-the-loop),0,0,
2026-05-12-d586,2026-05-12,ARG,incident,13,spa,1,Psychological;Reputational;Human or fundamental rights,,0,0,
2026-05-12-d148,2026-05-12,USA,incident,10,ind,1,Economic/Property;Human or fundamental rights,Low-action autonomy (human-in-the-loop),0,0,
2026-05-12-f150,2026-05-12,KOR,incident,6,kor,1,,High-action autonomy (human-out-of-the-loop),0,0,
2026-05-12-21c2,2026-05-12,SGP,incident,6,eng,1,,Low-action autonomy (human-in-the-loop),0,0,
2026-05-12-f622,2026-05-12,UKR,hazard,15,deu;eng,2,Physical (death);Physical (injury);Human or fundamental rights,High-action autonomy (human-out-of-the-loop),0,0,
2026-05-12-03c4,2026-05-12,UKR,hazard,9,eng,1,,High-action autonomy (human-out-of-the-loop),0,0,
2026-05-12-829c,2026-05-12,,incident,5,eng,1,Human or fundamental rights,,0,0,
2026-05-12-af6c,2026-05-12,,incident,8,hun;mkd,2,Human or fundamental rights;Psychological,High-action autonomy (human-out-of-the-loop),0,0,
2026-05-12-3e97,2026-05-12,DEU,incident,3,deu,1,Economic/Property;Public interest,No-action autonomy (human support),0,0,
2026-05-12-42b6,2026-05-12,ROU,hazard,3,ron,1,Public interest,,0,0,
2026-05-12-3247,2026-05-12,UKR,incident,10,eng;spa;ukr,3,Economic/Property,High-action autonomy (human-out-of-the-loop),0,0,
2026-05-12-75d1,2026-05-12,TWN,hazard,48,kor;zho,2,Economic/Property;Public interest,Low-action autonomy (human-in-the-loop),0,0,
2026-05-12-3ed4,2026-05-12,USA,incident,25,eng;spa,2,Reputational,No-action autonomy (human support),0,0,
2026-05-12-018e,2026-05-12,VNM,incident,8,vie,1,Economic/Property,No-action autonomy (human support),0,0,
2026-05-12-76df,2026-05-12,CAN,incident,14,eng,1,Physical (injury);Human or fundamental rights,,0,0,
2026-05-12-bbba,2026-05-12,FRA,incident,16,fra,1,Reputational,,0,0,
2026-05-12-41e2,2026-05-12,USA,incident,6,eng,1,Physical (injury);Reputational;Public interest,No-action autonomy (human support),0,0,
2026-05-12-0347,2026-05-12,USA,incident,4,eng,1,Psychological;Human or fundamental rights,,0,0,
2026-05-12-31c7,2026-05-12,CHN,hazard,3,zho,1,Physical (death);Human or fundamental rights;Public interest,High-action autonomy (human-out-of-the-loop),0,0,
2026-05-12-7e16,2026-05-12,USA,incident,3,eng,1,Psychological;Reputational;Public interest,No-action autonomy (human support),0,0,
2026-05-12-62dc,2026-05-12,UKR,incident,44,eng;por;spa,3,Physical (death);Physical (injury),High-action autonomy (human-out-of-the-loop),0,0,
2026-05-12-6cfc,2026-05-12,USA,incident,258,deu;eng;fra;por;spa,5,Physical (injury),High-action autonomy (human-out-of-the-loop),0,0,1544
2026-05-13-195e,2026-05-13,GBR,incident,4,eng,1,Economic/Property;Physical (injury);Human or fundamental rights,High-action autonomy (human-out-of-the-loop),0,0,
2026-05-13-062b,2026-05-13,ARG,incident,4,spa,1,Human or fundamental rights;Economic/Property,,0,0,
2026-05-13-e5bb,2026-05-13,GBR,hazard,12,eng,1,Public interest,High-action autonomy (human-out-of-the-loop),0,0,
2026-05-13-7e4b,2026-05-13,TUR,incident,7,tur,1,Reputational;Psychological,,0,0,
2026-05-13-bc87,2026-05-13,USA,incident,12,eng,1,Human or fundamental rights,,0,0,
2026-05-13-5c49,2026-05-13,USA,incident,9,eng,1,Reputational;Economic/Property;Public interest,No-action autonomy (human support),0,0,
2026-05-13-e14e,2026-05-13,KOR,hazard,4,kor,1,,High-action autonomy (human-out-of-the-loop),0,0,
2026-05-13-48d4,2026-05-13,USA,incident,4,eng,1,Reputational;Psychological;Human or fundamental rights,Low-action autonomy (human-in-the-loop),0,0,
2026-05-13-af4b,2026-05-13,USA,hazard,4,eng,1,,,0,0,
2026-05-13-99bc,2026-05-13,NGA,hazard,6,eng,1,Human or fundamental rights,,0,0,
2026-05-13-093d,2026-05-13,USA,hazard,25,ara;ell;pol,3,Human or fundamental rights;Economic/Property,No-action autonomy (human support),0,0,
2026-05-13-f6cf,2026-05-13,BRA,incident,42,por,1,Public interest,Medium-action autonomy (human-on-the-loop),0,0,1497
2026-05-13-6331,2026-05-13,USA,hazard,22,eng;spa,2,Physical (death);Physical (injury);Human or fundamental rights,High-action autonomy (human-out-of-the-loop),0,0,
2026-05-13-d569,2026-05-13,USA,incident,29,eng;por;spa,3,Human or fundamental rights;Psychological,Low-action autonomy (human-in-the-loop),0,0,
2026-05-13-4024,2026-05-13,JPN,hazard,14,eng,1,Economic/Property;Reputational,Low-action autonomy (human-in-the-loop),0,0,
2026-05-13-c2cb,2026-05-13,TWN,hazard,19,eng;zho,2,Physical (death);Human or fundamental rights;Public interest,High-action autonomy (human-out-of-the-loop),0,0,
2026-05-13-9036,2026-05-13,CAN,incident,23,fra;hrv;spa,3,Psychological,No-action autonomy (human support),0,0,
2026-05-13-f1e0,2026-05-13,KOR,hazard,6,kor,1,Public interest;Human or fundamental rights;Economic/Property,High-action autonomy (human-out-of-the-loop),0,0,
2026-05-13-fea6,2026-05-13,ROU,hazard,7,kor,1,,High-action autonomy (human-out-of-the-loop),0,0,
2026-05-13-dec5,2026-05-13,USA,incident,5,fas,1,Physical (death);Physical (injury),No-action autonomy (human support),0,0,
2026-05-13-8454,2026-05-13,TWN,incident,5,zho,1,Psychological;Reputational;Human or fundamental rights,No-action autonomy (human support),0,0,
2026-05-13-9968,2026-05-13,DEU,hazard,5,deu,1,Economic/Property;Public interest,High-action autonomy (human-out-of-the-loop),0,0,
2026-05-13-6bbb,2026-05-13,BRA,incident,4,por,1,,High-action autonomy (human-out-of-the-loop),0,0,
2026-05-13-d3a7,2026-05-13,USA,incident,31,fra;ron;vie;zho,4,Economic/Property;Public interest,High-action autonomy (human-out-of-the-loop),0,0,1544
2026-05-14-593d,2026-05-14,USA,incident,91,ell;eng;ita;jpn;kor;spa,6,Economic/Property;Human or fundamental rights,Low-action autonomy (human-in-the-loop),0,0,
2026-05-14-2ba4,2026-05-14,ITA,incident,13,deu,1,Economic/Property,No-action autonomy (human support),0,0,
2026-05-14-a0cf,2026-05-14,JPN,incident,9,jpn,1,Reputational;Economic/Property,,0,0,
2026-05-14-3669,2026-05-14,CHN,hazard,8,ara,1,Economic/Property;Reputational;Public interest,,0,0,
2026-05-14-ef1b,2026-05-14,USA,incident,28,eng;spa,2,Human or fundamental rights,No-action autonomy (human support),0,0,
2026-05-14-a26b,2026-05-14,ITA,incident,17,ita,1,Psychological,High-action autonomy (human-out-of-the-loop),0,0,
2026-05-14-1081,2026-05-14,SGP,incident,12,eng;zho,2,Economic/Property,No-action autonomy (human support),0,0,
2026-05-14-e11a,2026-05-14,USA,incident,5,eng,1,Reputational;Public interest;Economic/Property,High-action autonomy (human-out-of-the-loop),0,0,
2026-05-14-dd47,2026-05-14,USA,incident,12,eng,1,Economic/Property,No-action autonomy (human support),0,0,
2026-05-14-66b8,2026-05-14,USA,hazard,10,ara;fra,2,,High-action autonomy (human-out-of-the-loop),0,1,
2026-05-14-06e6,2026-05-14,USA,incident,6,eng,1,Economic/Property,High-action autonomy (human-out-of-the-loop),0,1,
2026-05-14-ac89,2026-05-14,USA,hazard,7,kor;spa,2,Economic/Property,High-action autonomy (human-out-of-the-loop),0,0,
2026-05-14-884d,2026-05-14,,hazard,5,eng,1,Public interest,High-action autonomy (human-out-of-the-loop),0,0,
2026-05-14-e7f7,2026-05-14,IND,incident,4,eng,1,Human or fundamental rights,,0,0,
2026-05-14-dd2d,2026-05-14,USA,incident,8,zho,1,Economic/Property;Public interest,,0,0,
2026-05-14-522f,2026-05-14,USA,hazard,4,eng,1,Economic/Property;Public interest,,0,0,
2026-05-14-1f6e,2026-05-14,USA,hazard,6,eng,1,Environmental,,0,0,
2026-05-14-2837,2026-05-14,THA,hazard,4,eng,1,Reputational;Public interest,High-action autonomy (human-out-of-the-loop),0,0,
2026-05-14-a02b,2026-05-14,KOR,hazard,3,ind,1,Economic/Property;Physical (death);Public interest,,0,0,
2026-05-14-a8e8,2026-05-14,USA,incident,29,eng;fra;spa;zho,4,Other,High-action autonomy (human-out-of-the-loop),0,1,
2026-05-14-2271,2026-05-14,USA,incident,29,eng,1,Psychological,High-action autonomy (human-out-of-the-loop),0,0,
2026-05-15-37a3,2026-05-15,PHL,hazard,8,eng,1,Public interest;Human or fundamental rights,High-action autonomy (human-out-of-the-loop),0,0,
2026-05-15-4a94,2026-05-15,USA,incident,25,eng,1,Physical (injury);Psychological;Public interest,High-action autonomy (human-out-of-the-loop),0,0,
2026-05-15-37a2,2026-05-15,PRT,hazard,15,eng,1,Physical (death);Physical (injury),High-action autonomy (human-out-of-the-loop),0,0,
2026-05-15-6a85,2026-05-15,ISR,hazard,3,eng,1,Physical (injury);Physical (death);Human or fundamental rights,,0,0,
2026-05-15-3ecb,2026-05-15,UKR,hazard,7,eng,1,Physical (death);Physical (injury);Human or fundamental rights,High-action autonomy (human-out-of-the-loop),0,0,
2026-05-15-d89f,2026-05-15,USA,hazard,7,ita;por,2,Human or fundamental rights,High-action autonomy (human-out-of-the-loop),0,1,
2026-05-15-b7b2,2026-05-15,USA,incident,49,eng;por;spa;zho,4,Psychological,High-action autonomy (human-out-of-the-loop),0,0,
2026-05-15-2e76,2026-05-15,GBR,hazard,15,eng,1,Economic/Property;Public interest,,0,0,
2026-05-15-0265,2026-05-15,USA,hazard,64,ara;deu;eng;por,4,Economic/Property;Public interest,,0,0,
2026-05-15-2c57,2026-05-15,CHN,incident,12,zho,1,Economic/Property,Low-action autonomy (human-in-the-loop),0,0,
2026-05-15-90a2,2026-05-15,USA,incident,7,eng,1,Economic/Property,,0,0,
2026-05-15-45f7,2026-05-15,JPN,incident,5,eng,1,Human or fundamental rights,,0,0,
2026-05-15-2719,2026-05-15,USA,incident,3,zho,1,Economic/Property;Psychological;Reputational,High-action autonomy (human-out-of-the-loop),0,0,
2026-05-15-2ce4,2026-05-15,USA,incident,3,eng;spa,2,Economic/Property,No-action autonomy (human support),0,0,
2026-05-15-c037,2026-05-15,GBR,hazard,16,eng,1,Physical (death);Physical (injury),High-action autonomy (human-out-of-the-loop),0,0,
2026-05-15-409e,2026-05-15,USA,incident,5,eng,1,Economic/Property,,0,0,
2026-05-15-2e91,2026-05-15,USA,incident,8,eng,1,Economic/Property,No-action autonomy (human support),0,0,
2026-05-15-d710,2026-05-15,UKR,incident,17,ara;eng;ukr,3,Physical (death);Economic/Property,High-action autonomy (human-out-of-the-loop),0,0,
2026-05-16-5ad1,2026-05-16,BRA,hazard,43,por,1,Public interest,,0,0,
2026-05-16-3af9,2026-05-16,IND,incident,5,eng,1,Economic/Property;Human or fundamental rights;Psychological,Low-action autonomy (human-in-the-loop),0,0,
2026-05-16-1960,2026-05-16,USA,hazard,17,eng,1,Economic/Property,High-action autonomy (human-out-of-the-loop),0,0,
2026-05-16-80b5,2026-05-16,CHN,incident,5,zho,1,Psychological;Reputational,No-action autonomy (human support),0,0,
2026-05-16-6545,2026-05-16,,incident,15,ara;por;spa,3,Human or fundamental rights;Economic/Property,High-action autonomy (human-out-of-the-loop),0,0,
2026-05-16-577f,2026-05-16,USA,hazard,23,eng,1,Human or fundamental rights,Medium-action autonomy (human-on-the-loop),0,0,
2026-05-16-14a5,2026-05-16,USA,incident,7,eng,1,Human or fundamental rights;Psychological,No-action autonomy (human support),0,0,
2026-05-16-909b,2026-05-16,USA,hazard,14,eng;jpn,2,,No-action autonomy (human support),0,0,
2026-05-17-7c88,2026-05-17,,incident,8,zho,1,Economic/Property,,0,1,
2026-05-17-e26e,2026-05-17,GBR,incident,6,por,1,Physical (injury);Psychological,,0,0,
2026-05-17-fccf,2026-05-17,UKR,hazard,18,zho,1,Physical (death);Economic/Property,High-action autonomy (human-out-of-the-loop),0,0,
2026-05-17-da3f,2026-05-17,CHN,hazard,9,deu;ind,2,Human or fundamental rights;Economic/Property,,0,0,
2026-05-18-971f,2026-05-18,USA,incident,12,eng,1,Economic/Property;Reputational,Low-action autonomy (human-in-the-loop),0,0,1679
2026-05-18-4975,2026-05-18,,hazard,5,eng,1,Public interest;Human or fundamental rights;Physical (death),High-action autonomy (human-out-of-the-loop),0,0,
2026-05-18-8528,2026-05-18,USA,incident,41,eng;spa,2,Human or fundamental rights,,0,0,
2026-05-18-69f0,2026-05-18,IND,incident,6,eng,1,Human or fundamental rights,,0,0,
2026-05-18-5f06,2026-05-18,USA,hazard,13,eng,1,Physical (death);Human or fundamental rights,High-action autonomy (human-out-of-the-loop),0,0,
2026-05-18-c55b,2026-05-18,ISR,hazard,8,eng,1,,High-action autonomy (human-out-of-the-loop),0,0,
2026-05-18-0643,2026-05-18,USA,hazard,17,eng,1,Physical (injury),High-action autonomy (human-out-of-the-loop),0,0,
2026-05-18-b527,2026-05-18,GRC,hazard,12,ell,1,Human or fundamental rights,Medium-action autonomy (human-on-the-loop),0,0,
2026-05-18-307d,2026-05-18,BGR,incident,12,bul,1,Economic/Property;Physical (injury),No-action autonomy (human support),0,0,
2026-05-18-9279,2026-05-18,USA,hazard,13,eng,1,Economic/Property;Public interest,,0,0,
2026-05-18-9e99,2026-05-18,USA,incident,5,eng,1,Reputational,,0,0,
2026-05-18-c4bb,2026-05-18,TUR,incident,14,tur,1,,Medium-action autonomy (human-on-the-loop),0,0,
2026-05-18-36da,2026-05-18,JPN,hazard,41,jpn,1,Economic/Property;Public interest,High-action autonomy (human-out-of-the-loop),0,0,
2026-05-18-adca,2026-05-18,USA,hazard,6,eng,1,Human or fundamental rights,,0,0,
2026-05-18-4aec,2026-05-18,CHN,incident,3,zho,1,Public interest,,0,0,
2026-05-18-40c8,2026-05-18,JPN,incident,11,jpn,1,Economic/Property;Psychological,No-action autonomy (human support),0,0,
2026-05-18-735f,2026-05-18,BRA,incident,9,por,1,Public interest;Reputational,Low-action autonomy (human-in-the-loop),0,0,
2026-05-18-75c1,2026-05-18,GBR,incident,9,eng,1,Reputational;Public interest,Low-action autonomy (human-in-the-loop),0,0,
2026-05-18-7b55,2026-05-18,USA,incident,4,eng,1,Physical (injury),Low-action autonomy (human-in-the-loop),0,0,
2026-05-18-427e,2026-05-18,USA,hazard,5,eng,1,,,0,0,
2026-05-18-e6ad,2026-05-18,USA,hazard,4,eng,1,Physical (injury);Economic/Property,No-action autonomy (human support),0,0,
2026-05-18-6723,2026-05-18,USA,hazard,4,eng,1,Physical (death);Physical (injury);Public interest,High-action autonomy (human-out-of-the-loop),0,0,
2026-05-18-18b0,2026-05-18,RUS,hazard,3,eng,1,Human or fundamental rights,High-action autonomy (human-out-of-the-loop),0,1,
2026-05-18-b34a,2026-05-18,USA,incident,32,eng,1,Psychological,High-action autonomy (human-out-of-the-loop),0,0,1503
2026-05-19-8e66,2026-05-19,GBR,incident,244,deu;ell;eng;fra;por;ron;spa;zho,8,Economic/Property,,0,0,
2026-05-19-9f21,2026-05-19,DEU,hazard,26,deu;eng,2,Physical (death);Physical (injury),High-action autonomy (human-out-of-the-loop),0,0,
2026-05-19-f57e,2026-05-19,USA,incident,24,eng,1,Public interest;Reputational,Low-action autonomy (human-in-the-loop),0,0,1504
2026-05-19-df32,2026-05-19,BRA,incident,8,por,1,Economic/Property,No-action autonomy (human support),0,0,
2026-05-19-882c,2026-05-19,CHN,incident,7,zho,1,Public interest,,0,0,
2026-05-19-803f,2026-05-19,USA,incident,7,eng,1,Psychological,High-action autonomy (human-out-of-the-loop),0,0,
2026-05-19-ad82,2026-05-19,TWN,hazard,6,zho,1,Human or fundamental rights;Economic/Property,Low-action autonomy (human-in-the-loop),0,0,
2026-05-19-8fd8,2026-05-19,DEU,hazard,5,deu,1,Physical (death);Physical (injury),High-action autonomy (human-out-of-the-loop),0,0,
2026-05-19-feab,2026-05-19,BIH,incident,6,hrv,1,Economic/Property;Human or fundamental rights,No-action autonomy (human support),0,0,
2026-05-19-34ce,2026-05-19,BEL,incident,5,fra,1,Psychological;Human or fundamental rights,,0,0,
2026-05-19-413b,2026-05-19,GBR,incident,43,eng,1,Psychological,High-action autonomy (human-out-of-the-loop),0,0,
2026-05-19-ae00,2026-05-19,KOR,incident,94,eng;ind;kor;spa,4,Reputational;Economic/Property,No-action autonomy (human support),0,0,
2026-05-19-467f,2026-05-19,CHN,incident,9,zho,1,Reputational;Public interest,Medium-action autonomy (human-on-the-loop),0,0,
2026-05-19-cee9,2026-05-19,TWN,incident,7,zho,1,Human or fundamental rights;Psychological,No-action autonomy (human support),0,0,
2026-05-19-f6e3,2026-05-19,USA,hazard,6,eng,1,Economic/Property,,0,0,
2026-05-19-cfbf,2026-05-19,SGP,incident,6,eng,1,Economic/Property,,0,0,
2026-05-19-6d4f,2026-05-19,USA,hazard,6,eng,1,Physical (death);Physical (injury);Human or fundamental rights,High-action autonomy (human-out-of-the-loop),0,0,
2026-05-19-a651,2026-05-19,USA,incident,6,eng,1,,Medium-action autonomy (human-on-the-loop),0,0,
2026-05-19-50c1,2026-05-19,USA,hazard,6,eng,1,,High-action autonomy (human-out-of-the-loop),0,0,
2026-05-19-ffd7,2026-05-19,MEX,hazard,5,spa,1,Economic/Property;Human or fundamental rights,High-action autonomy (human-out-of-the-loop),0,0,
2026-05-19-a7ef,2026-05-19,MEX,incident,5,spa,1,Reputational,No-action autonomy (human support),0,0,
2026-05-19-8718,2026-05-19,DEU,hazard,4,deu,1,Economic/Property,High-action autonomy (human-out-of-the-loop),0,1,
2026-05-19-671b,2026-05-19,USA,hazard,63,eng,1,Economic/Property;Reputational;Human or fundamental rights,Low-action autonomy (human-in-the-loop),0,0,
2026-05-19-df6b,2026-05-19,GBR,incident,6,eng,1,Human or fundamental rights;Psychological,No-action autonomy (human support),0,0,
2026-05-19-218d,2026-05-19,USA,incident,5,vie,1,Human or fundamental rights;Psychological;Public interest,No-action autonomy (human support),0,0,
2026-05-19-3714,2026-05-19,GBR,incident,3,eng,1,Psychological,,0,0,
2026-05-20-162b,2026-05-20,BRA,hazard,30,por,1,Public interest;Reputational,,0,0,
2026-05-20-77df,2026-05-20,BRA,hazard,19,por,1,Human or fundamental rights,,0,0,
2026-05-20-60c7,2026-05-20,USA,incident,13,eng,1,Reputational;Economic/Property;Human or fundamental rights,,0,0,
2026-05-20-a4f1,2026-05-20,USA,incident,21,eng,1,Human or fundamental rights;Reputational;Psychological,No-action autonomy (human support),0,0,1500;1501
2026-05-20-c122,2026-05-20,JPN,hazard,10,jpn,1,,,0,0,
2026-05-20-f1d4,2026-05-20,CHN,incident,38,por;zho,2,Human or fundamental rights,Medium-action autonomy (human-on-the-loop),0,0,
2026-05-20-c671,2026-05-20,USA,incident,10,deu;eng,2,Economic/Property,Low-action autonomy (human-in-the-loop),0,0,
2026-05-20-cda0,2026-05-20,USA,hazard,9,spa,1,Psychological,High-action autonomy (human-out-of-the-loop),0,0,
2026-05-20-c268,2026-05-20,CHN,incident,8,zho,1,Reputational;Human or fundamental rights,High-action autonomy (human-out-of-the-loop),0,0,
2026-05-20-2646,2026-05-20,DEU,incident,7,zho,1,Economic/Property;Public interest,,0,0,
2026-05-20-b335,2026-05-20,USA,hazard,8,eng,1,,,0,0,
2026-05-20-f1df,2026-05-20,USA,incident,15,eng;spa,2,Environmental,,0,0,
2026-05-20-e236,2026-05-20,DEU,hazard,13,deu;eng,2,Economic/Property;Human or fundamental rights,High-action autonomy (human-out-of-the-loop),0,1,
2026-05-20-8fd9,2026-05-20,BRA,incident,7,por,1,Reputational;Psychological,Low-action autonomy (human-in-the-loop),0,0,
2026-05-20-8c6e,2026-05-20,USA,incident,9,eng;ind,2,Economic/Property,,0,0,
2026-05-20-a437,2026-05-20,IND,incident,5,eng,1,Economic/Property;Psychological,No-action autonomy (human support),0,0,
2026-05-20-da5b,2026-05-20,USA,hazard,5,eng,1,Economic/Property,High-action autonomy (human-out-of-the-loop),0,0,
2026-05-20-edc4,2026-05-20,ITA,incident,5,ita,1,Human or fundamental rights,Medium-action autonomy (human-on-the-loop),0,0,
2026-05-20-531c,2026-05-20,USA,incident,6,eng,1,Economic/Property;Public interest,High-action autonomy (human-out-of-the-loop),0,0,
2026-05-20-2ae7,2026-05-20,UKR,incident,5,por,1,Economic/Property,High-action autonomy (human-out-of-the-loop),0,0,
2026-05-20-d13f,2026-05-20,CAN,hazard,5,eng,1,Human or fundamental rights;Public interest,,0,0,
2026-05-20-0652,2026-05-20,CHN,incident,5,zho,1,Psychological;Public interest,No-action autonomy (human support),0,0,
2026-05-20-6841,2026-05-20,USA,hazard,4,eng,1,Environmental,,0,0,
2026-05-20-8989,2026-05-20,USA,incident,3,zho,1,,No-action autonomy (human support),0,0,
2026-05-20-74ce,2026-05-20,USA,incident,7,eng,1,Economic/Property,,0,0,
2026-05-20-299e,2026-05-20,USA,hazard,5,eng,1,,High-action autonomy (human-out-of-the-loop),0,0,
2026-05-20-4364,2026-05-20,USA,incident,21,eng;zho,2,Economic/Property;Human or fundamental rights,,0,0,
2026-05-20-b0bc,2026-05-20,IND,hazard,3,eng,1,Reputational;Psychological,Low-action autonomy (human-in-the-loop),0,0,
2026-05-20-b564,2026-05-20,BRA,incident,5,por,1,Public interest,,0,0,
2026-05-20-86bb,2026-05-20,GRC,incident,15,ell,1,Economic/Property;Human or fundamental rights,High-action autonomy (human-out-of-the-loop),0,0,
2026-05-20-8b39,2026-05-20,IND,incident,5,eng,1,Economic/Property;Psychological,,0,0,
2026-05-20-05d5,2026-05-20,USA,incident,22,eng;zho,2,Environmental;Physical (injury),,0,0,
2026-05-21-127f,2026-05-21,,incident,82,deu;ell;eng;fra;por;slv;spa,7,Economic/Property,,0,0,
2026-05-21-133e,2026-05-21,USA,incident,59,eng;por,2,Psychological,High-action autonomy (human-out-of-the-loop),0,0,
2026-05-21-9c6b,2026-05-21,MYS,incident,28,eng;ind;zho,3,Reputational;Public interest,Medium-action autonomy (human-on-the-loop),0,0,
2026-05-21-194b,2026-05-21,IND,incident,12,eng,1,Economic/Property;Reputational,No-action autonomy (human support),0,0,
2026-05-21-3af9,2026-05-21,USA,hazard,13,eng,1,Economic/Property,,0,0,
2026-05-21-95bc,2026-05-21,ESP,incident,9,spa,1,Psychological,High-action autonomy (human-out-of-the-loop),0,0,
2026-05-21-53b5,2026-05-21,BRA,incident,8,por,1,,High-action autonomy (human-out-of-the-loop),0,0,
2026-05-21-33df,2026-05-21,JPN,hazard,16,jpn,1,,No-action autonomy (human support),0,0,
2026-05-21-0da7,2026-05-21,ESP,hazard,6,spa,1,,Low-action autonomy (human-in-the-loop),0,0,
2026-05-21-e138,2026-05-21,UKR,incident,6,ukr,1,Economic/Property,,0,0,
2026-05-21-6f74,2026-05-21,KOR,hazard,6,kor,1,,High-action autonomy (human-out-of-the-loop),0,1,
2026-05-21-60e9,2026-05-21,GBR,hazard,11,eng,1,Physical (injury);Physical (death),High-action autonomy (human-out-of-the-loop),0,0,
2026-05-21-5bb6,2026-05-21,USA,incident,11,eng,1,Economic/Property;Reputational;Human or fundamental rights,Low-action autonomy (human-in-the-loop),0,0,
2026-05-21-e174,2026-05-21,USA,incident,94,ara;deu;ell;eng;fra;spa;zho,7,Psychological,High-action autonomy (human-out-of-the-loop),0,0,
2026-05-21-2e8e,2026-05-21,MYS,incident,5,eng,1,Economic/Property,Low-action autonomy (human-in-the-loop),0,0,
2026-05-21-3b21,2026-05-21,USA,incident,5,deu,1,Reputational;Public interest,Low-action autonomy (human-in-the-loop),0,0,
2026-05-21-2cb0,2026-05-21,USA,incident,9,zho,1,Economic/Property;Psychological;Reputational,No-action autonomy (human support),0,0,
2026-05-21-cd70,2026-05-21,IND,incident,4,eng,1,Economic/Property;Reputational,,0,0,
2026-05-21-877c,2026-05-21,MEX,hazard,6,spa,1,Human or fundamental rights,Medium-action autonomy (human-on-the-loop),0,0,
2026-05-21-2035,2026-05-21,USA,incident,11,eng;jpn,2,Reputational,No-action autonomy (human support),0,0,
2026-05-22-c4aa,2026-05-22,USA,incident,6,eng;spa,2,Economic/Property,,0,0,1662
2026-05-22-ca85,2026-05-22,KOR,incident,10,kor,1,Public interest;Psychological;Reputational,,0,0,
2026-05-22-a2ce,2026-05-22,USA,incident,28,eng;ind;spa,3,Human or fundamental rights,Low-action autonomy (human-in-the-loop),0,0,
2026-05-22-fbda,2026-05-22,TUR,hazard,6,tur,1,Human or fundamental rights,,0,0,
2026-05-22-fb97,2026-05-22,JPN,incident,50,eng;jpn;spa;zho,4,Economic/Property;Human or fundamental rights,,0,0,
2026-05-22-1cad,2026-05-22,USA,hazard,14,eng,1,Public interest,,0,0,
2026-05-22-ff3b,2026-05-22,IND,incident,30,eng;hin,2,Physical (death);Physical (injury),No-action autonomy (human support),0,0,
2026-05-22-14e1,2026-05-22,TWN,incident,26,eng;jpn;por;spa,4,,,0,0,
2026-05-22-3165,2026-05-22,USA,incident,13,eng;por,2,,High-action autonomy (human-out-of-the-loop),0,0,
2026-05-22-fef6,2026-05-22,USA,incident,21,eng;zho,2,Physical (injury),High-action autonomy (human-out-of-the-loop),0,0,
2026-05-22-58f7,2026-05-22,IND,hazard,4,eng,1,Human or fundamental rights,Medium-action autonomy (human-on-the-loop),0,0,
2026-05-22-fc5d,2026-05-22,USA,hazard,119,eng;fra;ita;nld;por;spa,6,Psychological,Medium-action autonomy (human-on-the-loop),0,0,
2026-05-23-043f,2026-05-23,IND,incident,77,eng,1,Human or fundamental rights;Reputational;Psychological,,0,0,
2026-05-23-7d37,2026-05-23,ARG,incident,5,spa,1,Economic/Property;Human or fundamental rights;Reputational,High-action autonomy (human-out-of-the-loop),0,0,
2026-05-23-9c09,2026-05-23,BRA,incident,13,por,1,Reputational;Public interest,No-action autonomy (human support),0,0,
2026-05-23-36d7,2026-05-23,USA,hazard,46,ell;kor;zho,3,Economic/Property,,0,0,
2026-05-23-55bc,2026-05-23,CHN,hazard,4,ron,1,,High-action autonomy (human-out-of-the-loop),0,0,
2026-05-23-209b,2026-05-23,GBR,incident,3,eng,1,Psychological;Reputational;Human or fundamental rights,No-action autonomy (human support),0,0,
2026-05-24-9857,2026-05-24,IND,hazard,30,eng,1,Human or fundamental rights,,0,0,
2026-05-24-3e4f,2026-05-24,TUR,incident,19,tur,1,Economic/Property,,0,0,
2026-05-24-ce93,2026-05-24,USA,hazard,31,eng;hin,2,,,0,0,
2026-05-24-1c61,2026-05-24,,hazard,99,eng;fra;ita,3,Other,No-action autonomy (human support),0,0,
2026-05-24-eb51,2026-05-24,GBR,incident,9,ell;vie,2,Psychological,Low-action autonomy (human-in-the-loop),0,0,
2026-05-24-e059,2026-05-24,CHN,incident,7,eng,1,Human or fundamental rights,High-action autonomy (human-out-of-the-loop),0,0,
2026-05-24-c239,2026-05-24,CHN,incident,7,zho,1,Economic/Property,,0,0,
2026-05-24-cdd8,2026-05-24,GBR,hazard,7,eng,1,Environmental,,0,0,
2026-05-24-f322,2026-05-24,USA,incident,14,eng,1,Economic/Property;Psychological,No-action autonomy (human support),0,0,1505
2026-05-24-828c,2026-05-24,MEX,incident,24,spa,1,Human or fundamental rights,Low-action autonomy (human-in-the-loop),0,0,
2026-05-24-7ff4,2026-05-24,SAU,incident,6,eng,1,Economic/Property;Public interest,,0,0,
2026-05-25-f49c,2026-05-25,SWE,incident,58,deu;eng;fra;por;spa,5,Economic/Property;Public interest,High-action autonomy (human-out-of-the-loop),0,0,
2026-05-25-8c0c,2026-05-25,USA,incident,19,eng,1,Physical (injury),High-action autonomy (human-out-of-the-loop),0,0,
2026-05-25-8d32,2026-05-25,USA,hazard,15,eng;ron,2,Physical (injury);Physical (death),High-action autonomy (human-out-of-the-loop),0,0,
2026-05-25-bc03,2026-05-25,TWN,hazard,9,zho,1,Physical (injury);Human or fundamental rights;Public interest,High-action autonomy (human-out-of-the-loop),0,0,
2026-05-25-ab69,2026-05-25,ARE,hazard,5,zho,1,,,0,0,
2026-05-25-2739,2026-05-25,,incident,8,eng,1,Economic/Property,Low-action autonomy (human-in-the-loop),0,0,
2026-05-25-602d,2026-05-25,DEU,hazard,17,eng;fra;ita,3,Human or fundamental rights,,0,0,
2026-05-25-487f,2026-05-25,USA,incident,13,eng;por,2,Physical (death);Physical (injury),No-action autonomy (human support),0,0,
2026-05-25-a280,2026-05-25,USA,incident,11,eng;spa,2,Human or fundamental rights;Economic/Property,,0,0,
2026-05-25-d736,2026-05-25,TUR,incident,5,tur,1,Public interest;Human or fundamental rights,High-action autonomy (human-out-of-the-loop),0,0,
2026-05-25-8a7e,2026-05-25,USA,incident,4,eng,1,Psychological,,0,0,
2026-05-25-fcd8,2026-05-25,NLD,hazard,5,nld,1,Physical (injury),,0,0,
2026-05-25-e672,2026-05-25,USA,hazard,77,deu;eng;spa;zho,4,Economic/Property,High-action autonomy (human-out-of-the-loop),0,1,
2026-05-25-fde7,2026-05-25,ESP,incident,6,spa,1,Economic/Property;Reputational;Public interest,High-action autonomy (human-out-of-the-loop),0,0,
2026-05-25-9357,2026-05-25,ITA,hazard,5,ell,1,Human or fundamental rights;Psychological;Economic/Property,,0,0,
2026-05-25-61b3,2026-05-25,PRK,incident,92,deu;eng;ind;por;ukr;zho,6,Physical (death);Public interest,High-action autonomy (human-out-of-the-loop),0,0,
2026-05-25-47f9,2026-05-25,USA,hazard,11,eng,1,Physical (injury);Economic/Property,High-action autonomy (human-out-of-the-loop),0,0,
2026-05-25-8330,2026-05-25,KOR,incident,18,fra;tur,2,Economic/Property;Reputational;Psychological,Low-action autonomy (human-in-the-loop),0,0,
2026-05-25-160d,2026-05-25,ARG,hazard,4,vie,1,Human or fundamental rights,,0,0,
2026-05-25-ea3a,2026-05-25,USA,hazard,3,eng,1,Environmental,,0,0,
2026-05-25-197e,2026-05-25,USA,incident,21,eng;spa;tur,3,Psychological,High-action autonomy (human-out-of-the-loop),0,0,
2026-05-26-5454,2026-05-26,USA,incident,8,zho,1,Economic/Property;Reputational,High-action autonomy (human-out-of-the-loop),0,0,1673
2026-05-26-4512,2026-05-26,USA,incident,33,eng;spa,2,Psychological,High-action autonomy (human-out-of-the-loop),0,0,
2026-05-26-7ba4,2026-05-26,GRC,incident,20,ell,1,Psychological;Human or fundamental rights,Low-action autonomy (human-in-the-loop),0,0,
2026-05-26-32db,2026-05-26,KOR,hazard,53,kor,1,,High-action autonomy (human-out-of-the-loop),0,0,
2026-05-26-6138,2026-05-26,ESP,incident,16,spa,1,Economic/Property,Low-action autonomy (human-in-the-loop),0,0,
2026-05-26-7698,2026-05-26,JPN,incident,12,jpn,1,Economic/Property,High-action autonomy (human-out-of-the-loop),0,0,
2026-05-26-4b1a,2026-05-26,ESP,hazard,6,spa,1,Physical (death);Physical (injury);Human or fundamental rights,High-action autonomy (human-out-of-the-loop),0,0,
2026-05-26-2a2b,2026-05-26,USA,incident,5,eng,1,Human or fundamental rights;Psychological,,0,0,
2026-05-26-63b4,2026-05-26,TUR,incident,6,tur,1,Physical (death);Economic/Property;Public interest,High-action autonomy (human-out-of-the-loop),0,0,
2026-05-26-b528,2026-05-26,IND,incident,4,eng,1,Reputational;Public interest,,0,0,
2026-05-26-70ed,2026-05-26,NLD,hazard,7,nld,1,Economic/Property;Public interest,Low-action autonomy (human-in-the-loop),0,0,
2026-05-26-b248,2026-05-26,USA,incident,18,eng,1,Human or fundamental rights;Economic/Property,,0,0,
2026-05-26-d84d,2026-05-26,ALB,incident,5,deu,1,Economic/Property;Human or fundamental rights;Public interest,High-action autonomy (human-out-of-the-loop),0,0,
2026-05-26-e37a,2026-05-26,USA,hazard,4,eng,1,,High-action autonomy (human-out-of-the-loop),0,0,
2026-05-26-424e,2026-05-26,IDN,incident,14,ind,1,Reputational;Public interest,Low-action autonomy (human-in-the-loop),0,0,
2026-05-26-b993,2026-05-26,USA,incident,12,eng,1,Human or fundamental rights;Public interest,High-action autonomy (human-out-of-the-loop),0,0,
2026-05-26-851d,2026-05-26,MEX,incident,6,spa,1,Reputational,Low-action autonomy (human-in-the-loop),0,0,
2026-05-26-bc48,2026-05-26,USA,incident,6,eng,1,Economic/Property,,0,0,
2026-05-26-f8fd,2026-05-26,COL,incident,3,spa,1,Public interest;Economic/Property;Human or fundamental rights,,0,0,
2026-05-26-ae16,2026-05-26,CHE,hazard,6,deu,1,Economic/Property;Psychological,Low-action autonomy (human-in-the-loop),0,0,
2026-05-26-bf10,2026-05-26,USA,incident,5,eng,1,Physical (death),,0,0,1375
2026-05-26-9ae4,2026-05-26,USA,incident,23,eng;fra;spa,3,Physical (injury),,0,0,
2026-05-27-04e9,2026-05-27,,incident,20,eng,1,Economic/Property,,0,0,
2026-05-27-acca,2026-05-27,NGA,incident,41,eng,1,Reputational;Public interest,Low-action autonomy (human-in-the-loop),0,0,
2026-05-27-83ad,2026-05-27,ESP,incident,7,spa,1,Psychological;Human or fundamental rights,Low-action autonomy (human-in-the-loop),0,0,
2026-05-27-e8bb,2026-05-27,GBR,incident,6,eng,1,Economic/Property,,0,0,
2026-05-27-ff24,2026-05-27,KOR,incident,6,kor,1,,High-action autonomy (human-out-of-the-loop),0,0,
2026-05-27-dd27,2026-05-27,UKR,hazard,6,ukr,1,,Low-action autonomy (human-in-the-loop),0,0,
2026-05-27-6402,2026-05-27,USA,incident,5,eng,1,Human or fundamental rights;Psychological,No-action autonomy (human support),0,0,
2026-05-27-6f4b,2026-05-27,TWN,incident,6,zho,1,Economic/Property;Reputational,Low-action autonomy (human-in-the-loop),0,0,
2026-05-27-2b94,2026-05-27,GBR,hazard,46,eng,1,Human or fundamental rights,,0,0,
2026-05-27-2d4c,2026-05-27,BRA,incident,25,por,1,Reputational,No-action autonomy (human support),0,0,
2026-05-27-5528,2026-05-27,USA,incident,56,eng;por;spa,3,Physical (injury),Medium-action autonomy (human-on-the-loop),0,0,
2026-05-27-d55c,2026-05-27,CHN,incident,19,zho,1,Physical (injury),No-action autonomy (human support),0,0,
2026-05-27-81e0,2026-05-27,USA,incident,11,zho,1,Economic/Property;Public interest,High-action autonomy (human-out-of-the-loop),0,1,
2026-05-27-5e45,2026-05-27,USA,incident,7,eng,1,,High-action autonomy (human-out-of-the-loop),0,0,
2026-05-27-ffda,2026-05-27,USA,incident,6,eng,1,Economic/Property,No-action autonomy (human support),0,0,
2026-05-27-dd81,2026-05-27,USA,hazard,17,eng;spa,2,Human or fundamental rights;Psychological,Low-action autonomy (human-in-the-loop),0,0,
2026-05-27-01b6,2026-05-27,USA,hazard,5,eng,1,,High-action autonomy (human-out-of-the-loop),0,0,
2026-05-27-52c8,2026-05-27,AUS,hazard,5,eng,1,Physical (injury),Low-action autonomy (human-in-the-loop),0,0,
2026-05-27-9078,2026-05-27,IRL,incident,5,eng,1,Human or fundamental rights;Psychological;Public interest,,0,0,
2026-05-27-2696,2026-05-27,CHN,incident,5,zho,1,Economic/Property,No-action autonomy (human support),0,0,
2026-05-27-2984,2026-05-27,USA,hazard,5,eng,1,,Low-action autonomy (human-in-the-loop),0,0,
2026-05-27-30f8,2026-05-27,USA,incident,5,eng,1,Human or fundamental rights,,0,0,
2026-05-27-81fe,2026-05-27,ISR,hazard,5,eng,1,Physical (injury);Physical (death),High-action autonomy (human-out-of-the-loop),0,0,
2026-05-27-700a,2026-05-27,USA,incident,15,eng,1,Physical (death);Physical (injury),Medium-action autonomy (human-on-the-loop),0,0,
2026-05-27-f024,2026-05-27,USA,hazard,4,zho,1,Environmental;Physical (injury);Public interest,,0,0,
2026-05-27-9374,2026-05-27,USA,incident,3,eng,1,Economic/Property,No-action autonomy (human support),0,0,
2026-05-27-3d14,2026-05-27,CHN,incident,3,zho,1,Economic/Property;Public interest,,0,0,
2026-05-27-f481,2026-05-27,CHN,incident,44,deu;eng;fra;kor;zho,5,Economic/Property,Medium-action autonomy (human-on-the-loop),0,0,
2026-05-27-0652,2026-05-27,DNK,incident,7,dan,1,Reputational;Public interest,,0,0,
2026-05-27-73ba,2026-05-27,CHN,hazard,4,fra,1,Physical (injury);Physical (death),High-action autonomy (human-out-of-the-loop),0,0,
2026-05-28-0c89,2026-05-28,USA,incident,55,eng;zho,2,Economic/Property,High-action autonomy (human-out-of-the-loop),0,0,
2026-05-28-fe89,2026-05-28,IND,incident,22,eng;hin,2,Psychological;Reputational;Human or fundamental rights,Low-action autonomy (human-in-the-loop),0,0,
2026-05-28-32a8,2026-05-28,IDN,incident,9,ind,1,Economic/Property,No-action autonomy (human support),0,0,
2026-05-28-f6a9,2026-05-28,ROU,hazard,9,ron,1,Physical (death);Public interest,High-action autonomy (human-out-of-the-loop),0,0,
2026-05-28-cf12,2026-05-28,FRA,incident,22,eng,1,Economic/Property;Psychological;Reputational,Medium-action autonomy (human-on-the-loop),0,0,
2026-05-28-96dd,2026-05-28,USA,hazard,13,eng;zho,2,Physical (injury),,0,0,
2026-05-28-0be5,2026-05-28,,hazard,6,eng,1,Economic/Property,,0,0,
2026-05-28-f5ee,2026-05-28,UKR,incident,4,ukr,1,Economic/Property;Psychological,No-action autonomy (human support),0,0,
2026-05-28-dd3a,2026-05-28,KOR,hazard,4,kor,1,,Low-action autonomy (human-in-the-loop),0,0,
2026-05-28-b79a,2026-05-28,IDN,incident,4,ind,1,Economic/Property,No-action autonomy (human support),0,0,
2026-05-28-5cd7,2026-05-28,USA,incident,3,eng,1,Economic/Property,High-action autonomy (human-out-of-the-loop),0,0,
2026-05-28-0972,2026-05-28,JPN,incident,6,jpn,1,Reputational;Economic/Property,,0,0,
2026-05-28-bbfd,2026-05-28,GBR,incident,5,spa,1,Human or fundamental rights;Environmental,No-action autonomy (human support),0,0,
2026-05-28-40da,2026-05-28,IND,incident,6,hin,1,Physical (injury);Economic/Property,No-action autonomy (human support),0,0,
2026-05-28-2335,2026-05-28,KOR,incident,9,kor,1,Public interest,Low-action autonomy (human-in-the-loop),0,0,
2026-05-28-b014,2026-05-28,USA,hazard,5,eng,1,Reputational,High-action autonomy (human-out-of-the-loop),0,0,
2026-05-28-432e,2026-05-28,USA,incident,18,fra;spa,2,Physical (injury);Physical (death),Medium-action autonomy (human-on-the-loop),0,0,
2026-05-28-d57c,2026-05-28,IRL,incident,6,eng,1,Economic/Property;Public interest,No-action autonomy (human support),0,0,1549
2026-05-29-7094,2026-05-29,IND,incident,34,eng,1,Reputational;Human or fundamental rights,Low-action autonomy (human-in-the-loop),0,0,
2026-05-29-e32f,2026-05-29,KOR,incident,37,kor,1,Reputational;Public interest,,0,0,
2026-05-29-2fa5,2026-05-29,KOR,hazard,15,kor,1,Economic/Property;Public interest,Medium-action autonomy (human-on-the-loop),0,0,
2026-05-29-7353,2026-05-29,USA,hazard,28,eng;spa,2,Human or fundamental rights,,0,0,
2026-05-29-95e9,2026-05-29,,incident,67,eng;fra;kor;por;spa;zho,6,Human or fundamental rights,,0,0,
2026-05-29-3fc3,2026-05-29,KOR,hazard,9,kor,1,,High-action autonomy (human-out-of-the-loop),0,0,
2026-05-29-a2db,2026-05-29,USA,incident,60,ell;eng;spa;zho,4,Economic/Property,High-action autonomy (human-out-of-the-loop),0,0,
2026-05-29-7d83,2026-05-29,NZL,hazard,15,eng,1,Economic/Property;Psychological;Human or fundamental rights,,0,0,
2026-05-29-77b1,2026-05-29,CHN,hazard,7,zho,1,,High-action autonomy (human-out-of-the-loop),0,0,
2026-05-29-f80c,2026-05-29,CAN,incident,6,eng,1,Psychological;Human or fundamental rights,Low-action autonomy (human-in-the-loop),0,0,
2026-05-29-6195,2026-05-29,USA,hazard,6,eng,1,Human or fundamental rights;Public interest,High-action autonomy (human-out-of-the-loop),0,0,
2026-05-29-c79b,2026-05-29,IND,incident,5,eng,1,Economic/Property;Human or fundamental rights,,0,0,
2026-05-29-8834,2026-05-29,USA,hazard,30,eng,1,,High-action autonomy (human-out-of-the-loop),0,0,
2026-05-29-6dc8,2026-05-29,HUN,hazard,9,hun,1,Psychological;Human or fundamental rights,,0,0,
2026-05-29-5e69,2026-05-29,IND,incident,41,eng,1,Reputational;Human or fundamental rights,,0,0,
2026-05-29-1dbb,2026-05-29,UKR,incident,6,eng,1,Human or fundamental rights;Public interest,Low-action autonomy (human-in-the-loop),0,0,
2026-05-29-b52d,2026-05-29,IND,incident,4,eng,1,Economic/Property,High-action autonomy (human-out-of-the-loop),0,0,
2026-05-29-fe53,2026-05-29,GBR,hazard,5,eng,1,Economic/Property;Public interest,Medium-action autonomy (human-on-the-loop),0,0,
2026-05-29-1c10,2026-05-29,JPN,hazard,8,jpn,1,Public interest;Economic/Property,,0,0,
2026-05-29-cca4,2026-05-29,EGY,hazard,4,ara,1,Physical (death);Human or fundamental rights,,0,0,
2026-05-29-d1ef,2026-05-29,FRA,incident,10,fra,1,Economic/Property,High-action autonomy (human-out-of-the-loop),0,0,
2026-05-29-d7a6,2026-05-29,USA,incident,5,eng,1,Economic/Property;Human or fundamental rights,High-action autonomy (human-out-of-the-loop),0,0,
2026-05-29-add0,2026-05-29,USA,incident,4,eng,1,Economic/Property;Human or fundamental rights,No-action autonomy (human support),0,0,
2026-05-29-4dd5,2026-05-29,USA,hazard,12,eng;spa,2,Human or fundamental rights,,0,0,
2026-05-29-7506,2026-05-29,USA,hazard,4,eng,1,Public interest;Human or fundamental rights,High-action autonomy (human-out-of-the-loop),0,0,
2026-05-30-046b,2026-05-30,UKR,hazard,69,eng;por;ron;ukr;zho,5,Physical (injury);Physical (death),High-action autonomy (human-out-of-the-loop),0,0,
2026-05-30-cd20,2026-05-30,AUS,hazard,142,ara;bul;eng;fas;ind;ron;slv;vie;zho,9,Physical (death);Public interest;Human or fundamental rights,High-action autonomy (human-out-of-the-loop),0,0,
2026-05-30-0fd1,2026-05-30,USA,incident,19,eng,1,Economic/Property,,0,0,
2026-05-30-87f5,2026-05-30,IND,hazard,8,eng,1,Economic/Property,,0,0,
2026-05-30-a509,2026-05-30,UKR,hazard,5,ukr,1,Physical (death),High-action autonomy (human-out-of-the-loop),0,0,
2026-05-30-ac09,2026-05-30,SGP,hazard,9,eng;ukr,2,Physical (death);Public interest,High-action autonomy (human-out-of-the-loop),0,0,
2026-05-30-b8a6,2026-05-30,CHN,incident,48,zho,1,Physical (death),Medium-action autonomy (human-on-the-loop),0,0,
2026-05-30-fe23,2026-05-30,CHN,hazard,13,eng;spa,2,Physical (death);Public interest,High-action autonomy (human-out-of-the-loop),0,0,
2026-05-30-7d2e,2026-05-30,IDN,incident,6,ind,1,Psychological;Public interest,Low-action autonomy (human-in-the-loop),0,0,
2026-05-30-7108,2026-05-30,USA,incident,4,eng,1,Reputational;Human or fundamental rights,,0,0,
2026-05-30-78a5,2026-05-30,USA,hazard,4,eng,1,Human or fundamental rights,,0,0,
2026-05-30-9229,2026-05-30,USA,incident,3,eng,1,Economic/Property,High-action autonomy (human-out-of-the-loop),0,0,
2026-05-30-3a90,2026-05-30,UKR,hazard,5,vie,1,Economic/Property,,0,0,
2026-05-31-ef6f,2026-05-31,USA,hazard,187,ara;deu;eng;hrv;ind;kor;por;spa;vie;zho,10,,,0,0,
2026-05-31-d42a,2026-05-31,USA,hazard,84,ara;eng;por;spa,4,Physical (death);Human or fundamental rights,High-action autonomy (human-out-of-the-loop),0,0,
2026-05-31-f505,2026-05-31,RUS,hazard,18,bul;srp,2,Psychological;Public interest,High-action autonomy (human-out-of-the-loop),0,0,
2026-05-31-4680,2026-05-31,VNM,hazard,18,eng;vie,2,,High-action autonomy (human-out-of-the-loop),0,1,
2026-05-31-2268,2026-05-31,USA,hazard,4,ita,1,Human or fundamental rights,High-action autonomy (human-out-of-the-loop),0,0,
2026-05-31-a387,2026-05-31,USA,incident,123,deu;eng;fra;spa,4,Physical (injury),High-action autonomy (human-out-of-the-loop),0,0,1547
2026-05-31-0697,2026-05-31,RUS,hazard,7,hin,1,Economic/Property,High-action autonomy (human-out-of-the-loop),0,0,
2026-05-31-6f52,2026-05-31,UKR,incident,6,eng,1,Physical (death);Economic/Property,Medium-action autonomy (human-on-the-loop),0,0,
2026-05-31-ba1a,2026-05-31,CAN,hazard,9,eng,1,Environmental,,0,0,
2026-06-01-f33d,2026-06-01,USA,incident,518,ara;deu;ell;eng;fra;hrv;ind;ita;jpn;nld;por;ron;spa;tur;ukr;vie;zho,17,Physical (injury);Psychological,High-action autonomy (human-out-of-the-loop),0,0,1253;1487
2026-06-01-e52b,2026-06-01,USA,incident,499,ara;ces;deu;ell;eng;fas;fra;hin;ind;ita;jpn;por;ron;spa;tur;ukr;vie;zho,18,Reputational;Economic/Property;Human or fundamental rights,High-action autonomy (human-out-of-the-loop),0,0,1510
2026-06-01-a380,2026-06-01,USA,incident,82,ell;eng;fra;spa;zho,5,Economic/Property,,0,0,
2026-06-01-abcd,2026-06-01,IDN,incident,9,ind,1,Psychological,No-action autonomy (human support),0,0,
2026-06-01-d3f0,2026-06-01,DEU,hazard,8,deu,1,Human or fundamental rights;Public interest,,0,0,
2026-06-01-1f22,2026-06-01,CHN,incident,7,zho,1,Human or fundamental rights;Reputational,High-action autonomy (human-out-of-the-loop),0,0,
2026-06-01-db16,2026-06-01,JPN,incident,19,ara;eng;ind,3,,Medium-action autonomy (human-on-the-loop),0,0,
2026-06-01-5dad,2026-06-01,DEU,hazard,13,deu;ron,2,Physical (injury),Low-action autonomy (human-in-the-loop),0,0,
2026-06-01-d0ab,2026-06-01,BEL,hazard,6,ita,1,Economic/Property,,0,0,
2026-06-01-57ab,2026-06-01,USA,hazard,19,eng;zho,2,Public interest,,0,0,
2026-06-01-e768,2026-06-01,,incident,4,zho,1,Reputational;Public interest;Human or fundamental rights,High-action autonomy (human-out-of-the-loop),0,1,
2026-06-01-36c8,2026-06-01,ARG,hazard,5,spa,1,Reputational;Public interest;Human or fundamental rights,,0,0,
2026-06-01-a4d9,2026-06-01,USA,hazard,4,eng,1,Physical (death),High-action autonomy (human-out-of-the-loop),0,0,
2026-06-01-1e28,2026-06-01,AUS,hazard,7,eng,1,Economic/Property,,0,0,
2026-06-01-ac88,2026-06-01,BRA,incident,6,por,1,Reputational,Low-action autonomy (human-in-the-loop),0,0,
2026-06-01-32f1,2026-06-01,USA,incident,9,eng,1,Physical (death),High-action autonomy (human-out-of-the-loop),0,1,
2026-06-01-9c70,2026-06-01,USA,hazard,18,ell;por,2,Public interest;Economic/Property,No-action autonomy (human support),0,0,
2026-06-01-ea50,2026-06-01,CHN,incident,6,zho,1,Economic/Property;Human or fundamental rights,Low-action autonomy (human-in-the-loop),0,0,
2026-06-01-3b2c,2026-06-01,VNM,hazard,6,vie,1,,Medium-action autonomy (human-on-the-loop),0,0,
2026-06-01-7f83,2026-06-01,USA,incident,10,eng;spa,2,Economic/Property;Reputational,Medium-action autonomy (human-on-the-loop),0,0,
2026-06-01-aa3e,2026-06-01,USA,hazard,5,eng,1,Economic/Property;Human or fundamental rights,,0,0,
2026-06-01-19eb,2026-06-01,USA,hazard,5,eng,1,,,0,0,
2026-06-01-1465,2026-06-01,USA,hazard,4,eng,1,Psychological,No-action autonomy (human support),0,0,
2026-06-01-9d85,2026-06-01,CHN,incident,18,eng;zho,2,Human or fundamental rights;Public interest,,0,0,
2026-06-01-3c8d,2026-06-01,GBR,hazard,6,eng,1,Physical (death);Human or fundamental rights,High-action autonomy (human-out-of-the-loop),0,0,
2026-06-01-e35f,2026-06-01,USA,hazard,14,eng,1,,High-action autonomy (human-out-of-the-loop),0,0,
2026-06-01-ce75,2026-06-01,GBR,incident,7,eng,1,Economic/Property,High-action autonomy (human-out-of-the-loop),0,0,
2026-06-01-a2c0,2026-06-01,FRA,incident,5,fra,1,Reputational;Economic/Property,No-action autonomy (human support),0,0,
2026-06-01-e681,2026-06-01,USA,incident,4,ind,1,Human or fundamental rights;Economic/Property;Psychological,Low-action autonomy (human-in-the-loop),0,0,
2026-06-01-2668,2026-06-01,USA,hazard,4,zho,1,Economic/Property;Reputational,,0,0,
2026-06-01-778a,2026-06-01,USA,hazard,3,eng,1,Human or fundamental rights,High-action autonomy (human-out-of-the-loop),0,0,
2026-06-01-7138,2026-06-01,USA,hazard,4,eng,1,Physical (death);Human or fundamental rights,High-action autonomy (human-out-of-the-loop),0,0,
2026-06-01-0dcb,2026-06-01,CHN,hazard,28,zho,1,Human or fundamental rights;Economic/Property;Reputational,Low-action autonomy (human-in-the-loop),0,0,
2026-06-01-2375,2026-06-01,USA,hazard,6,eng,1,Physical (injury);Public interest,High-action autonomy (human-out-of-the-loop),0,0,
2026-06-02-13af,2026-06-02,USA,hazard,16,eng,1,Environmental;Economic/Property,,0,0,
2026-06-02-7fa8,2026-06-02,HKG,hazard,7,eng;ind,2,Economic/Property,,0,0,
2026-06-02-1276,2026-06-02,AUS,incident,5,eng,1,Human or fundamental rights;Economic/Property,Low-action autonomy (human-in-the-loop),0,0,
2026-06-02-c42d,2026-06-02,TWN,hazard,66,eng;zho,2,Physical (injury);Physical (death),Medium-action autonomy (human-on-the-loop),0,0,
2026-06-02-6a3c,2026-06-02,DEU,hazard,57,eng;spa,2,,Low-action autonomy (human-in-the-loop),0,0,
2026-06-02-3f33,2026-06-02,USA,incident,52,eng;spa;zho,3,Human or fundamental rights,High-action autonomy (human-out-of-the-loop),0,0,
2026-06-02-d597,2026-06-02,CHN,hazard,16,zho,1,Public interest,,0,0,
2026-06-02-dec1,2026-06-02,UKR,incident,7,eng,1,Physical (death),High-action autonomy (human-out-of-the-loop),0,0,
2026-06-02-c190,2026-06-02,BRA,incident,11,por,1,Physical (injury),,0,0,
2026-06-02-8ffa,2026-06-02,USA,hazard,7,eng,1,Economic/Property;Public interest,,0,0,
2026-06-02-8a33,2026-06-02,GBR,hazard,4,eng,1,Economic/Property,,0,0,
2026-06-02-49c1,2026-06-02,GBR,hazard,56,eng;fra;spa,3,Public interest,,0,0,
2026-06-02-97a1,2026-06-02,AUS,hazard,14,eng,1,Human or fundamental rights;Psychological,High-action autonomy (human-out-of-the-loop),0,0,
2026-06-02-11e0,2026-06-02,USA,hazard,5,ukr,1,Physical (death);Human or fundamental rights;Public interest,High-action autonomy (human-out-of-the-loop),0,0,
2026-06-02-5ec5,2026-06-02,USA,hazard,329,deu;eng;fra;ita;jpn;nld;por;spa;zho,9,Economic/Property;Public interest,,0,0,
2026-06-02-95b3,2026-06-02,USA,hazard,584,deu;ell;eng;fra;ita;por;ron;spa;swe;tur,10,Public interest;Human or fundamental rights,High-action autonomy (human-out-of-the-loop),0,0,
2026-06-02-f9b2,2026-06-02,MAR,hazard,8,ara,1,Psychological,,0,0,
2026-06-02-92a4,2026-06-02,AUS,incident,14,eng,1,Economic/Property,High-action autonomy (human-out-of-the-loop),0,0,
2026-06-02-16e8,2026-06-02,MEX,incident,5,spa,1,Human or fundamental rights,Medium-action autonomy (human-on-the-loop),0,0,
2026-06-02-8708,2026-06-02,BRA,incident,13,por,1,Public interest;Reputational,Medium-action autonomy (human-on-the-loop),0,0,
2026-06-02-6d8c,2026-06-02,BRA,incident,8,por,1,Public interest;Human or fundamental rights,No-action autonomy (human support),0,0,
2026-06-02-115e,2026-06-02,USA,hazard,16,eng,1,Physical (death);Physical (injury);Public interest,High-action autonomy (human-out-of-the-loop),0,0,
2026-06-02-4141,2026-06-02,USA,hazard,4,eng,1,Environmental,,0,0,
2026-06-02-3560,2026-06-02,USA,incident,11,eng;srp,2,Economic/Property;Public interest,,0,0,
2026-06-03-8fc3,2026-06-03,USA,incident,6,eng,1,Public interest;Psychological,No-action autonomy (human support),0,0,
2026-06-03-fa4a,2026-06-03,,incident,5,eng,1,Public interest;Economic/Property,Low-action autonomy (human-in-the-loop),0,0,
2026-06-03-8e1e,2026-06-03,IDN,hazard,4,vie,1,Economic/Property;Reputational;Public interest,,0,0,
2026-06-03-be68,2026-06-03,JPN,incident,6,jpn,1,Economic/Property;Reputational,No-action autonomy (human support),0,0,
2026-06-03-96ff,2026-06-03,CHN,hazard,3,eng,1,Human or fundamental rights,Medium-action autonomy (human-on-the-loop),0,0,
2026-06-03-2162,2026-06-03,,hazard,341,bul;ell;eng;fra;hrv;ita;pol;por;ron;spa;tur;zho,12,Environmental,,0,0,
2026-06-03-282b,2026-06-03,GBR,incident,112,ell;eng;fra;tur;zho,5,Human or fundamental rights;Reputational;Psychological,No-action autonomy (human support),0,0,
2026-06-03-bd06,2026-06-03,CAN,hazard,45,ara;eng;zho,3,Economic/Property;Public interest,High-action autonomy (human-out-of-the-loop),0,0,
2026-06-03-c18c,2026-06-03,CAN,hazard,18,deu,1,Environmental,High-action autonomy (human-out-of-the-loop),0,0,
2026-06-03-8ea9,2026-06-03,GRC,incident,12,ell,1,Economic/Property,No-action autonomy (human support),0,0,
2026-06-03-36ab,2026-06-03,UKR,incident,3,ukr,1,,High-action autonomy (human-out-of-the-loop),0,0,
2026-06-03-ad57,2026-06-03,USA,incident,6,eng,1,,High-action autonomy (human-out-of-the-loop),0,0,
2026-06-03-5d47,2026-06-03,GBR,hazard,10,eng,1,Human or fundamental rights,Medium-action autonomy (human-on-the-loop),0,0,
2026-06-03-dbe7,2026-06-03,VNM,incident,10,vie,1,Economic/Property,No-action autonomy (human support),0,0,
2026-06-03-d351,2026-06-03,JPN,incident,23,jpn;kor,2,Psychological;Human or fundamental rights,,0,0,
2026-06-03-d3eb,2026-06-03,USA,hazard,22,eng;fra,2,Psychological;Human or fundamental rights,Low-action autonomy (human-in-the-loop),0,0,
2026-06-03-ffbe,2026-06-03,USA,incident,16,eng,1,Economic/Property;Public interest,No-action autonomy (human support),0,0,
2026-06-03-53db,2026-06-03,KOR,hazard,10,kor,1,,High-action autonomy (human-out-of-the-loop),0,0,
2026-06-03-ba60,2026-06-03,USA,incident,12,eng,1,Human or fundamental rights,,0,0,
2026-06-03-51eb,2026-06-03,CHL,incident,9,spa,1,Public interest;Reputational,Low-action autonomy (human-in-the-loop),0,0,
2026-06-03-af37,2026-06-03,IND,incident,8,eng,1,Reputational;Human or fundamental rights,Low-action autonomy (human-in-the-loop),0,0,
2026-06-03-6f93,2026-06-03,USA,incident,7,eng,1,Psychological;Public interest,High-action autonomy (human-out-of-the-loop),0,0,
2026-06-03-2259,2026-06-03,GBR,hazard,5,tur,1,Human or fundamental rights;Public interest,Low-action autonomy (human-in-the-loop),0,0,
2026-06-03-83c1,2026-06-03,BRA,incident,5,por,1,Human or fundamental rights;Reputational;Psychological,High-action autonomy (human-out-of-the-loop),0,0,
2026-06-03-0f85,2026-06-03,USA,hazard,6,eng,1,Reputational;Human or fundamental rights;Public interest,Low-action autonomy (human-in-the-loop),0,0,
2026-06-03-ccdd,2026-06-03,AUS,hazard,31,eng,1,Economic/Property;Reputational;Public interest,Medium-action autonomy (human-on-the-loop),0,0,
2026-06-03-9fcf,2026-06-03,USA,hazard,22,ara;bul;lit,3,Public interest,,0,0,
2026-06-03-90bd,2026-06-03,USA,incident,9,eng,1,Reputational;Public interest,No-action autonomy (human support),0,0,1571
2026-06-04-8aea,2026-06-04,NLD,hazard,6,nld,1,Economic/Property;Reputational,High-action autonomy (human-out-of-the-loop),0,1,
2026-06-04-2a9b,2026-06-04,FRA,hazard,4,fra,1,Human or fundamental rights;Reputational,Low-action autonomy (human-in-the-loop),0,0,
2026-06-04-6bf0,2026-06-04,CAN,incident,6,eng,1,Human or fundamental rights;Reputational;Psychological,Low-action autonomy (human-in-the-loop),0,0,
2026-06-04-73a9,2026-06-04,USA,incident,6,eng,1,Psychological,High-action autonomy (human-out-of-the-loop),0,0,
2026-06-04-29b7,2026-06-04,USA,hazard,55,eng;jpn;spa;zho,4,Physical (death);Public interest,,0,0,
2026-06-04-886c,2026-06-04,NGA,incident,35,eng,1,Reputational;Public interest,No-action autonomy (human support),0,0,
2026-06-04-16a9,2026-06-04,USA,incident,61,eng;hun;spa;tur,4,Economic/Property,,0,0,
2026-06-04-2ca2,2026-06-04,HKG,incident,8,zho,1,Human or fundamental rights;Reputational;Psychological,,0,0,
2026-06-04-efb5,2026-06-04,DEU,incident,7,deu,1,Psychological;Human or fundamental rights,Low-action autonomy (human-in-the-loop),0,0,
2026-06-04-a225,2026-06-04,IND,incident,6,eng,1,Economic/Property;Reputational,,0,0,
2026-06-04-4530,2026-06-04,KOR,incident,5,kor,1,,,0,0,
2026-06-04-80e8,2026-06-04,USA,hazard,9,eng,1,Public interest,,0,0,
2026-06-04-4c76,2026-06-04,HUN,incident,6,hun,1,Human or fundamental rights;Economic/Property,Low-action autonomy (human-in-the-loop),0,0,
2026-06-04-8e55,2026-06-04,CHN,incident,11,zho,1,Economic/Property,,0,0,
2026-06-04-bf36,2026-06-04,GBR,hazard,4,eng,1,Economic/Property;Public interest,,0,0,
2026-06-04-8d94,2026-06-04,USA,incident,6,eng,1,Psychological,No-action autonomy (human support),0,0,
2026-06-04-2da8,2026-06-04,TUR,incident,3,tur,1,Physical (death);Physical (injury),Medium-action autonomy (human-on-the-loop),0,0,
2026-06-04-12b2,2026-06-04,USA,hazard,94,eng;ita;zho,3,Public interest,,0,0,
2026-06-04-cd91,2026-06-04,USA,hazard,14,eng;zho,2,Public interest;Human or fundamental rights,,0,0,
2026-06-04-4eb4,2026-06-04,USA,hazard,6,eng,1,Physical (injury),,0,0,
2026-06-04-0e17,2026-06-04,USA,incident,6,eng,1,Economic/Property;Human or fundamental rights,,0,0,
2026-06-04-1d94,2026-06-04,USA,incident,5,eng,1,Reputational;Public interest,No-action autonomy (human support),0,0,
2026-06-04-0645,2026-06-04,USA,hazard,5,spa,1,Physical (death);Human or fundamental rights;Public interest,,0,0,
2026-06-05-4869,2026-06-05,USA,incident,10,eng;spa;zho,3,Economic/Property;Reputational,Low-action autonomy (human-in-the-loop),0,0,
2026-06-05-ac1b,2026-06-05,USA,incident,9,eng,1,Physical (injury),Medium-action autonomy (human-on-the-loop),0,0,
2026-06-05-a17f,2026-06-05,KOR,hazard,6,eng;kor,2,,High-action autonomy (human-out-of-the-loop),0,0,
2026-06-05-077f,2026-06-05,COL,incident,6,spa,1,Reputational;Public interest,Low-action autonomy (human-in-the-loop),0,0,
2026-06-05-56b6,2026-06-05,USA,incident,6,eng,1,Economic/Property;Reputational,,0,0,
2026-06-05-b6d7,2026-06-05,PRT,incident,4,por,1,Economic/Property,No-action autonomy (human support),0,0,
2026-06-05-776f,2026-06-05,USA,hazard,23,zho,1,,,0,0,
2026-06-05-a0ff,2026-06-05,USA,incident,12,eng,1,Physical (death);Public interest,High-action autonomy (human-out-of-the-loop),0,0,
2026-06-05-d0a4,2026-06-05,USA,incident,25,eng;ron,2,Physical (injury),,0,0,
2026-06-05-24af,2026-06-05,USA,hazard,121,ara;eng;fra;ita;jpn;por;spa;tur,8,Human or fundamental rights,High-action autonomy (human-out-of-the-loop),0,0,
2026-06-05-c9d5,2026-06-05,KOR,hazard,8,kor,1,,High-action autonomy (human-out-of-the-loop),0,0,
2026-06-05-e63f,2026-06-05,USA,hazard,21,hin,1,Public interest;Economic/Property,High-action autonomy (human-out-of-the-loop),0,0,
2026-06-05-a30a,2026-06-05,CHN,incident,10,zho,1,Physical (injury),No-action autonomy (human support),0,0,
2026-06-05-6e61,2026-06-05,USA,hazard,14,eng,1,Environmental,,0,0,
2026-06-05-4169,2026-06-05,NZL,incident,5,eng,1,Human or fundamental rights,Medium-action autonomy (human-on-the-loop),0,0,
2026-06-05-dbf3,2026-06-05,USA,hazard,5,por,1,Human or fundamental rights,Medium-action autonomy (human-on-the-loop),0,0,
2026-06-05-ece8,2026-06-05,KWT,hazard,6,zho,1,Physical (injury);Physical (death);Human or fundamental rights,High-action autonomy (human-out-of-the-loop),0,0,
2026-06-05-0fa1,2026-06-05,JPN,hazard,24,eng;jpn;ron,3,Human or fundamental rights;Public interest,,0,0,
2026-06-05-f373,2026-06-05,NLD,incident,6,nld,1,Human or fundamental rights;Public interest;Psychological,,0,0,1590
2026-06-06-8204,2026-06-06,CHN,incident,7,zho,1,Human or fundamental rights,No-action autonomy (human support),0,0,
2026-06-06-9744,2026-06-06,ESP,incident,4,spa,1,Human or fundamental rights;Psychological,No-action autonomy (human support),0,0,
2026-06-06-948d,2026-06-06,GBR,incident,5,eng,1,Economic/Property,No-action autonomy (human support),0,0,
2026-06-06-4f45,2026-06-06,,hazard,3,eng,1,Physical (death);Public interest,High-action autonomy (human-out-of-the-loop),0,0,
2026-06-06-c52b,2026-06-06,USA,hazard,8,eng;spa,2,,,0,0,
2026-06-06-be52,2026-06-06,CHN,hazard,12,zho,1,Public interest,,0,0,
2026-06-06-9a9e,2026-06-06,ITA,hazard,7,ita,1,Physical (injury);Physical (death),High-action autonomy (human-out-of-the-loop),0,0,
2026-06-06-09a2,2026-06-06,CHN,incident,13,zho,1,,,0,0,
2026-06-06-1024,2026-06-06,BRA,incident,8,por,1,Reputational;Human or fundamental rights,Low-action autonomy (human-in-the-loop),0,0,
2026-06-06-1d08,2026-06-06,CHN,hazard,4,ara,1,Economic/Property,,0,0,
2026-06-06-d688,2026-06-06,USA,incident,5,spa,1,Physical (injury),High-action autonomy (human-out-of-the-loop),0,0,
2026-06-06-3203,2026-06-06,USA,incident,10,eng,1,Economic/Property,Low-action autonomy (human-in-the-loop),0,0,
2026-06-06-1be5,2026-06-06,ITA,incident,14,ita,1,Human or fundamental rights;Psychological,Low-action autonomy (human-in-the-loop),0,0,
2026-06-06-dbf1,2026-06-06,CHN,incident,8,jpn,1,Physical (injury);Human or fundamental rights,,0,0,
2026-06-07-79e7,2026-06-07,USA,incident,5,eng,1,Environmental,,0,0,
2026-06-07-88f7,2026-06-07,KOR,hazard,5,kor,1,,High-action autonomy (human-out-of-the-loop),0,0,
2026-06-07-8bc7,2026-06-07,CHN,hazard,16,eng,1,Physical (injury);Human or fundamental rights,Low-action autonomy (human-in-the-loop),0,0,
2026-06-07-bd4f,2026-06-07,CHN,incident,50,zho,1,Reputational;Economic/Property;Public interest,,0,0,
2026-06-07-bc53,2026-06-07,GBR,incident,15,eng,1,Economic/Property;Human or fundamental rights,No-action autonomy (human support),0,0,
2026-06-07-3bbd,2026-06-07,USA,incident,8,eng,1,Physical (death);Physical (injury),Medium-action autonomy (human-on-the-loop),0,0,
2026-06-07-3f81,2026-06-07,KOR,hazard,19,kor,1,Physical (injury);Environmental,Medium-action autonomy (human-on-the-loop),0,0,
2026-06-07-6f94,2026-06-07,VNM,incident,14,vie,1,Economic/Property,No-action autonomy (human support),0,0,
2026-06-07-7855,2026-06-07,GBR,hazard,8,eng,1,Economic/Property;Human or fundamental rights,,0,0,
2026-06-07-c6d5,2026-06-07,CHN,incident,10,zho,1,Human or fundamental rights;Public interest,,0,0,
2026-06-07-0486,2026-06-07,USA,hazard,217,fra;jpn;pol;por;zho,5,,Low-action autonomy (human-in-the-loop),0,0,
2026-06-07-be2b,2026-06-07,GBR,incident,5,eng,1,Economic/Property,Low-action autonomy (human-in-the-loop),0,0,
2026-06-07-21e8,2026-06-07,TWN,incident,7,zho,1,Economic/Property,High-action autonomy (human-out-of-the-loop),0,0,
2026-06-07-53d7,2026-06-07,CHN,incident,5,zho,1,Economic/Property,No-action autonomy (human support),0,0,
2026-06-07-9753,2026-06-07,TWN,incident,3,zho,1,Human or fundamental rights;Psychological,High-action autonomy (human-out-of-the-loop),0,0,
2026-06-07-affc,2026-06-07,CHN,hazard,9,zho,1,Economic/Property;Reputational,Low-action autonomy (human-in-the-loop),0,0,
2026-06-08-113e,2026-06-08,USA,incident,9,eng,1,Physical (injury),High-action autonomy (human-out-of-the-loop),0,0,1108
2026-06-08-0740,2026-06-08,DEU,incident,5,zho,1,Economic/Property,,0,0,
2026-06-08-c48f,2026-06-08,UKR,incident,50,eng;ukr,2,Economic/Property,High-action autonomy (human-out-of-the-loop),0,0,
2026-06-08-2e4d,2026-06-08,TWN,incident,18,zho,1,Physical (death),Medium-action autonomy (human-on-the-loop),0,0,
2026-06-08-b532,2026-06-08,GBR,incident,6,eng,1,Human or fundamental rights;Psychological,Low-action autonomy (human-in-the-loop),0,0,
2026-06-08-a1e0,2026-06-08,LBN,incident,6,ara,1,Reputational;Public interest,,0,0,
2026-06-08-2d00,2026-06-08,KOR,incident,6,kor,1,Psychological;Reputational;Human or fundamental rights,Low-action autonomy (human-in-the-loop),0,0,
2026-06-08-b472,2026-06-08,ESP,incident,5,spa,1,Reputational;Economic/Property;Public interest,No-action autonomy (human support),0,0,
2026-06-08-0173,2026-06-08,KOR,hazard,3,kor,1,,High-action autonomy (human-out-of-the-loop),0,0,
2026-06-08-6f4b,2026-06-08,USA,hazard,6,eng,1,Physical (death);Human or fundamental rights,High-action autonomy (human-out-of-the-loop),0,0,
2026-06-08-a1c3,2026-06-08,ARG,hazard,27,spa,1,Public interest,,0,1,
2026-06-08-79e0,2026-06-08,DEU,hazard,46,deu;eng;fra;hun;spa;ukr,6,,High-action autonomy (human-out-of-the-loop),0,0,
2026-06-08-656a,2026-06-08,RUS,incident,22,ara;eng;ukr,3,Physical (death),,0,0,
2026-06-08-7d81,2026-06-08,IND,incident,9,eng,1,,High-action autonomy (human-out-of-the-loop),0,0,
2026-06-08-83bc,2026-06-08,GBR,hazard,75,deu;eng;ita;spa,4,Physical (injury);Physical (death),Medium-action autonomy (human-on-the-loop),0,0,
2026-06-08-e46e,2026-06-08,CHN,incident,13,zho,1,Reputational;Psychological;Public interest,No-action autonomy (human support),0,0,
2026-06-08-e413,2026-06-08,USA,incident,10,hun,1,Economic/Property,,0,0,
2026-06-08-b88f,2026-06-08,USA,incident,10,eng,1,Economic/Property,,0,0,
2026-06-08-479c,2026-06-08,IND,incident,6,eng,1,Economic/Property;Psychological,No-action autonomy (human support),0,0,
2026-06-08-f8dc,2026-06-08,USA,incident,3,eng,1,Human or fundamental rights;Psychological;Reputational,High-action autonomy (human-out-of-the-loop),0,0,
2026-06-08-e4e4,2026-06-08,USA,hazard,66,deu;eng;fra;ind;spa;zho,6,,,0,0,
2026-06-08-0da4,2026-06-08,CAN,hazard,5,eng,1,Environmental;Human or fundamental rights,,0,0,
2026-06-08-1225,2026-06-08,USA,incident,10,eng;fra,2,Public interest,High-action autonomy (human-out-of-the-loop),0,0,
2026-06-08-de4f,2026-06-08,ESP,hazard,6,fra,1,Economic/Property,High-action autonomy (human-out-of-the-loop),0,0,
2026-06-08-6e39,2026-06-08,USA,incident,4,eng,1,Psychological;Human or fundamental rights,High-action autonomy (human-out-of-the-loop),0,0,1562
2026-06-08-598a,2026-06-08,ESP,incident,25,spa,1,Psychological;Reputational;Human or fundamental rights,,0,0,1614
2026-06-09-bcba,2026-06-09,KOR,incident,5,kor,1,,Low-action autonomy (human-in-the-loop),0,0,
2026-06-09-c913,2026-06-09,USA,incident,37,eng;spa,2,Public interest;Reputational;Economic/Property,No-action autonomy (human support),0,0,1533
2026-06-09-9ed4,2026-06-09,LUX,hazard,14,eng;ita,2,,High-action autonomy (human-out-of-the-loop),0,0,
2026-06-09-57a4,2026-06-09,USA,hazard,5,eng,1,Human or fundamental rights;Psychological,,0,0,
2026-06-09-b4d5,2026-06-09,TWN,hazard,118,eng;kor;por;zho,4,,,0,0,
2026-06-09-8f45,2026-06-09,OMN,incident,90,deu;eng;fra;hin;spa,5,,High-action autonomy (human-out-of-the-loop),0,0,
2026-06-09-c2ba,2026-06-09,KOR,hazard,19,kor,1,Physical (death);Physical (injury),High-action autonomy (human-out-of-the-loop),0,0,
2026-06-09-3fec,2026-06-09,USA,incident,15,eng,1,Economic/Property,High-action autonomy (human-out-of-the-loop),0,0,
2026-06-09-ff3f,2026-06-09,KOR,hazard,5,kor,1,Human or fundamental rights;Psychological,Low-action autonomy (human-in-the-loop),0,0,
2026-06-09-bdd3,2026-06-09,USA,incident,5,eng,1,Psychological;Public interest,Medium-action autonomy (human-on-the-loop),0,0,
2026-06-09-dcb2,2026-06-09,GBR,incident,21,eng,1,Economic/Property;Reputational;Public interest,No-action autonomy (human support),0,0,1527
2026-06-09-7002,2026-06-09,KOR,incident,33,kor;zho,2,Reputational,High-action autonomy (human-out-of-the-loop),0,0,
2026-06-09-972f,2026-06-09,KOR,incident,9,kor,1,,,0,0,
2026-06-09-f2c4,2026-06-09,BRA,hazard,11,por,1,Public interest;Human or fundamental rights,Low-action autonomy (human-in-the-loop),0,0,
2026-06-09-b980,2026-06-09,TWN,hazard,8,zho,1,Human or fundamental rights,,0,0,
2026-06-09-d075,2026-06-09,ISR,incident,7,eng,1,Physical (death);Physical (injury);Human or fundamental rights,High-action autonomy (human-out-of-the-loop),0,0,
2026-06-09-3634,2026-06-09,NGA,hazard,8,eng,1,Reputational;Public interest,Low-action autonomy (human-in-the-loop),0,0,
2026-06-09-a8b7,2026-06-09,UKR,incident,10,eng;ukr,2,Physical (death);Physical (injury);Economic/Property,High-action autonomy (human-out-of-the-loop),0,0,
2026-06-09-3a36,2026-06-09,GBR,hazard,7,eng,1,Physical (injury),,0,0,
2026-06-09-9633,2026-06-09,BRA,hazard,11,por,1,,Medium-action autonomy (human-on-the-loop),0,0,
2026-06-09-1803,2026-06-09,USA,incident,14,eng,1,Reputational;Public interest;Human or fundamental rights,Low-action autonomy (human-in-the-loop),0,0,
2026-06-09-2337,2026-06-09,USA,hazard,186,eng;nld,2,Human or fundamental rights;Public interest,High-action autonomy (human-out-of-the-loop),0,0,
2026-06-09-3737,2026-06-09,USA,incident,10,ita;spa,2,Human or fundamental rights,High-action autonomy (human-out-of-the-loop),0,0,
2026-06-09-64f2,2026-06-09,USA,incident,12,eng;zho,2,Economic/Property;Human or fundamental rights,,0,0,
2026-06-09-8d76,2026-06-09,KOR,hazard,5,kor,1,Human or fundamental rights;Economic/Property,No-action autonomy (human support),0,0,
2026-06-09-bc48,2026-06-09,CHN,incident,5,zho,1,Economic/Property;Reputational,High-action autonomy (human-out-of-the-loop),0,1,
2026-06-09-329d,2026-06-09,GBR,incident,5,eng,1,Reputational;Psychological,No-action autonomy (human support),0,0,
2026-06-09-400f,2026-06-09,CHN,hazard,6,zho,1,Economic/Property,High-action autonomy (human-out-of-the-loop),0,0,
2026-06-09-15e9,2026-06-09,USA,hazard,103,ara;deu;eng;fra;por;ron;spa;zho,8,Human or fundamental rights;Physical (death),High-action autonomy (human-out-of-the-loop),0,0,
2026-06-09-40dc,2026-06-09,USA,incident,10,eng,1,Human or fundamental rights,No-action autonomy (human support),0,0,
2026-06-09-ec81,2026-06-09,AUS,hazard,6,eng,1,Physical (death);Physical (injury);Human or fundamental rights,High-action autonomy (human-out-of-the-loop),0,0,
2026-06-09-a11f,2026-06-09,USA,incident,4,eng,1,Economic/Property;Reputational;Human or fundamental rights,Low-action autonomy (human-in-the-loop),0,0,
2026-06-09-66a7,2026-06-09,MEX,incident,3,spa,1,Human or fundamental rights;Public interest,High-action autonomy (human-out-of-the-loop),0,0,
2026-06-09-20ed,2026-06-09,IRN,incident,18,eng,1,Physical (death),,0,0,
2026-06-09-bda4,2026-06-09,FRA,incident,3,fra,1,Psychological,High-action autonomy (human-out-of-the-loop),0,0,
2026-06-09-04ec,2026-06-09,GBR,incident,3,spa,1,Physical (death);Human or fundamental rights,Low-action autonomy (human-in-the-loop),0,0,
2026-06-09-9e54,2026-06-09,USA,hazard,3,eng,1,Economic/Property,,0,0,
2026-06-09-f4f5,2026-06-09,UKR,hazard,7,eng,1,Economic/Property,High-action autonomy (human-out-of-the-loop),0,0,
2026-06-09-da50,2026-06-09,USA,hazard,4,por,1,Human or fundamental rights,High-action autonomy (human-out-of-the-loop),0,0,
2026-06-10-7782,2026-06-10,USA,hazard,444,deu;eng;fra;ita;por;spa,6,Reputational;Psychological,No-action autonomy (human support),0,0,
2026-06-10-3acf,2026-06-10,IND,incident,6,hin,1,Economic/Property,High-action autonomy (human-out-of-the-loop),0,0,
2026-06-10-5bb2,2026-06-10,DEU,hazard,4,eng,1,Physical (death);Physical (injury);Human or fundamental rights,High-action autonomy (human-out-of-the-loop),0,0,
2026-06-10-b7be,2026-06-10,DEU,incident,171,deu;eng;fra;pol;por;ron;spa;vie;zho,9,Reputational,High-action autonomy (human-out-of-the-loop),0,0,
2026-06-10-cd48,2026-06-10,KOR,incident,8,kor,1,Economic/Property;Psychological,Low-action autonomy (human-in-the-loop),0,0,
2026-06-10-cdf1,2026-06-10,DEU,hazard,4,heb,1,Physical (injury);Economic/Property;Human or fundamental rights,High-action autonomy (human-out-of-the-loop),0,0,
2026-06-10-925a,2026-06-10,USA,hazard,205,deu;eng;kor;spa;zho,5,,,0,0,
2026-06-10-dd52,2026-06-10,GBR,hazard,6,ron,1,Human or fundamental rights,,0,0,
2026-06-10-bb1b,2026-06-10,ROU,incident,8,ron,1,Reputational;Human or fundamental rights,High-action autonomy (human-out-of-the-loop),0,0,
2026-06-10-a083,2026-06-10,KOR,incident,19,kor,1,Economic/Property,No-action autonomy (human support),0,0,
2026-06-10-51b8,2026-06-10,LTU,hazard,15,ell,1,Physical (death);Human or fundamental rights,High-action autonomy (human-out-of-the-loop),0,0,
2026-06-10-93a9,2026-06-10,GBR,hazard,24,ara;eng;spa,3,Economic/Property;Public interest,High-action autonomy (human-out-of-the-loop),0,1,
2026-06-10-53c2,2026-06-10,USA,incident,37,eng,1,Psychological;Reputational;Human or fundamental rights,Low-action autonomy (human-in-the-loop),0,0,1545
2026-06-10-5099,2026-06-10,JPN,incident,11,jpn,1,Physical (injury);Economic/Property;Psychological,No-action autonomy (human support),0,0,
2026-06-10-14e8,2026-06-10,TUR,incident,11,tur,1,Reputational;Human or fundamental rights;Public interest,No-action autonomy (human support),0,0,
2026-06-10-6992,2026-06-10,USA,incident,13,eng,1,Economic/Property,,0,0,
2026-06-10-3f21,2026-06-10,USA,hazard,15,eng,1,Public interest;Human or fundamental rights,,0,0,
2026-06-10-3f61,2026-06-10,KOR,hazard,6,kor,1,,Low-action autonomy (human-in-the-loop),0,0,
2026-06-10-1c37,2026-06-10,SVK,hazard,9,spa,1,,High-action autonomy (human-out-of-the-loop),0,0,
2026-06-10-ef7c,2026-06-10,USA,incident,4,eng,1,,Low-action autonomy (human-in-the-loop),0,0,
2026-06-10-6103,2026-06-10,USA,incident,83,eng;ron;zho,3,Public interest,No-action autonomy (human support),0,0,1580
2026-06-10-e504,2026-06-10,USA,incident,5,eng,1,Economic/Property;Human or fundamental rights,High-action autonomy (human-out-of-the-loop),0,1,
2026-06-10-ef3d,2026-06-10,USA,incident,15,eng,1,Human or fundamental rights,,0,0,
2026-06-10-428f,2026-06-10,SRB,incident,7,srp,1,Psychological;Human or fundamental rights;Reputational,No-action autonomy (human support),0,0,
2026-06-10-eba3,2026-06-10,USA,hazard,5,eng,1,Public interest;Human or fundamental rights,High-action autonomy (human-out-of-the-loop),0,1,
2026-06-10-8c52,2026-06-10,ESP,hazard,5,spa,1,,High-action autonomy (human-out-of-the-loop),0,0,
2026-06-10-b464,2026-06-10,USA,hazard,4,eng,1,Economic/Property,High-action autonomy (human-out-of-the-loop),0,1,
2026-06-10-e39c,2026-06-10,USA,incident,26,por;ron;spa,3,Psychological;Human or fundamental rights;Public interest,High-action autonomy (human-out-of-the-loop),0,0,
2026-06-10-5bc4,2026-06-10,USA,incident,11,eng;tur,2,Economic/Property,High-action autonomy (human-out-of-the-loop),0,0,
2026-06-11-2ab4,2026-06-11,CAN,incident,11,eng;fra,2,Economic/Property;Psychological,High-action autonomy (human-out-of-the-loop),0,0,
2026-06-11-bfb7,2026-06-11,USA,incident,3,eng,1,Physical (death),No-action autonomy (human support),0,0,
2026-06-11-4de8,2026-06-11,KOR,incident,7,kor,1,Psychological,No-action autonomy (human support),0,0,
2026-06-11-632e,2026-06-11,POL,hazard,5,pol,1,Physical (injury);Human or fundamental rights,Low-action autonomy (human-in-the-loop),0,0,
2026-06-11-52ac,2026-06-11,USA,incident,6,zho,1,Economic/Property;Public interest,Low-action autonomy (human-in-the-loop),0,0,
2026-06-11-1a15,2026-06-11,TWN,incident,7,zho,1,Reputational;Human or fundamental rights,Low-action autonomy (human-in-the-loop),0,0,
2026-06-11-c7c2,2026-06-11,USA,incident,118,eng;fra;hun;ind;por;spa;tur;zho,8,Physical (death);Psychological,High-action autonomy (human-out-of-the-loop),0,0,1535
2026-06-11-244d,2026-06-11,CAN,incident,26,eng;fra,2,Human or fundamental rights;Psychological,Low-action autonomy (human-in-the-loop),0,0,
2026-06-11-7517,2026-06-11,TWN,incident,13,zho,1,Reputational;Public interest,High-action autonomy (human-out-of-the-loop),0,0,
2026-06-11-a79e,2026-06-11,IND,hazard,11,eng,1,Economic/Property;Reputational,,0,0,
2026-06-11-ce2b,2026-06-11,CHN,incident,10,zho,1,Reputational,,0,0,
2026-06-11-8b01,2026-06-11,USA,incident,13,spa,1,Human or fundamental rights;Psychological;Reputational,No-action autonomy (human support),0,0,
2026-06-11-5e61,2026-06-11,UKR,incident,18,ell;eng;fra,3,Physical (death);Human or fundamental rights,High-action autonomy (human-out-of-the-loop),0,0,
2026-06-11-ecd5,2026-06-11,USA,hazard,6,eng,1,Physical (death),High-action autonomy (human-out-of-the-loop),0,0,
2026-06-11-3f35,2026-06-11,AUS,incident,8,eng,1,Economic/Property;Reputational;Public interest,,0,0,
2026-06-12-332c,2026-06-12,USA,incident,99,eng;fra;hin;spa,4,Economic/Property,Low-action autonomy (human-in-the-loop),0,0,1534
2026-06-12-8439,2026-06-12,KOR,hazard,9,kor,1,,High-action autonomy (human-out-of-the-loop),0,0,
2026-06-12-75f1,2026-06-12,CYP,incident,6,ell,1,Physical (injury);Reputational;Public interest,Low-action autonomy (human-in-the-loop),0,0,
2026-06-12-1318,2026-06-12,USA,incident,16,eng;ita,2,Human or fundamental rights;Psychological;Reputational,,0,0,
2026-06-12-f16b,2026-06-12,TWN,hazard,4,zho,1,,Medium-action autonomy (human-on-the-loop),0,0,
2026-06-12-17d0,2026-06-12,TUR,incident,5,tur,1,Economic/Property;Psychological,,0,0,
2026-06-12-6b5f,2026-06-12,HRV,hazard,5,hrv,1,Physical (death);Physical (injury),High-action autonomy (human-out-of-the-loop),0,0,
2026-06-12-ca05,2026-06-12,GBR,incident,35,eng;spa,2,Human or fundamental rights;Public interest;Reputational,Low-action autonomy (human-in-the-loop),0,0,
2026-06-12-744c,2026-06-12,IND,incident,5,eng,1,Human or fundamental rights;Psychological;Reputational,Low-action autonomy (human-in-the-loop),0,0,
2026-06-12-1930,2026-06-12,USA,hazard,1626,ara;bul;cat;ces;deu;ell;eng;fra;hin;hrv;ita;jpn;kor;nld;pol;por;ron;slk;spa;srp;tur;ukr;vie;zho,24,Economic/Property;Public interest,,0,0,
2026-06-12-1a20,2026-06-12,UKR,hazard,25,eng;por;ukr,3,Physical (death);Physical (injury),High-action autonomy (human-out-of-the-loop),0,0,
2026-06-12-4306,2026-06-12,BGR,incident,9,bul,1,Economic/Property,Low-action autonomy (human-in-the-loop),0,0,
2026-06-12-7796,2026-06-12,CHN,incident,5,zho,1,,Low-action autonomy (human-in-the-loop),0,1,
2026-06-12-da86,2026-06-12,CHN,incident,5,zho,1,Physical (injury);Physical (death),,0,0,
2026-06-12-fc76,2026-06-12,USA,incident,4,por,1,Human or fundamental rights;Public interest,,0,0,
2026-06-12-5a36,2026-06-12,CHN,incident,13,zho,1,Economic/Property;Reputational,No-action autonomy (human support),0,0,
2026-06-12-6ca5,2026-06-12,MEX,incident,5,zho,1,Public interest,No-action autonomy (human support),0,0,
2026-06-12-05e0,2026-06-12,USA,incident,6,deu;eng,2,Human or fundamental rights;Public interest,,0,0,
2026-06-12-d2b1,2026-06-12,TWN,incident,5,zho,1,Reputational,No-action autonomy (human support),0,0,
2026-06-12-39cd,2026-06-12,DEU,incident,6,deu,1,Reputational;Public interest,,0,0,
2026-06-12-ceab,2026-06-12,UKR,incident,5,eng,1,Physical (death);Physical (injury),High-action autonomy (human-out-of-the-loop),0,0,
2026-06-12-b883,2026-06-12,GBR,incident,36,eng,1,Reputational,Low-action autonomy (human-in-the-loop),0,1,1563
2026-06-13-6d28,2026-06-13,USA,hazard,6,vie,1,Human or fundamental rights;Public interest,High-action autonomy (human-out-of-the-loop),0,0,
2026-06-13-a112,2026-06-13,JPN,incident,7,zho,1,Economic/Property,,0,0,
2026-06-13-e581,2026-06-13,DEU,hazard,8,deu,1,Human or fundamental rights;Psychological;Reputational,Low-action autonomy (human-in-the-loop),0,0,
2026-06-13-e505,2026-06-13,USA,hazard,7,ara,1,Public interest,,0,0,
2026-06-13-d55e,2026-06-13,RUS,incident,6,eng,1,Psychological,,0,0,
2026-06-13-01c1,2026-06-13,CHN,incident,10,eng,1,Physical (injury),Medium-action autonomy (human-on-the-loop),0,0,
2026-06-14-17ea,2026-06-14,KOR,hazard,29,kor,1,Public interest,Medium-action autonomy (human-on-the-loop),0,0,
2026-06-14-d656,2026-06-14,FRA,incident,9,fra,1,Economic/Property,High-action autonomy (human-out-of-the-loop),0,0,
2026-06-14-9c53,2026-06-14,CHN,hazard,10,zho,1,Physical (death);Physical (injury),,0,0,
2026-06-14-ef10,2026-06-14,KOR,incident,13,kor,1,Economic/Property;Psychological,,0,0,
2026-06-14-ba55,2026-06-14,VNM,incident,8,vie,1,Human or fundamental rights,Low-action autonomy (human-in-the-loop),0,0,
2026-06-14-1c9b,2026-06-14,USA,hazard,714,deu;eng;fra;ind;ita;jpn;por;spa;tur;ukr;zho,11,Public interest,No-action autonomy (human support),0,0,
2026-06-14-144d,2026-06-14,FRA,hazard,28,kor,1,,High-action autonomy (human-out-of-the-loop),0,0,
2026-06-14-2d4a,2026-06-14,GBR,incident,15,eng,1,Economic/Property;Psychological,No-action autonomy (human support),0,0,
2026-06-14-066b,2026-06-14,IND,incident,12,hin,1,Physical (injury);Psychological,No-action autonomy (human support),0,0,
2026-06-14-0378,2026-06-14,USA,incident,6,eng,1,Physical (death),,0,0,
2026-06-14-1dd4,2026-06-14,BRA,incident,5,eng,1,Physical (death),High-action autonomy (human-out-of-the-loop),0,0,
2026-06-14-8e78,2026-06-14,TWN,hazard,7,fra;por,2,Public interest,No-action autonomy (human support),0,0,
2026-06-14-c1d5,2026-06-14,FRA,hazard,7,eng;fra,2,Physical (injury);Physical (death),High-action autonomy (human-out-of-the-loop),0,0,
2026-06-15-e285,2026-06-15,ESP,hazard,15,eng;ukr,2,Physical (death);Human or fundamental rights,High-action autonomy (human-out-of-the-loop),0,0,
2026-06-15-f2d9,2026-06-15,USA,incident,75,eng;spa;tur,3,Psychological;Human or fundamental rights,High-action autonomy (human-out-of-the-loop),0,0,
2026-06-15-e767,2026-06-15,KOR,hazard,15,kor,1,Physical (death);Physical (injury),,0,0,
2026-06-15-2f09,2026-06-15,AUS,incident,4,eng,1,Economic/Property,High-action autonomy (human-out-of-the-loop),0,0,
2026-06-15-a50d,2026-06-15,CHN,hazard,3,zho,1,Physical (death);Physical (injury);Human or fundamental rights,High-action autonomy (human-out-of-the-loop),0,0,
2026-06-15-8f95,2026-06-15,USA,incident,267,ara;ell;eng;fra;ind;ita;jpn;ron;slk;spa;sqi;tur;vie;zho,14,Physical (death),High-action autonomy (human-out-of-the-loop),0,0,
2026-06-15-b33d,2026-06-15,MYS,incident,4,eng,1,,Medium-action autonomy (human-on-the-loop),0,0,
2026-06-15-f592,2026-06-15,SWE,hazard,6,fra,1,Physical (injury);Reputational,High-action autonomy (human-out-of-the-loop),0,0,
2026-06-15-7e52,2026-06-15,BRA,incident,6,por,1,Human or fundamental rights,,0,0,
2026-06-15-ed77,2026-06-15,USA,incident,22,deu;eng;ita,3,Human or fundamental rights,No-action autonomy (human support),0,0,
2026-06-15-30fb,2026-06-15,NLD,hazard,173,eng;fra;ita;nld;por;ron;spa;swe,8,Public interest;Reputational,High-action autonomy (human-out-of-the-loop),0,0,
2026-06-15-4cd5,2026-06-15,USA,hazard,23,ell;eng,2,Human or fundamental rights,High-action autonomy (human-out-of-the-loop),0,0,
2026-06-15-5be6,2026-06-15,GRC,incident,9,ell,1,Psychological;Reputational,,0,0,
2026-06-15-040a,2026-06-15,KOR,hazard,4,kor,1,,,0,0,
2026-06-15-88aa,2026-06-15,DEU,incident,3,deu,1,Human or fundamental rights;Economic/Property,No-action autonomy (human support),0,0,
2026-06-15-3c15,2026-06-15,TWN,incident,12,zho,1,Physical (injury);Reputational,No-action autonomy (human support),0,0,
2026-06-15-4774,2026-06-15,IND,hazard,8,eng,1,Physical (death);Human or fundamental rights,High-action autonomy (human-out-of-the-loop),0,0,
2026-06-15-f1b9,2026-06-15,KOR,incident,5,kor,1,Human or fundamental rights,Medium-action autonomy (human-on-the-loop),0,0,
2026-06-15-c3f1,2026-06-15,CHE,hazard,22,deu;eng,2,,High-action autonomy (human-out-of-the-loop),0,0,
2026-06-15-0908,2026-06-15,USA,hazard,10,eng,1,Physical (injury);Physical (death),No-action autonomy (human support),0,0,
2026-06-15-34a1,2026-06-15,UKR,hazard,8,eng,1,Physical (death);Physical (injury),High-action autonomy (human-out-of-the-loop),0,0,
2026-06-15-c5ca,2026-06-15,IRL,hazard,8,eng,1,Environmental;Psychological,High-action autonomy (human-out-of-the-loop),0,0,
2026-06-15-4281,2026-06-15,USA,incident,6,eng,1,Economic/Property;Human or fundamental rights;Public interest,,0,0,
2026-06-15-2a06,2026-06-15,USA,incident,6,spa,1,Economic/Property;Public interest;Human or fundamental rights,No-action autonomy (human support),0,0,
2026-06-15-c8e2,2026-06-15,USA,incident,6,eng,1,Economic/Property,,0,0,
2026-06-15-4447,2026-06-15,IND,incident,5,eng,1,Reputational;Psychological;Human or fundamental rights,Low-action autonomy (human-in-the-loop),0,0,
2026-06-15-4dfc,2026-06-15,USA,incident,5,spa,1,,Medium-action autonomy (human-on-the-loop),0,0,
2026-06-15-319f,2026-06-15,USA,hazard,3,eng,1,Economic/Property;Public interest,,0,0,
2026-06-15-833e,2026-06-15,POL,incident,6,pol,1,Human or fundamental rights;Economic/Property;Reputational,Low-action autonomy (human-in-the-loop),0,0,
2026-06-15-db49,2026-06-15,CHN,incident,14,zho,1,Psychological;Reputational;Public interest,,0,0,
2026-06-15-1b2b,2026-06-15,USA,hazard,6,ell,1,Economic/Property,Medium-action autonomy (human-on-the-loop),0,0,
2026-06-16-27dc,2026-06-16,USA,incident,16,eng,1,Economic/Property,High-action autonomy (human-out-of-the-loop),0,0,
2026-06-16-e753,2026-06-16,CHN,incident,3,zho,1,Economic/Property,,0,0,
2026-06-16-6f65,2026-06-16,GBR,hazard,4,eng,1,Environmental,,0,0,
2026-06-16-975b,2026-06-16,KOR,incident,4,kor,1,Psychological;Economic/Property;Human or fundamental rights,,0,0,
2026-06-16-8da7,2026-06-16,USA,hazard,84,eng;kor;por,3,Public interest,No-action autonomy (human support),0,0,
2026-06-16-5d4f,2026-06-16,DEU,hazard,12,deu,1,Physical (death);Physical (injury),High-action autonomy (human-out-of-the-loop),0,0,
2026-06-16-4af0,2026-06-16,GRC,incident,14,ell,1,Psychological,Low-action autonomy (human-in-the-loop),0,0,
2026-06-16-dc2a,2026-06-16,DEU,hazard,15,eng,1,Physical (death),High-action autonomy (human-out-of-the-loop),0,0,
2026-06-16-703c,2026-06-16,USA,incident,26,eng,1,Environmental;Physical (injury),,0,0,
2026-06-16-6baa,2026-06-16,UKR,incident,9,ukr,1,Public interest,,0,0,
2026-06-16-bbe5,2026-06-16,KOR,hazard,8,kor,1,Physical (injury),Medium-action autonomy (human-on-the-loop),0,0,
2026-06-16-f4c8,2026-06-16,GRC,hazard,10,ell,1,Physical (injury);Physical (death);Human or fundamental rights,High-action autonomy (human-out-of-the-loop),0,0,
2026-06-16-a90b,2026-06-16,GBR,hazard,5,tur,1,Economic/Property,,0,0,
2026-06-16-35f8,2026-06-16,TWN,incident,7,zho,1,Economic/Property;Reputational;Human or fundamental rights,,0,0,
2026-06-16-ac43,2026-06-16,USA,incident,9,eng,1,Psychological,High-action autonomy (human-out-of-the-loop),0,0,
2026-06-16-5e3e,2026-06-16,ISR,incident,14,ara;eng,2,Physical (death);Human or fundamental rights,High-action autonomy (human-out-of-the-loop),0,0,
2026-06-16-a863,2026-06-16,CAN,hazard,6,eng,1,Environmental,,0,0,
2026-06-16-a417,2026-06-16,FRA,incident,5,slk,1,Public interest,,0,0,
2026-06-16-6080,2026-06-16,USA,hazard,5,eng,1,Economic/Property,Low-action autonomy (human-in-the-loop),0,1,
2026-06-16-a97a,2026-06-16,USA,incident,6,eng,1,Human or fundamental rights;Public interest,,0,0,
2026-06-16-6eab,2026-06-16,DEU,incident,5,deu,1,Reputational;Psychological,,0,0,
2026-06-16-dd1f,2026-06-16,FRA,incident,4,fra,1,Economic/Property,High-action autonomy (human-out-of-the-loop),0,0,
2026-06-16-dc32,2026-06-16,AUS,incident,4,eng,1,Psychological;Reputational,,0,0,
2026-06-16-ab94,2026-06-16,FRA,hazard,3,eng,1,Physical (death);Physical (injury);Human or fundamental rights,High-action autonomy (human-out-of-the-loop),0,0,
2026-06-16-21b8,2026-06-16,SWE,hazard,53,deu;ell;eng;fra;ita;por;zho,7,Physical (injury);Physical (death),High-action autonomy (human-out-of-the-loop),0,0,
2026-06-16-3b8d,2026-06-16,CHN,incident,32,zho,1,Economic/Property,High-action autonomy (human-out-of-the-loop),0,0,
2026-06-17-e0ae,2026-06-17,CHN,incident,33,ara;eng;jpn;spa;vie,5,Psychological,High-action autonomy (human-out-of-the-loop),0,0,
2026-06-17-b80b,2026-06-17,USA,incident,4,eng,1,,Low-action autonomy (human-in-the-loop),0,0,
2026-06-17-52e5,2026-06-17,USA,hazard,55,eng;kor;zho,3,,,0,0,
2026-06-17-39c6,2026-06-17,KOR,incident,17,kor,1,,,0,0,
2026-06-17-cc69,2026-06-17,GBR,hazard,6,eng,1,Public interest;Economic/Property,,0,0,
2026-06-17-993d,2026-06-17,CHN,incident,5,zho,1,Economic/Property;Reputational,Low-action autonomy (human-in-the-loop),0,0,
2026-06-17-5c02,2026-06-17,IND,incident,73,eng;hin,2,Reputational;Human or fundamental rights,,0,0,
2026-06-17-2f2a,2026-06-17,ITA,incident,40,ell;eng,2,Psychological;Physical (death),High-action autonomy (human-out-of-the-loop),0,0,
2026-06-17-22a7,2026-06-17,GBR,hazard,36,eng;por;spa,3,Physical (injury);Physical (death),High-action autonomy (human-out-of-the-loop),0,0,
2026-06-17-dda3,2026-06-17,GBR,incident,23,eng;tur,2,Psychological,No-action autonomy (human support),0,0,
2026-06-17-ee5e,2026-06-17,USA,hazard,10,eng,1,,High-action autonomy (human-out-of-the-loop),0,1,
2026-06-17-2b24,2026-06-17,CAN,incident,10,eng,1,Psychological;Reputational;Human or fundamental rights,,0,0,
2026-06-17-2833,2026-06-17,NLD,incident,10,nld,1,Economic/Property,No-action autonomy (human support),0,0,
2026-06-17-6f2e,2026-06-17,,hazard,19,eng;ita;ron,3,Public interest;Economic/Property,,0,0,
2026-06-17-d991,2026-06-17,IND,hazard,8,eng,1,Economic/Property;Human or fundamental rights,High-action autonomy (human-out-of-the-loop),0,0,
2026-06-17-1e13,2026-06-17,UKR,incident,8,ukr,1,Economic/Property,High-action autonomy (human-out-of-the-loop),0,0,
2026-06-17-0570,2026-06-17,CHN,incident,7,zho,1,Reputational;Economic/Property,Low-action autonomy (human-in-the-loop),0,0,
2026-06-17-9a01,2026-06-17,MEX,incident,8,spa,1,Reputational;Public interest,,0,0,
2026-06-17-a7ec,2026-06-17,USA,incident,6,eng,1,Human or fundamental rights;Psychological,,0,0,
2026-06-17-03b8,2026-06-17,USA,incident,5,eng,1,Human or fundamental rights,No-action autonomy (human support),0,0,
2026-06-17-b3c2,2026-06-17,DNK,incident,5,kor,1,Economic/Property;Reputational,,0,0,
2026-06-17-3381,2026-06-17,NLD,incident,5,eng,1,,Low-action autonomy (human-in-the-loop),0,0,
2026-06-17-1fe2,2026-06-17,USA,incident,10,eng,1,Human or fundamental rights,High-action autonomy (human-out-of-the-loop),0,0,
2026-06-17-5685,2026-06-17,IND,incident,4,hin,1,Economic/Property,,0,0,
2026-06-17-a9bb,2026-06-17,USA,incident,3,eng,1,Economic/Property;Reputational,,0,0,
2026-06-17-c360,2026-06-17,,incident,6,eng,1,Psychological;Reputational,,0,0,
2026-06-17-c842,2026-06-17,UKR,hazard,5,eng,1,Physical (death);Physical (injury),No-action autonomy (human support),0,0,
2026-06-17-9465,2026-06-17,ARG,incident,3,spa,1,Human or fundamental rights,Medium-action autonomy (human-on-the-loop),0,0,
2026-06-17-5c32,2026-06-17,JPN,hazard,5,jpn,1,,High-action autonomy (human-out-of-the-loop),0,0,
2026-06-18-1c11,2026-06-18,JPN,incident,4,jpn,1,Reputational;Public interest,,0,0,
2026-06-18-aedf,2026-06-18,ARG,hazard,13,spa,1,Physical (injury);Physical (death),High-action autonomy (human-out-of-the-loop),0,0,
2026-06-18-61fe,2026-06-18,ESP,hazard,4,spa,1,Economic/Property;Reputational,,0,0,
2026-06-18-27cf,2026-06-18,USA,hazard,5,eng,1,Physical (death);Physical (injury);Human or fundamental rights,High-action autonomy (human-out-of-the-loop),0,0,
2026-06-18-8ba7,2026-06-18,DEU,incident,20,deu,1,Reputational;Psychological,,0,0,
2026-06-18-4499,2026-06-18,TWN,incident,7,zho,1,,High-action autonomy (human-out-of-the-loop),0,0,
2026-06-18-8b61,2026-06-18,GBR,hazard,9,eng,1,Economic/Property;Public interest,High-action autonomy (human-out-of-the-loop),0,1,
2026-06-18-8d19,2026-06-18,USA,hazard,50,eng;spa,2,Physical (death);Public interest,Medium-action autonomy (human-on-the-loop),0,0,
2026-06-18-2121,2026-06-18,USA,hazard,19,eng,1,Human or fundamental rights;Reputational,Medium-action autonomy (human-on-the-loop),0,0,
2026-06-18-9b08,2026-06-18,DEU,hazard,16,deu,1,Physical (injury),,0,0,
2026-06-18-bd62,2026-06-18,USA,incident,38,eng;fra,2,Physical (injury),High-action autonomy (human-out-of-the-loop),0,0,1547
2026-06-18-9e24,2026-06-18,TUR,incident,12,tur,1,Reputational;Public interest,Low-action autonomy (human-in-the-loop),0,0,
2026-06-18-68e4,2026-06-18,AUT,hazard,10,por,1,Environmental;Public interest,,0,0,
2026-06-18-4caf,2026-06-18,KOR,incident,9,kor,1,,Medium-action autonomy (human-on-the-loop),0,0,
2026-06-18-6830,2026-06-18,KOR,incident,6,zho,1,Economic/Property;Reputational;Human or fundamental rights,,0,0,1551
2026-06-18-3278,2026-06-18,MAR,hazard,6,fra,1,Physical (death);Physical (injury);Human or fundamental rights,High-action autonomy (human-out-of-the-loop),0,0,
2026-06-18-7712,2026-06-18,USA,incident,5,eng,1,Psychological;Reputational,No-action autonomy (human support),0,0,
2026-06-18-8ad3,2026-06-18,USA,hazard,13,eng;kor;por,3,,,0,0,
2026-06-18-0f7d,2026-06-18,KOR,incident,4,eng,1,Psychological;Reputational;Human or fundamental rights,Low-action autonomy (human-in-the-loop),0,0,
2026-06-18-9a98,2026-06-18,BRA,incident,3,por,1,Economic/Property,,0,0,
2026-06-18-5434,2026-06-18,IND,hazard,3,eng,1,,,0,0,
2026-06-18-6a37,2026-06-18,JPN,hazard,27,jpn;zho,2,,High-action autonomy (human-out-of-the-loop),0,0,
2026-06-18-38c7,2026-06-18,USA,hazard,5,eng,1,Economic/Property;Public interest,High-action autonomy (human-out-of-the-loop),0,0,
2026-06-18-9544,2026-06-18,USA,incident,5,eng,1,Human or fundamental rights;Reputational,No-action autonomy (human support),0,0,
2026-06-18-a1f9,2026-06-18,USA,hazard,4,eng,1,,,0,0,
2026-06-18-27a2,2026-06-18,SGP,incident,7,eng,1,Psychological;Human or fundamental rights,No-action autonomy (human support),0,0,
2026-06-18-f66d,2026-06-18,CRI,incident,5,spa,1,Economic/Property,No-action autonomy (human support),0,0,
2026-06-18-fd50,2026-06-18,USA,incident,6,eng,1,Human or fundamental rights,Low-action autonomy (human-in-the-loop),0,0,
2026-06-18-ce3a,2026-06-18,USA,hazard,93,eng;fra;por;spa;tur,5,Physical (injury);Human or fundamental rights,No-action autonomy (human support),0,0,
2026-06-19-aa1c,2026-06-19,FRA,hazard,12,deu,1,Physical (death);Human or fundamental rights,High-action autonomy (human-out-of-the-loop),0,0,
2026-06-19-4ec5,2026-06-19,DEU,hazard,23,bul;deu,2,Physical (death);Physical (injury);Human or fundamental rights,High-action autonomy (human-out-of-the-loop),0,0,
2026-06-19-2273,2026-06-19,IRN,incident,17,fas,1,Reputational,,0,0,
2026-06-19-8e7c,2026-06-19,DEU,hazard,7,deu,1,Economic/Property;Public interest,No-action autonomy (human support),0,0,
2026-06-19-397f,2026-06-19,DEU,hazard,7,zho,1,Public interest,,0,0,
2026-06-19-f870,2026-06-19,USA,incident,6,ron,1,Economic/Property,,0,0,
2026-06-19-3019,2026-06-19,FRA,hazard,8,fra,1,Economic/Property;Psychological,,0,0,
2026-06-19-771f,2026-06-19,CHN,hazard,16,eng;zho,2,,,0,0,
2026-06-19-eb3c,2026-06-19,AUS,incident,11,eng,1,Economic/Property;Public interest,High-action autonomy (human-out-of-the-loop),0,0,
2026-06-19-c0a2,2026-06-19,AUS,hazard,4,eng,1,Human or fundamental rights;Psychological;Public interest,Medium-action autonomy (human-on-the-loop),0,0,
2026-06-19-910c,2026-06-19,KOR,incident,5,kor,1,Psychological;Human or fundamental rights,Low-action autonomy (human-in-the-loop),0,0,
2026-06-19-01c7,2026-06-19,BRA,incident,8,por,1,Reputational;Public interest,No-action autonomy (human support),0,0,
2026-06-19-ff3e,2026-06-19,UKR,incident,3,eng,1,,,0,0,
2026-06-19-dbfc,2026-06-19,TWN,incident,7,zho,1,,Medium-action autonomy (human-on-the-loop),0,0,
2026-06-19-db2e,2026-06-19,TWN,hazard,27,zho,1,,High-action autonomy (human-out-of-the-loop),0,0,
2026-06-19-d3f3,2026-06-19,IND,hazard,10,eng,1,Human or fundamental rights,Low-action autonomy (human-in-the-loop),0,0,
2026-06-19-6df6,2026-06-19,,incident,5,spa,1,Human or fundamental rights,Low-action autonomy (human-in-the-loop),0,0,
2026-06-19-da25,2026-06-19,USA,incident,9,eng,1,Economic/Property,Low-action autonomy (human-in-the-loop),0,0,
2026-06-19-cd7f,2026-06-19,USA,incident,67,eng,1,Human or fundamental rights,High-action autonomy (human-out-of-the-loop),0,0,
2026-06-19-c689,2026-06-19,IND,incident,3,eng,1,Reputational;Human or fundamental rights,,0,0,
2026-06-19-31b2,2026-06-19,DEU,incident,8,deu,1,Economic/Property;Psychological,Low-action autonomy (human-in-the-loop),0,0,
2026-06-20-6c79,2026-06-20,USA,incident,54,eng;hrv,2,Economic/Property,High-action autonomy (human-out-of-the-loop),0,0,
2026-06-20-8b10,2026-06-20,SRB,incident,5,srp,1,Public interest,,0,0,
2026-06-20-74b0,2026-06-20,USA,incident,477,deu;ell;eng;fra;kor;nld;por;ron;spa;tur;zho,11,Physical (death);Economic/Property,Medium-action autonomy (human-on-the-loop),0,0,1552
2026-06-20-743c,2026-06-20,FRA,hazard,6,fra,1,Human or fundamental rights,Low-action autonomy (human-in-the-loop),0,0,
2026-06-20-4173,2026-06-20,NGA,incident,4,ell,1,,Low-action autonomy (human-in-the-loop),0,0,
2026-06-20-3723,2026-06-20,PHL,hazard,10,zho,1,,High-action autonomy (human-out-of-the-loop),0,0,
2026-06-20-3da6,2026-06-20,USA,incident,5,por,1,,Low-action autonomy (human-in-the-loop),0,0,
2026-06-21-bcb5,2026-06-21,USA,incident,46,eng,1,Environmental;Physical (injury),,0,0,1677
2026-06-21-b5af,2026-06-21,KOR,incident,12,kor,1,,Medium-action autonomy (human-on-the-loop),0,0,
2026-06-21-ffa4,2026-06-21,KOR,hazard,7,fra;kor;tur,3,,,0,0,
2026-06-21-5f33,2026-06-21,CAN,hazard,4,eng,1,Public interest,,0,0,
2026-06-21-e572,2026-06-21,GBR,incident,16,ell;eng;zho,3,Economic/Property,,0,0,
2026-06-21-b184,2026-06-21,TWN,hazard,8,zho,1,Human or fundamental rights;Public interest,,0,0,
2026-06-21-e63f,2026-06-21,DEU,hazard,4,eng,1,Physical (injury),High-action autonomy (human-out-of-the-loop),0,0,
2026-06-21-9020,2026-06-21,UKR,incident,31,eng;kor;spa;ukr,4,Physical (death);Physical (injury);Human or fundamental rights,,0,0,
2026-06-21-3ff8,2026-06-21,ESP,hazard,7,spa,1,Economic/Property,,0,0,
2026-06-21-9835,2026-06-21,CAN,incident,5,eng,1,Physical (death);Psychological,High-action autonomy (human-out-of-the-loop),0,0,1535
2026-06-21-2710,2026-06-21,USA,incident,6,eng,1,Public interest,No-action autonomy (human support),0,0,
2026-06-21-ba6a,2026-06-21,USA,hazard,6,eng,1,Physical (injury);Economic/Property,High-action autonomy (human-out-of-the-loop),0,0,
2026-06-21-adee,2026-06-21,KOR,hazard,6,kor,1,,Medium-action autonomy (human-on-the-loop),0,0,
2026-06-21-1644,2026-06-21,USA,hazard,114,ara;bul;deu;ell;eng;ita;ron;spa;zho,9,Public interest;Economic/Property,,0,0,
2026-06-21-2ada,2026-06-21,SGP,incident,4,zho,1,Psychological;Reputational;Human or fundamental rights,No-action autonomy (human support),0,0,
2026-06-21-062f,2026-06-21,CHN,incident,23,zho,1,Economic/Property,Low-action autonomy (human-in-the-loop),0,0,
2026-06-21-16db,2026-06-21,USA,incident,19,eng,1,Physical (injury);Economic/Property;Psychological,Low-action autonomy (human-in-the-loop),0,0,
2026-06-21-9024,2026-06-21,USA,hazard,19,eng;jpn;kor,3,Public interest,,0,0,
2026-06-21-42b2,2026-06-21,GBR,incident,5,eng,1,Psychological;Physical (death),High-action autonomy (human-out-of-the-loop),0,0,
2026-06-21-261a,2026-06-21,KOR,hazard,33,por;spa;tur,3,Economic/Property,High-action autonomy (human-out-of-the-loop),0,0,
2026-06-22-8ea6,2026-06-22,TWN,hazard,3,zho,1,Human or fundamental rights;Reputational,,0,0,
2026-06-22-8b4f,2026-06-22,AUS,hazard,323,eng;fra;ind;ita;jpn;kor;por;spa;tur;ukr;vie;zho,12,Economic/Property;Public interest,,0,0,
2026-06-22-4515,2026-06-22,USA,incident,207,ara;ell;eng;fra;ind;pol;ron;tur;zho,9,Economic/Property,,0,0,
2026-06-22-fd8b,2026-06-22,USA,incident,7,eng,1,Economic/Property,No-action autonomy (human support),0,0,
2026-06-22-3017,2026-06-22,GBR,hazard,7,eng,1,Physical (injury);Physical (death),High-action autonomy (human-out-of-the-loop),0,0,
2026-06-22-ef4e,2026-06-22,USA,incident,77,eng,1,Economic/Property,,0,0,1559
2026-06-22-8d91,2026-06-22,MEX,incident,11,spa,1,Economic/Property;Human or fundamental rights,Low-action autonomy (human-in-the-loop),0,0,
2026-06-22-7079,2026-06-22,ROU,hazard,9,ron,1,,,0,0,
2026-06-22-ea93,2026-06-22,IND,incident,13,eng,1,Economic/Property;Psychological,No-action autonomy (human support),0,0,
2026-06-22-9f3b,2026-06-22,USA,incident,162,ara;bul;deu;ell;eng;fas;fra;por;spa;zho,10,Human or fundamental rights;Psychological,,0,0,
2026-06-22-e81c,2026-06-22,BRA,incident,8,por,1,Reputational;Public interest,Low-action autonomy (human-in-the-loop),0,0,
2026-06-22-4199,2026-06-22,CHN,hazard,30,eng;por;spa,3,Economic/Property,High-action autonomy (human-out-of-the-loop),0,0,
2026-06-22-da27,2026-06-22,DEU,hazard,6,deu,1,,Medium-action autonomy (human-on-the-loop),0,0,
2026-06-22-4a74,2026-06-22,USA,incident,34,eng;zho,2,Human or fundamental rights;Economic/Property,,0,0,
2026-06-22-2a02,2026-06-22,GBR,incident,36,eng;por,2,Human or fundamental rights;Psychological,Medium-action autonomy (human-on-the-loop),0,0,
2026-06-22-74d4,2026-06-22,USA,incident,13,eng;zho,2,Economic/Property;Environmental,Low-action autonomy (human-in-the-loop),0,0,
2026-06-22-bea5,2026-06-22,VNM,incident,5,vie,1,Economic/Property,No-action autonomy (human support),0,0,
2026-06-22-f6e6,2026-06-22,,incident,3,vie,1,Economic/Property;Public interest,Low-action autonomy (human-in-the-loop),0,0,
2026-06-22-4e50,2026-06-22,USA,incident,8,eng,1,Reputational,,0,0,
2026-06-22-7eef,2026-06-22,USA,incident,393,bul;deu;ell;eng;fra;ita;jpn;kor;pol;ron;spa;tur;zho,13,Economic/Property;Reputational,No-action autonomy (human support),0,0,
2026-06-22-db65,2026-06-22,USA,incident,7,eng;tur,2,Economic/Property,High-action autonomy (human-out-of-the-loop),0,0,
2026-06-22-b4f8,2026-06-22,JPN,incident,4,jpn,1,,High-action autonomy (human-out-of-the-loop),0,0,
2026-06-22-7ea5,2026-06-22,JPN,hazard,3,zho,1,,,0,0,
2026-06-22-09b4,2026-06-22,USA,hazard,4,ita,1,Economic/Property,High-action autonomy (human-out-of-the-loop),0,0,
2026-06-22-d62e,2026-06-22,GBR,hazard,58,eng;fra;por;spa,4,Human or fundamental rights;Economic/Property,,0,0,
2026-06-22-a360,2026-06-22,TWN,hazard,6,zho,1,Physical (death);Physical (injury);Public interest,High-action autonomy (human-out-of-the-loop),0,0,
2026-06-22-fea7,2026-06-22,VNM,incident,6,vie,1,Psychological,High-action autonomy (human-out-of-the-loop),0,0,
2026-06-22-5b00,2026-06-22,AUS,hazard,4,eng,1,Reputational;Economic/Property,Low-action autonomy (human-in-the-loop),0,0,
2026-06-22-1532,2026-06-22,,incident,4,ita,1,Psychological;Human or fundamental rights,,0,0,
2026-06-23-1313,2026-06-23,USA,incident,106,eng;fra;hrv;ind;pol;por;ron;spa;tur,9,Psychological,High-action autonomy (human-out-of-the-loop),0,0,
2026-06-23-0304,2026-06-23,USA,incident,5,eng,1,Reputational;Public interest,Low-action autonomy (human-in-the-loop),0,0,
2026-06-23-dc76,2026-06-23,FRA,hazard,21,fra,1,Physical (death);Physical (injury),High-action autonomy (human-out-of-the-loop),0,0,
2026-06-23-81a0,2026-06-23,USA,incident,12,eng,1,Economic/Property,High-action autonomy (human-out-of-the-loop),0,0,
2026-06-23-9ed2,2026-06-23,USA,hazard,10,eng,1,Physical (injury);Physical (death),High-action autonomy (human-out-of-the-loop),0,0,
2026-06-23-4409,2026-06-23,FRA,hazard,9,eng,1,Physical (death);Physical (injury);Human or fundamental rights,High-action autonomy (human-out-of-the-loop),0,0,
2026-06-23-360c,2026-06-23,USA,incident,9,spa,1,Psychological;Reputational;Human or fundamental rights,No-action autonomy (human support),0,0,
2026-06-23-1357,2026-06-23,FIN,hazard,8,fin,1,,Low-action autonomy (human-in-the-loop),0,0,
2026-06-23-f8da,2026-06-23,RUS,incident,12,eng;ukr,2,Public interest;Human or fundamental rights,High-action autonomy (human-out-of-the-loop),0,0,
2026-06-23-42d5,2026-06-23,DEU,incident,5,deu,1,Human or fundamental rights,,0,0,
2026-06-23-5666,2026-06-23,USA,hazard,104,eng;fra;hun;jpn;kor;por;ron;spa;tur;ukr,10,,Medium-action autonomy (human-on-the-loop),0,0,
2026-06-23-0066,2026-06-23,,incident,5,eng,1,Human or fundamental rights;Economic/Property;Reputational,,0,0,
2026-06-23-a568,2026-06-23,USA,incident,7,eng,1,Public interest,High-action autonomy (human-out-of-the-loop),0,0,
2026-06-23-64c4,2026-06-23,USA,hazard,3,eng,1,Environmental;Physical (injury),,0,0,
2026-06-23-2ab8,2026-06-23,CHN,hazard,4,zho,1,Physical (death),No-action autonomy (human support),0,0,
2026-06-23-f391,2026-06-23,DEU,hazard,4,deu,1,Economic/Property,No-action autonomy (human support),0,0,
2026-06-23-f97a,2026-06-23,GRC,hazard,7,ell,1,Human or fundamental rights;Physical (injury),High-action autonomy (human-out-of-the-loop),0,0,
2026-06-23-44bb,2026-06-23,USA,incident,11,eng,1,Physical (injury),High-action autonomy (human-out-of-the-loop),0,0,
2026-06-23-ede7,2026-06-23,USA,hazard,17,ind,1,Public interest,Medium-action autonomy (human-on-the-loop),0,0,
2026-06-23-89f2,2026-06-23,KOR,incident,6,kor,1,,,0,0,
2026-06-23-3133,2026-06-23,FRA,hazard,6,eng,1,Human or fundamental rights;Public interest,High-action autonomy (human-out-of-the-loop),0,0,
2026-06-23-9a45,2026-06-23,GBR,incident,5,eng,1,,High-action autonomy (human-out-of-the-loop),0,1,
2026-06-23-2b4d,2026-06-23,,incident,4,eng,1,Economic/Property,,0,0,
2026-06-23-fe06,2026-06-23,POL,hazard,5,eng,1,,High-action autonomy (human-out-of-the-loop),0,0,
2026-06-23-ac64,2026-06-23,GBR,incident,5,eng,1,Economic/Property,Low-action autonomy (human-in-the-loop),0,0,
2026-06-23-6901,2026-06-23,,incident,628,ara;bul;cat;deu;ell;eng;fra;ita;nld;pol;por;ron;slk;spa;tur,15,Psychological,High-action autonomy (human-out-of-the-loop),0,0,
2026-06-24-d91a,2026-06-24,HUN,incident,6,hun,1,Economic/Property,,0,0,
2026-06-24-c311,2026-06-24,ITA,incident,6,ita,1,Economic/Property;Reputational;Public interest,No-action autonomy (human support),0,0,
2026-06-24-82a0,2026-06-24,CHN,hazard,24,fra;por;spa,3,Economic/Property;Public interest;Human or fundamental rights,,0,0,
2026-06-24-383c,2026-06-24,TWN,incident,10,zho,1,Psychological;Public interest,No-action autonomy (human support),0,0,
2026-06-24-c453,2026-06-24,DEU,incident,13,deu,1,Psychological;Reputational;Human or fundamental rights,Low-action autonomy (human-in-the-loop),0,0,
2026-06-24-dc70,2026-06-24,ESP,hazard,6,por,1,Economic/Property,,0,0,
2026-06-24-a0ab,2026-06-24,ESP,hazard,6,spa,1,Human or fundamental rights,,0,0,
2026-06-24-1be8,2026-06-24,GBR,hazard,6,fra,1,Physical (injury),High-action autonomy (human-out-of-the-loop),0,0,
2026-06-24-e6e2,2026-06-24,MKD,hazard,5,mkd,1,,,0,0,
2026-06-24-040a,2026-06-24,USA,hazard,6,eng,1,Physical (death);Public interest,Medium-action autonomy (human-on-the-loop),0,0,
2026-06-24-2505,2026-06-24,USA,incident,136,eng;fra;por;spa,4,Economic/Property;Public interest,High-action autonomy (human-out-of-the-loop),0,0,
2026-06-24-2e18,2026-06-24,USA,incident,18,deu;eng;spa,3,,No-action autonomy (human support),0,0,
2026-06-24-ff2f,2026-06-24,DEU,incident,10,deu,1,Psychological;Reputational;Human or fundamental rights,Low-action autonomy (human-in-the-loop),0,0,
2026-06-24-588b,2026-06-24,USA,incident,9,eng,1,Public interest,Low-action autonomy (human-in-the-loop),0,0,1557
2026-06-24-e097,2026-06-24,TWN,incident,8,zho,1,,Medium-action autonomy (human-on-the-loop),0,0,
2026-06-24-3929,2026-06-24,KOR,hazard,6,kor,1,Physical (injury);Psychological;Human or fundamental rights,Low-action autonomy (human-in-the-loop),0,0,
2026-06-24-288e,2026-06-24,CHN,incident,3,zho,1,Physical (injury),No-action autonomy (human support),0,0,
2026-06-24-0287,2026-06-24,DEU,incident,7,spa,1,Human or fundamental rights,,0,0,
2026-06-24-9bfe,2026-06-24,PRK,incident,7,eng,1,Economic/Property;Human or fundamental rights,Medium-action autonomy (human-on-the-loop),0,1,
2026-06-24-ce48,2026-06-24,BRA,incident,5,por,1,Reputational;Psychological,High-action autonomy (human-out-of-the-loop),0,0,
2026-06-24-7066,2026-06-24,USA,incident,6,eng,1,Economic/Property;Reputational,,0,0,
2026-06-24-f815,2026-06-24,USA,incident,5,eng,1,Human or fundamental rights,,0,0,
2026-06-25-1d37,2026-06-25,USA,incident,23,eng;pol;ron,3,Reputational;Public interest,High-action autonomy (human-out-of-the-loop),0,0,1644
2026-06-25-29ad,2026-06-25,USA,hazard,10,eng,1,Economic/Property;Public interest,High-action autonomy (human-out-of-the-loop),0,1,
2026-06-25-8c12,2026-06-25,USA,incident,6,eng,1,Economic/Property,High-action autonomy (human-out-of-the-loop),0,0,
2026-06-25-d038,2026-06-25,EGY,incident,6,ara,1,Human or fundamental rights;Psychological,,0,0,
2026-06-25-6842,2026-06-25,FRA,incident,7,fra,1,Reputational;Public interest,No-action autonomy (human support),0,0,
2026-06-25-c647,2026-06-25,USA,hazard,5,eng,1,,Low-action autonomy (human-in-the-loop),0,1,
2026-06-25-16ed,2026-06-25,USA,hazard,8,eng,1,Economic/Property;Public interest,,0,0,
2026-06-25-3c21,2026-06-25,CHN,incident,16,ind;zho,2,Economic/Property,,0,0,
2026-06-25-6047,2026-06-25,SGP,incident,6,eng,1,Economic/Property,High-action autonomy (human-out-of-the-loop),0,1,
2026-06-25-9505,2026-06-25,IRN,hazard,4,eng,1,Physical (death),High-action autonomy (human-out-of-the-loop),0,0,
2026-06-26-dd77,2026-06-26,TUR,incident,37,tur,1,Public interest,No-action autonomy (human support),0,0,
2026-06-26-3283,2026-06-26,KOR,hazard,102,ara;deu;eng;fra;kor;por;spa;ukr;zho,9,Physical (death);Public interest;Human or fundamental rights,High-action autonomy (human-out-of-the-loop),0,0,
2026-06-26-2da5,2026-06-26,MYS,hazard,27,eng;vie;zho,3,,,0,0,
2026-06-26-81fa,2026-06-26,BRA,incident,9,por,1,Human or fundamental rights;Psychological;Public interest,,0,0,
2026-06-26-b414,2026-06-26,JPN,hazard,9,zho,1,Physical (death);Human or fundamental rights,High-action autonomy (human-out-of-the-loop),0,0,
2026-06-26-678d,2026-06-26,AUT,incident,6,deu,1,Human or fundamental rights;Public interest,,0,0,
2026-06-26-a4f0,2026-06-26,CAN,incident,6,eng,1,Economic/Property;Psychological,No-action autonomy (human support),0,0,1532
2026-06-26-271f,2026-06-26,ISR,incident,5,heb,1,Public interest;Reputational,,0,0,
2026-06-26-1bc4,2026-06-26,VNM,incident,5,vie,1,Public interest;Psychological,No-action autonomy (human support),0,0,
2026-06-26-bf62,2026-06-26,USA,incident,5,eng,1,Economic/Property;Reputational,High-action autonomy (human-out-of-the-loop),0,0,
2026-06-26-f118,2026-06-26,VNM,incident,4,vie,1,Reputational;Public interest,,0,0,
2026-06-26-8648,2026-06-26,ITA,hazard,5,ita,1,,High-action autonomy (human-out-of-the-loop),0,1,
2026-06-26-d548,2026-06-26,VNM,incident,3,vie,1,Economic/Property,No-action autonomy (human support),0,0,
2026-06-26-9efc,2026-06-26,GBR,hazard,7,eng,1,Physical (injury),No-action autonomy (human support),0,0,
2026-06-26-e337,2026-06-26,CHN,incident,4,zho,1,Economic/Property;Human or fundamental rights,,0,0,
2026-06-26-9e60,2026-06-26,TWN,incident,239,eng;por;spa;zho,4,Public interest,,0,0,
2026-06-26-a01a,2026-06-26,IND,hazard,13,eng;spa,2,Economic/Property;Public interest,Medium-action autonomy (human-on-the-loop),0,0,
2026-06-26-4f7e,2026-06-26,USA,incident,6,eng,1,Human or fundamental rights,,0,0,
2026-06-26-b113,2026-06-26,USA,incident,5,eng,1,Physical (death);Physical (injury);Psychological,No-action autonomy (human support),0,0,
2026-06-26-901f,2026-06-26,USA,incident,4,eng,1,Reputational,High-action autonomy (human-out-of-the-loop),0,0,
2026-06-26-47d7,2026-06-26,USA,incident,3,eng,1,Psychological;Human or fundamental rights,High-action autonomy (human-out-of-the-loop),0,0,
2026-06-27-0f51,2026-06-27,JPN,hazard,41,zho,1,Physical (death);Public interest,High-action autonomy (human-out-of-the-loop),0,0,
2026-06-27-9c6c,2026-06-27,KOR,incident,67,eng;kor;tur;zho,4,Reputational;Public interest,,0,0,
2026-06-27-dfc2,2026-06-27,KOR,incident,5,hun,1,Economic/Property;Reputational;Human or fundamental rights,No-action autonomy (human support),0,0,
2026-06-27-4ef1,2026-06-27,USA,incident,12,eng,1,Physical (death),Medium-action autonomy (human-on-the-loop),0,0,
2026-06-27-014b,2026-06-27,USA,incident,9,eng,1,Human or fundamental rights,No-action autonomy (human support),0,0,
2026-06-27-3265,2026-06-27,CHN,incident,3,vie,1,Economic/Property,,0,0,
2026-06-27-2c28,2026-06-27,GBR,hazard,96,deu;eng;fra;ita;por;spa;tur;zho,8,Physical (death);Human or fundamental rights,High-action autonomy (human-out-of-the-loop),0,0,
2026-06-28-ab9b,2026-06-28,USA,incident,4,eng,1,Public interest,,0,0,
2026-06-28-e372,2026-06-28,CHN,incident,49,zho,1,Economic/Property;Reputational,No-action autonomy (human support),0,0,
2026-06-28-f6b5,2026-06-28,FRA,incident,31,fra;hrv;por;spa,4,Economic/Property;Reputational,,0,0,
2026-06-28-e2c9,2026-06-28,CHE,hazard,75,ara;eng;jpn;kor;ron;spa;zho,7,Economic/Property;Public interest,,0,0,
2026-06-28-a78d,2026-06-28,USA,incident,16,eng,1,Physical (death);Psychological,High-action autonomy (human-out-of-the-loop),0,0,
2026-06-28-6c0a,2026-06-28,BRA,incident,29,por,1,Psychological;Reputational;Human or fundamental rights,Low-action autonomy (human-in-the-loop),0,0,
2026-06-28-e471,2026-06-28,KOR,incident,10,kor,1,Economic/Property,High-action autonomy (human-out-of-the-loop),0,0,
2026-06-28-5604,2026-06-28,CHN,hazard,7,zho,1,Human or fundamental rights;Public interest,,0,0,
2026-06-28-4bbd,2026-06-28,CHN,incident,6,zho,1,Economic/Property;Human or fundamental rights,No-action autonomy (human support),0,0,
2026-06-28-92de,2026-06-28,ITA,incident,8,ita,1,Economic/Property,Low-action autonomy (human-in-the-loop),0,0,
2026-06-28-daa8,2026-06-28,JPN,incident,6,jpn,1,Human or fundamental rights,High-action autonomy (human-out-of-the-loop),0,0,
2026-06-28-3184,2026-06-28,USA,incident,25,eng;spa,2,Reputational,Low-action autonomy (human-in-the-loop),0,0,
2026-06-28-96fe,2026-06-28,GBR,hazard,3,eng,1,Economic/Property;Public interest,,0,0,
2026-06-28-d957,2026-06-28,USA,incident,5,eng,1,Economic/Property;Human or fundamental rights,Low-action autonomy (human-in-the-loop),0,1,
2026-06-28-eaee,2026-06-28,TWN,hazard,34,zho,1,Physical (death);Public interest,High-action autonomy (human-out-of-the-loop),0,0,
2026-06-29-d42b,2026-06-29,FIN,hazard,14,zho,1,Economic/Property;Public interest,,0,0,
2026-06-29-7114,2026-06-29,TUR,incident,11,tur,1,Human or fundamental rights;Public interest,No-action autonomy (human support),0,0,
2026-06-29-8b5d,2026-06-29,CHN,incident,10,zho,1,Reputational;Economic/Property,No-action autonomy (human support),0,0,
2026-06-29-599a,2026-06-29,CAN,incident,5,eng,1,Physical (death);Psychological,High-action autonomy (human-out-of-the-loop),0,0,
2026-06-29-5bb8,2026-06-29,USA,incident,9,eng,1,Psychological,High-action autonomy (human-out-of-the-loop),0,0,
2026-06-29-9ad3,2026-06-29,NLD,hazard,5,nld,1,Physical (death);Physical (injury),,0,0,
2026-06-29-5dda,2026-06-29,USA,hazard,12,eng;spa,2,Psychological,High-action autonomy (human-out-of-the-loop),0,0,
2026-06-29-5faa,2026-06-29,GEO,incident,6,eng,1,Human or fundamental rights;Public interest,Low-action autonomy (human-in-the-loop),0,0,
2026-06-29-4631,2026-06-29,GBR,hazard,7,eng,1,Environmental;Economic/Property,,0,0,
2026-06-29-96b6,2026-06-29,USA,hazard,56,eng;fra;ron;spa,4,,,0,0,
2026-06-29-b2f4,2026-06-29,USA,hazard,5,pol,1,Economic/Property;Public interest,,0,0,
2026-06-29-96dd,2026-06-29,USA,incident,5,eng,1,Economic/Property;Human or fundamental rights;Public interest,High-action autonomy (human-out-of-the-loop),0,0,
2026-06-29-32cc,2026-06-29,RUS,hazard,5,eng,1,Physical (death);Physical (injury);Human or fundamental rights,Low-action autonomy (human-in-the-loop),0,0,
2026-06-29-08ac,2026-06-29,AUS,incident,5,fra,1,Reputational;Psychological,No-action autonomy (human support),0,0,
2026-06-29-2cbe,2026-06-29,GBR,hazard,5,eng;por,2,Physical (death);Physical (injury),High-action autonomy (human-out-of-the-loop),0,0,
2026-06-29-d230,2026-06-29,USA,hazard,9,eng,1,Environmental,,0,0,
2026-06-30-7d4d,2026-06-30,PAK,incident,5,eng,1,Reputational,,0,0,
2026-06-30-f830,2026-06-30,IND,hazard,8,eng,1,Economic/Property,,0,0,
2026-06-30-6b10,2026-06-30,KOR,incident,9,kor,1,Public interest;Psychological,No-action autonomy (human support),0,0,
2026-06-30-3e93,2026-06-30,GBR,hazard,43,eng;jpn;por;zho,4,Economic/Property;Public interest,High-action autonomy (human-out-of-the-loop),0,1,
2026-06-30-5107,2026-06-30,USA,incident,65,ara;eng;kor;por;spa,5,Psychological;Human or fundamental rights,High-action autonomy (human-out-of-the-loop),0,0,
2026-06-30-4590,2026-06-30,USA,incident,29,kor;zho,2,Physical (death);Physical (injury),Medium-action autonomy (human-on-the-loop),0,0,1552
2026-06-30-116e,2026-06-30,USA,incident,36,eng;spa;zho,3,Human or fundamental rights,Low-action autonomy (human-in-the-loop),0,0,
2026-06-30-448e,2026-06-30,IND,incident,20,eng,1,Reputational,,0,0,
2026-06-30-8dcb,2026-06-30,USA,incident,46,eng;fra;por;spa,4,Psychological,High-action autonomy (human-out-of-the-loop),0,0,
2026-06-30-95fd,2026-06-30,UKR,incident,5,ukr,1,Physical (death);Human or fundamental rights;Public interest,High-action autonomy (human-out-of-the-loop),0,0,
2026-06-30-2135,2026-06-30,USA,hazard,5,eng,1,Physical (injury);Human or fundamental rights;Public interest,High-action autonomy (human-out-of-the-loop),0,0,
2026-06-30-025c,2026-06-30,CHE,hazard,4,fra,1,,,0,0,
2026-06-30-6957,2026-06-30,ECU,incident,8,spa,1,Economic/Property,No-action autonomy (human support),0,0,
2026-06-30-05a3,2026-06-30,,hazard,6,eng,1,Economic/Property,High-action autonomy (human-out-of-the-loop),0,1,
2026-06-30-a169,2026-06-30,USA,incident,9,eng;zho,2,Economic/Property,,0,0,
2026-06-30-4b17,2026-06-30,UKR,incident,3,eng,1,Economic/Property,High-action autonomy (human-out-of-the-loop),0,0,
2026-06-30-7692,2026-06-30,USA,incident,5,eng,1,Reputational;Public interest,,0,0,
2026-06-30-e47e,2026-06-30,GBR,hazard,5,eng,1,Physical (injury);Human or fundamental rights,High-action autonomy (human-out-of-the-loop),0,0,
2026-06-30-be5d,2026-06-30,USA,incident,6,eng,1,Reputational;Economic/Property,High-action autonomy (human-out-of-the-loop),0,0,1587
2026-06-30-76a3,2026-06-30,VNM,hazard,4,vie,1,Physical (injury),High-action autonomy (human-out-of-the-loop),0,0,
2026-06-30-859a,2026-06-30,IDN,incident,5,ind,1,Economic/Property;Human or fundamental rights;Public interest,,0,0,
2026-06-30-287f,2026-06-30,USA,incident,115,eng;fra;spa;vie;zho,5,Human or fundamental rights,High-action autonomy (human-out-of-the-loop),0,0,
2026-06-30-6404,2026-06-30,USA,hazard,11,eng;fra;zho,3,,High-action autonomy (human-out-of-the-loop),0,0,
2026-07-01-6cd1,2026-07-01,USA,incident,5,eng,1,Physical (death);Physical (injury),Medium-action autonomy (human-on-the-loop),0,0,1686
2026-07-01-994d,2026-07-01,USA,incident,41,ell;eng;por;spa,4,Psychological,High-action autonomy (human-out-of-the-loop),0,0,1569
2026-07-01-716c,2026-07-01,SGP,incident,34,eng;zho,2,,,0,0,
2026-07-01-6b27,2026-07-01,USA,incident,6,eng,1,Economic/Property;Human or fundamental rights,No-action autonomy (human support),0,0,
2026-07-01-6bbf,2026-07-01,ESP,hazard,24,eng;spa,2,Public interest,Low-action autonomy (human-in-the-loop),0,0,
2026-07-01-97c5,2026-07-01,USA,hazard,24,eng;por;zho,3,Public interest,High-action autonomy (human-out-of-the-loop),0,0,
2026-07-01-82fe,2026-07-01,USA,hazard,7,zho,1,Environmental;Physical (injury),,0,0,
2026-07-01-4423,2026-07-01,PRT,hazard,17,eng,1,Economic/Property;Public interest,,0,0,
2026-07-01-5cb4,2026-07-01,IND,hazard,21,eng,1,Economic/Property,,0,0,
2026-07-01-6f66,2026-07-01,USA,incident,11,eng,1,Economic/Property;Human or fundamental rights;Reputational,No-action autonomy (human support),0,0,
2026-07-01-4021,2026-07-01,IND,incident,13,eng;hin,2,Reputational;Public interest,No-action autonomy (human support),0,0,
2026-07-01-5e31,2026-07-01,USA,incident,6,eng,1,Other,Medium-action autonomy (human-on-the-loop),0,0,
2026-07-01-0cd8,2026-07-01,CPV,incident,14,eng,1,Physical (injury);Psychological;Human or fundamental rights,High-action autonomy (human-out-of-the-loop),0,0,
2026-07-01-d448,2026-07-01,GBR,incident,13,eng,1,Human or fundamental rights;Reputational;Psychological,Low-action autonomy (human-in-the-loop),0,0,
2026-07-01-bb57,2026-07-01,USA,hazard,7,eng,1,Physical (injury);Public interest,High-action autonomy (human-out-of-the-loop),0,0,
2026-07-01-2beb,2026-07-01,,incident,99,eng;fra;spa;vie;zho,5,Economic/Property,High-action autonomy (human-out-of-the-loop),0,1,1578
2026-07-01-6dc8,2026-07-01,USA,hazard,5,ukr,1,Physical (death);Human or fundamental rights;Public interest,Medium-action autonomy (human-on-the-loop),0,0,
2026-07-01-5295,2026-07-01,SGP,incident,4,eng,1,Economic/Property;Human or fundamental rights,High-action autonomy (human-out-of-the-loop),0,0,
2026-07-01-f813,2026-07-01,ISR,incident,4,eng,1,Economic/Property,No-action autonomy (human support),0,0,
2026-07-01-a6e6,2026-07-01,USA,hazard,9,ara;eng,2,Psychological,Low-action autonomy (human-in-the-loop),0,0,
2026-07-01-8390,2026-07-01,,incident,4,srp,1,Economic/Property,Medium-action autonomy (human-on-the-loop),0,0,
2026-07-01-b80f,2026-07-01,USA,incident,4,spa,1,Economic/Property;Psychological,No-action autonomy (human support),0,0,
2026-07-01-f795,2026-07-01,SRB,hazard,4,srp,1,Economic/Property;Psychological,Low-action autonomy (human-in-the-loop),0,0,
2026-07-01-f896,2026-07-01,BGR,incident,4,bul,1,Economic/Property;Human or fundamental rights,,0,0,
2026-07-02-7cb5,2026-07-02,IND,incident,83,eng;hin,2,Public interest;Reputational,,0,0,1573
2026-07-02-b791,2026-07-02,TUR,hazard,15,tur,1,Physical (death);Public interest,High-action autonomy (human-out-of-the-loop),0,0,
2026-07-02-170f,2026-07-02,TWN,incident,15,zho,1,Economic/Property,No-action autonomy (human support),0,0,
2026-07-02-e547,2026-07-02,COL,hazard,4,spa,1,Public interest,,0,0,
2026-07-02-81fd,2026-07-02,USA,incident,44,eng;por;ron;spa;srp;zho,6,Reputational;Public interest,Low-action autonomy (human-in-the-loop),0,0,
2026-07-02-fd7a,2026-07-02,TWN,incident,41,zho,1,Economic/Property,High-action autonomy (human-out-of-the-loop),0,0,
2026-07-02-b810,2026-07-02,HKG,incident,3,zho,1,Economic/Property,,0,0,
2026-07-02-a14c,2026-07-02,CHN,incident,5,zho,1,Economic/Property;Reputational,,0,0,
2026-07-02-4285,2026-07-02,DEU,hazard,11,eng,1,Physical (death);Human or fundamental rights;Public interest,High-action autonomy (human-out-of-the-loop),0,0,
2026-07-02-0c75,2026-07-02,CHN,incident,196,deu;eng;fas;fra;ind;por;spa;tur,8,Human or fundamental rights,No-action autonomy (human support),0,0,
2026-07-03-a8e8,2026-07-03,IDN,incident,6,ind,1,Economic/Property,,0,0,
2026-07-03-1717,2026-07-03,USA,hazard,8,eng,1,Economic/Property,,0,0,
2026-07-03-95c8,2026-07-03,ARG,incident,10,spa,1,Psychological,Low-action autonomy (human-in-the-loop),0,0,
2026-07-03-d5eb,2026-07-03,IND,incident,124,deu;ell;eng;zho,4,Human or fundamental rights;Psychological,High-action autonomy (human-out-of-the-loop),0,0,
2026-07-03-ef6b,2026-07-03,TUR,incident,31,tur,1,Economic/Property,Low-action autonomy (human-in-the-loop),0,0,
2026-07-03-ae24,2026-07-03,GBR,incident,48,ara;eng;hrv;kor;mkd,5,Psychological;Human or fundamental rights,,0,0,
2026-07-03-37a9,2026-07-03,ARE,incident,13,eng,1,Economic/Property;Psychological,Low-action autonomy (human-in-the-loop),0,0,1570
2026-07-03-2a7c,2026-07-03,GRC,incident,8,ell,1,Public interest;Reputational,No-action autonomy (human support),0,0,
2026-07-03-fc3d,2026-07-03,GRC,incident,6,ell,1,Reputational;Public interest,,0,0,
2026-07-03-7b8e,2026-07-03,BRA,incident,6,por,1,Reputational;Public interest,No-action autonomy (human support),0,0,
2026-07-03-5cc8,2026-07-03,BRA,incident,6,por,1,Reputational;Psychological,,0,0,
2026-07-03-08dd,2026-07-03,USA,incident,7,eng,1,Psychological;Reputational;Human or fundamental rights,Low-action autonomy (human-in-the-loop),0,0,
2026-07-03-b5a9,2026-07-03,ROU,incident,7,hun;ron,2,Reputational;Public interest,Medium-action autonomy (human-on-the-loop),0,0,
2026-07-03-8944,2026-07-03,BRA,incident,4,por,1,Reputational;Psychological,No-action autonomy (human support),0,0,
2026-07-03-5676,2026-07-03,DEU,hazard,10,deu,1,Physical (injury);Environmental,,0,0,
2026-07-03-bdbe,2026-07-03,NLD,hazard,6,nld,1,Economic/Property,High-action autonomy (human-out-of-the-loop),0,0,
2026-07-03-0f6a,2026-07-03,SGP,incident,5,eng,1,Psychological;Human or fundamental rights,Low-action autonomy (human-in-the-loop),0,0,
2026-07-03-c03c,2026-07-03,,incident,6,eng,1,Economic/Property,High-action autonomy (human-out-of-the-loop),0,1,
2026-07-04-12bb,2026-07-04,GBR,hazard,11,eng;ita;zho,3,,High-action autonomy (human-out-of-the-loop),0,0,
2026-07-04-3e62,2026-07-04,USA,incident,20,eng;por;spa,3,Economic/Property,No-action autonomy (human support),0,0,
2026-07-04-2512,2026-07-04,USA,incident,6,zho,1,Environmental,,0,0,
2026-07-04-096e,2026-07-04,AUS,incident,6,eng,1,Economic/Property;Reputational,No-action autonomy (human support),0,0,
2026-07-04-cbdf,2026-07-04,IDN,hazard,4,ind,1,Human or fundamental rights;Reputational,High-action autonomy (human-out-of-the-loop),0,0,
2026-07-05-b3f5,2026-07-05,USA,incident,80,eng;zho,2,Economic/Property,High-action autonomy (human-out-of-the-loop),0,0,1583
2026-07-05-9852,2026-07-05,CHN,incident,5,zho,1,Reputational,Low-action autonomy (human-in-the-loop),0,0,
2026-07-05-18d3,2026-07-05,GBR,incident,17,eng;spa,2,Public interest,High-action autonomy (human-out-of-the-loop),0,0,
2026-07-05-dc8b,2026-07-05,IND,incident,6,hin,1,Physical (injury),No-action autonomy (human support),0,0,
2026-07-05-9ce3,2026-07-05,CHN,incident,6,eng,1,Human or fundamental rights;Public interest,,0,1,
2026-07-05-1dda,2026-07-05,IND,incident,10,eng,1,Reputational,Low-action autonomy (human-in-the-loop),0,0,
2026-07-05-4436,2026-07-05,ITA,hazard,11,ara;ita,2,Human or fundamental rights,High-action autonomy (human-out-of-the-loop),0,0,
2026-07-06-d428,2026-07-06,GBR,hazard,45,ara;deu;eng;ron;zho,5,Public interest,,0,0,
2026-07-06-1c9e,2026-07-06,USA,hazard,8,eng,1,Economic/Property,,0,0,
2026-07-06-b049,2026-07-06,USA,incident,25,eng,1,Physical (injury),High-action autonomy (human-out-of-the-loop),0,0,
2026-07-06-d1c3,2026-07-06,USA,incident,39,eng;fas,2,Economic/Property;Reputational,High-action autonomy (human-out-of-the-loop),0,0,
2026-07-06-f306,2026-07-06,PAK,incident,21,eng;urd,2,Psychological;Reputational,Low-action autonomy (human-in-the-loop),0,0,
2026-07-06-ad8d,2026-07-06,IND,incident,21,eng,1,Reputational;Human or fundamental rights;Psychological,,0,0,
2026-07-06-ba3f,2026-07-06,JPN,incident,56,eng;jpn;urd;vie;zho,5,Economic/Property;Reputational,No-action autonomy (human support),0,0,
2026-07-06-5281,2026-07-06,ESP,incident,9,spa,1,Psychological;Human or fundamental rights,No-action autonomy (human support),0,0,
2026-07-06-36c5,2026-07-06,GBR,hazard,20,eng,1,Environmental,,0,0,
2026-07-06-e093,2026-07-06,DEU,incident,14,deu,1,Economic/Property,Low-action autonomy (human-in-the-loop),0,0,
2026-07-06-36f2,2026-07-06,CHE,hazard,10,slk;vie,2,Physical (death);Human or fundamental rights,High-action autonomy (human-out-of-the-loop),0,0,
2026-07-06-1501,2026-07-06,CAN,incident,49,eng;fra;ita;vie,4,Physical (injury),Medium-action autonomy (human-on-the-loop),0,0,
2026-07-06-d882,2026-07-06,USA,hazard,69,eng;fra;ind;ita;kor;por;spa,7,,,0,0,
2026-07-06-ad30,2026-07-06,USA,hazard,10,eng,1,Public interest,High-action autonomy (human-out-of-the-loop),0,0,
2026-07-06-86af,2026-07-06,BRA,hazard,15,por,1,Human or fundamental rights;Psychological,,0,0,
2026-07-06-f7dc,2026-07-06,GBR,incident,7,eng,1,Physical (injury),Low-action autonomy (human-in-the-loop),0,0,
2026-07-06-a119,2026-07-06,NGA,hazard,6,fra,1,Economic/Property,,0,0,
2026-07-06-b9aa,2026-07-06,USA,incident,7,eng,1,Human or fundamental rights;Economic/Property;Reputational,,0,0,1580;1581;1582
2026-07-06-9c23,2026-07-06,USA,incident,72,eng;spa;zho,3,Psychological;Human or fundamental rights,High-action autonomy (human-out-of-the-loop),0,0,
2026-07-06-1f4b,2026-07-06,ISR,incident,6,eng,1,Physical (death);Physical (injury);Economic/Property,High-action autonomy (human-out-of-the-loop),0,0,
2026-07-06-498b,2026-07-06,USA,hazard,5,eng,1,Economic/Property,,0,0,
2026-07-06-2bd7,2026-07-06,CAN,hazard,5,eng,1,Environmental,High-action autonomy (human-out-of-the-loop),0,0,
2026-07-06-9e58,2026-07-06,SVK,incident,16,eng;hun;ron,3,Economic/Property;Human or fundamental rights;Reputational,High-action autonomy (human-out-of-the-loop),0,0,
2026-07-06-abbe,2026-07-06,USA,hazard,3,eng,1,Economic/Property;Public interest,,0,0,
2026-07-06-7081,2026-07-06,TWN,hazard,3,zho,1,Public interest,,0,0,
2026-07-06-5173,2026-07-06,CHN,incident,5,eng,1,Economic/Property;Psychological,,0,0,
2026-07-06-65f3,2026-07-06,POL,hazard,7,pol,1,Physical (death),High-action autonomy (human-out-of-the-loop),0,0,
2026-07-06-fb28,2026-07-06,FRA,hazard,42,fra,1,Human or fundamental rights,,0,0,
2026-07-07-2b9d,2026-07-07,FRA,incident,28,fra,1,Reputational;Psychological;Human or fundamental rights,High-action autonomy (human-out-of-the-loop),0,0,
2026-07-07-9400,2026-07-07,USA,incident,117,ara;deu;ell;eng;ita;por;spa;srp;tur;ukr,10,Psychological,High-action autonomy (human-out-of-the-loop),0,0,
2026-07-07-7221,2026-07-07,,hazard,97,ara;eng;fra;hrv;ita;nld;ron;spa,8,Economic/Property;Reputational;Public interest,,0,0,
2026-07-07-b825,2026-07-07,CAN,incident,90,ell;eng;fra;por;spa;zho,6,Physical (death),High-action autonomy (human-out-of-the-loop),0,0,
2026-07-07-af41,2026-07-07,CHN,hazard,128,eng;spa;zho,3,Economic/Property,,0,0,
2026-07-07-27dd,2026-07-07,KOR,hazard,34,kor,1,Physical (death);Human or fundamental rights;Public interest,High-action autonomy (human-out-of-the-loop),0,0,
2026-07-07-fa2f,2026-07-07,USA,incident,10,eng,1,Economic/Property;Reputational,High-action autonomy (human-out-of-the-loop),0,1,
2026-07-07-b74c,2026-07-07,CHN,incident,5,zho,1,Human or fundamental rights;Economic/Property;Psychological,,0,0,
2026-07-07-cd63,2026-07-07,USA,incident,96,eng,1,Human or fundamental rights;Public interest,Low-action autonomy (human-in-the-loop),0,0,1595
2026-07-07-d03e,2026-07-07,USA,incident,38,eng;fra;spa;zho,4,Psychological,High-action autonomy (human-out-of-the-loop),0,0,1585
2026-07-07-62a0,2026-07-07,AUS,hazard,11,eng,1,Economic/Property,High-action autonomy (human-out-of-the-loop),0,0,
2026-07-07-160f,2026-07-07,USA,hazard,9,eng,1,Economic/Property;Public interest,High-action autonomy (human-out-of-the-loop),0,0,
2026-07-07-f26d,2026-07-07,GBR,hazard,18,eng;jpn;por,3,Economic/Property,,0,0,
2026-07-07-f0bf,2026-07-07,USA,incident,10,eng,1,Human or fundamental rights,High-action autonomy (human-out-of-the-loop),0,0,
2026-07-07-4e80,2026-07-07,CHE,incident,12,ara;eng,2,Physical (injury);Psychological;Public interest,,0,0,
2026-07-07-e080,2026-07-07,BRA,incident,6,por,1,Reputational;Public interest;Human or fundamental rights,,0,0,
2026-07-07-5a78,2026-07-07,SGP,incident,5,eng,1,Public interest,,0,0,
2026-07-07-7670,2026-07-07,BRA,incident,6,por,1,,,0,0,
2026-07-07-7a8d,2026-07-07,UKR,hazard,4,ukr,1,Physical (death);Physical (injury),High-action autonomy (human-out-of-the-loop),0,0,
2026-07-07-9270,2026-07-07,UKR,incident,8,eng;ron,2,,High-action autonomy (human-out-of-the-loop),0,0,
2026-07-07-ab46,2026-07-07,USA,incident,8,eng,1,Psychological;Public interest,High-action autonomy (human-out-of-the-loop),0,0,
2026-07-07-7d89,2026-07-07,USA,hazard,4,eng,1,Physical (injury);Physical (death),High-action autonomy (human-out-of-the-loop),0,0,
2026-07-07-c2ac,2026-07-07,FIN,incident,3,fin,1,Psychological;Economic/Property,Low-action autonomy (human-in-the-loop),0,0,
2026-07-07-70e4,2026-07-07,GBR,hazard,11,eng;spa,2,Economic/Property;Public interest,High-action autonomy (human-out-of-the-loop),0,0,
2026-07-07-3321,2026-07-07,IDN,hazard,4,ind,1,Economic/Property;Reputational;Human or fundamental rights,,0,0,
2026-07-08-7fe6,2026-07-08,DEU,incident,16,eng,1,Economic/Property,High-action autonomy (human-out-of-the-loop),0,0,
2026-07-08-ff7f,2026-07-08,ARG,incident,23,spa,1,Psychological;Reputational;Human or fundamental rights,No-action autonomy (human support),0,0,
2026-07-08-0b7e,2026-07-08,USA,incident,17,eng;spa,2,Psychological,High-action autonomy (human-out-of-the-loop),0,0,
2026-07-08-b3a3,2026-07-08,KOR,incident,8,kor,1,Human or fundamental rights;Psychological,No-action autonomy (human support),0,0,
2026-07-08-9a2f,2026-07-08,USA,incident,6,eng,1,Economic/Property,,0,0,
2026-07-08-6914,2026-07-08,USA,incident,12,eng,1,Human or fundamental rights,,0,0,
2026-07-08-4e50,2026-07-08,,hazard,14,eng;ron,2,Physical (death);Human or fundamental rights;Public interest,High-action autonomy (human-out-of-the-loop),0,0,
2026-07-08-e485,2026-07-08,USA,incident,837,ara;deu;eng;fra;hin;hrv;ind;ita;jpn;kor;nld;pol;por;ron;spa;tur;ukr;vie,18,Human or fundamental rights,,0,0,
2026-07-08-d7dc,2026-07-08,ESP,incident,3,spa,1,Economic/Property,,0,0,
2026-07-08-b586,2026-07-08,USA,incident,74,eng;spa,2,Public interest,High-action autonomy (human-out-of-the-loop),0,0,
2026-07-08-286f,2026-07-08,USA,incident,13,eng,1,Economic/Property;Reputational;Human or fundamental rights,,0,1,
2026-07-08-f888,2026-07-08,DEU,incident,11,deu,1,Public interest,High-action autonomy (human-out-of-the-loop),0,0,
2026-07-08-cee4,2026-07-08,CHN,incident,11,zho,1,Psychological;Public interest,,0,0,
2026-07-08-5187,2026-07-08,USA,hazard,8,eng,1,Physical (injury);Physical (death),High-action autonomy (human-out-of-the-loop),0,0,
2026-07-08-291a,2026-07-08,GBR,incident,6,eng,1,Physical (injury),No-action autonomy (human support),0,0,
2026-07-08-d160,2026-07-08,ISR,incident,5,eng,1,Economic/Property;Reputational,No-action autonomy (human support),0,0,
2026-07-08-18a2,2026-07-08,,hazard,15,eng,1,Human or fundamental rights,High-action autonomy (human-out-of-the-loop),0,0,
2026-07-08-5353,2026-07-08,USA,incident,10,fas,1,Psychological,High-action autonomy (human-out-of-the-loop),0,0,
2026-07-08-c0a4,2026-07-08,IRN,incident,6,eng,1,Human or fundamental rights;Public interest;Psychological,High-action autonomy (human-out-of-the-loop),0,0,
2026-07-08-3b4d,2026-07-08,USA,hazard,6,eng,1,Public interest;Human or fundamental rights,,0,0,
2026-07-08-2e9a,2026-07-08,USA,hazard,4,eng,1,Physical (injury);Psychological,,0,0,
2026-07-08-b1df,2026-07-08,USA,incident,5,eng,1,Physical (injury);Psychological;Human or fundamental rights,High-action autonomy (human-out-of-the-loop),0,0,
2026-07-09-1246,2026-07-09,USA,hazard,9,eng,1,Human or fundamental rights;Economic/Property;Reputational,High-action autonomy (human-out-of-the-loop),0,0,
2026-07-09-2503,2026-07-09,COL,incident,37,spa,1,Reputational,Low-action autonomy (human-in-the-loop),0,0,
2026-07-09-06ea,2026-07-09,ITA,incident,21,eng;ita,2,Human or fundamental rights,,0,0,
2026-07-09-6f35,2026-07-09,,incident,6,eng,1,Economic/Property,High-action autonomy (human-out-of-the-loop),0,0,
2026-07-09-1f2b,2026-07-09,USA,incident,11,eng,1,Human or fundamental rights,,0,0,
2026-07-09-4a50,2026-07-09,ESP,incident,6,eng,1,Physical (injury),Low-action autonomy (human-in-the-loop),0,0,
2026-07-09-2a7c,2026-07-09,USA,incident,12,eng,1,Economic/Property,No-action autonomy (human support),0,0,
2026-07-09-e7d8,2026-07-09,,incident,3,ell,1,Economic/Property;Human or fundamental rights,,0,0,
2026-07-09-b5c6,2026-07-09,POL,incident,13,pol,1,Physical (injury),No-action autonomy (human support),0,0,
2026-07-09-17fb,2026-07-09,USA,hazard,7,eng,1,Human or fundamental rights;Psychological,High-action autonomy (human-out-of-the-loop),0,0,
2026-07-09-d94f,2026-07-09,ISR,incident,6,tur,1,Physical (death);Physical (injury);Human or fundamental rights,,0,0,
2026-07-09-aa3b,2026-07-09,USA,incident,7,eng,1,Reputational,No-action autonomy (human support),0,0,
2026-07-09-efb3,2026-07-09,NLD,incident,5,nld,1,Economic/Property;Human or fundamental rights,High-action autonomy (human-out-of-the-loop),0,0,
2026-07-09-647a,2026-07-09,USA,hazard,5,eng,1,Public interest,,0,0,
2026-07-09-e84a,2026-07-09,AUS,incident,3,zho,1,Economic/Property;Psychological,High-action autonomy (human-out-of-the-loop),0,0,
2026-07-09-407b,2026-07-09,USA,hazard,7,eng,1,Physical (injury),High-action autonomy (human-out-of-the-loop),0,0,
2026-07-09-e13a,2026-07-09,USA,incident,10,eng,1,Economic/Property,,0,1,
2026-07-09-4a96,2026-07-09,ESP,hazard,7,spa,1,Economic/Property;Public interest;Physical (injury),High-action autonomy (human-out-of-the-loop),0,0,
2026-07-09-7fdd,2026-07-09,JPN,hazard,28,jpn,1,Human or fundamental rights,,0,0,
2026-07-10-960c,2026-07-10,CHN,incident,14,zho,1,Economic/Property,,0,0,
2026-07-10-ca85,2026-07-10,USA,hazard,59,eng;ita;kor;zho,4,Public interest;Human or fundamental rights,,0,0,
2026-07-10-1832,2026-07-10,CHN,incident,14,zho,1,Reputational,,0,0,
2026-07-10-f383,2026-07-10,TUR,incident,11,tur,1,Public interest,Low-action autonomy (human-in-the-loop),0,0,
2026-07-10-4bc2,2026-07-10,USA,hazard,26,eng,1,Public interest,High-action autonomy (human-out-of-the-loop),0,0,
2026-07-10-e9f1,2026-07-10,DEU,hazard,7,ukr,1,Physical (death);Physical (injury),High-action autonomy (human-out-of-the-loop),0,0,
2026-07-10-5f2d,2026-07-10,,incident,47,bul;ell;ind;srp;swe;vie,6,Psychological,High-action autonomy (human-out-of-the-loop),0,0,
2026-07-10-3d62,2026-07-10,POL,incident,13,pol;ron,2,Physical (injury),No-action autonomy (human support),0,0,
2026-07-10-5837,2026-07-10,UKR,hazard,6,ukr,1,Physical (death);Physical (injury),High-action autonomy (human-out-of-the-loop),0,0,
2026-07-10-3048,2026-07-10,BRA,incident,6,por,1,Psychological;Reputational;Human or fundamental rights,Low-action autonomy (human-in-the-loop),0,0,
2026-07-10-fd56,2026-07-10,NGA,incident,7,eng,1,Economic/Property;Human or fundamental rights,Low-action autonomy (human-in-the-loop),0,0,
2026-07-10-acb9,2026-07-10,ESP,incident,4,spa,1,Economic/Property,High-action autonomy (human-out-of-the-loop),0,0,
2026-07-10-d81b,2026-07-10,GRC,incident,5,ell,1,,No-action autonomy (human support),0,0,
2026-07-10-0824,2026-07-10,,incident,18,eng;ita;spa;tur,4,Psychological;Economic/Property;Human or fundamental rights,High-action autonomy (human-out-of-the-loop),0,0,
2026-07-10-8c19,2026-07-10,USA,incident,13,eng,1,Psychological,High-action autonomy (human-out-of-the-loop),0,0,
2026-07-10-a535,2026-07-10,IND,incident,6,eng,1,Reputational;Public interest,High-action autonomy (human-out-of-the-loop),0,0,
2026-07-10-51cc,2026-07-10,ITA,hazard,7,ita,1,Economic/Property,High-action autonomy (human-out-of-the-loop),0,0,
2026-07-10-40ea,2026-07-10,USA,incident,7,eng,1,Public interest,No-action autonomy (human support),0,0,
2026-07-11-995f,2026-07-11,USA,incident,26,eng;fra,2,Human or fundamental rights;Economic/Property,,0,0,1655
2026-07-11-1bbb,2026-07-11,NGA,incident,48,eng;mkd,2,Physical (death);Physical (injury),No-action autonomy (human support),0,0,1624
2026-07-11-6561,2026-07-11,TTO,hazard,18,eng;jpn,2,Environmental,,0,0,
2026-07-11-b316,2026-07-11,USA,incident,19,eng;kor,2,Psychological,High-action autonomy (human-out-of-the-loop),0,0,
2026-07-11-063f,2026-07-11,IRN,incident,81,eng;fra;hrv;por;tur;zho,6,Economic/Property,Medium-action autonomy (human-on-the-loop),0,0,
2026-07-11-f818,2026-07-11,,hazard,3,spa,1,Economic/Property;Human or fundamental rights,High-action autonomy (human-out-of-the-loop),0,1,
2026-07-11-777c,2026-07-11,IND,incident,3,eng,1,Human or fundamental rights;Public interest,High-action autonomy (human-out-of-the-loop),0,0,
2026-07-12-0ef9,2026-07-12,USA,incident,50,ara;eng;fas;spa;zho,5,Economic/Property,High-action autonomy (human-out-of-the-loop),0,0,1671;1672
2026-07-12-d764,2026-07-12,IND,incident,5,hin,1,Reputational;Psychological,Low-action autonomy (human-in-the-loop),0,0,
2026-07-12-b017,2026-07-12,COL,incident,11,spa,1,Economic/Property;Psychological;Public interest,,0,0,
2026-07-12-cce0,2026-07-12,USA,incident,61,deu;ell;eng;hun;ita;spa;srp;tur;zho,9,Human or fundamental rights,Low-action autonomy (human-in-the-loop),0,0,
2026-07-12-acad,2026-07-12,ITA,hazard,11,hrv;srp,2,,High-action autonomy (human-out-of-the-loop),0,0,
2026-07-12-9fe7,2026-07-12,,incident,11,eng,1,Economic/Property;Human or fundamental rights,Low-action autonomy (human-in-the-loop),0,0,
2026-07-12-39be,2026-07-12,GBR,hazard,4,eng,1,Economic/Property;Human or fundamental rights;Public interest,,0,0,
2026-07-12-604b,2026-07-12,UKR,incident,33,ukr;zho,2,Physical (death);Physical (injury),High-action autonomy (human-out-of-the-loop),0,0,
2026-07-13-339c,2026-07-13,USA,hazard,185,eng;ind;jpn;por;ron;spa;tur;zho,8,Economic/Property,,0,0,
2026-07-13-b0aa,2026-07-13,USA,incident,7,eng,1,Economic/Property;Physical (injury),,0,0,
2026-07-13-ba59,2026-07-13,BRA,incident,17,por,1,Economic/Property;Reputational;Human or fundamental rights,No-action autonomy (human support),0,0,
2026-07-13-bcb5,2026-07-13,FRA,hazard,17,eng;fra,2,,Medium-action autonomy (human-on-the-loop),0,0,
2026-07-13-73a5,2026-07-13,DEU,hazard,26,deu;eng;fra,3,Physical (death);Human or fundamental rights,High-action autonomy (human-out-of-the-loop),0,0,
2026-07-13-1bf4,2026-07-13,IND,hazard,11,eng,1,Economic/Property;Reputational,,0,0,
2026-07-13-3f48,2026-07-13,CHN,incident,19,eng;tur;zho,3,Psychological;Public interest,Low-action autonomy (human-in-the-loop),0,0,
2026-07-13-0a77,2026-07-13,EGY,incident,5,ara,1,Human or fundamental rights;Economic/Property,No-action autonomy (human support),0,0,
2026-07-13-42be,2026-07-13,,incident,5,ron,1,Psychological;Physical (injury);Human or fundamental rights,High-action autonomy (human-out-of-the-loop),0,0,
2026-07-13-c73a,2026-07-13,UKR,incident,7,eng,1,Physical (injury),,0,0,
2026-07-13-a795,2026-07-13,CHN,incident,7,zho,1,Economic/Property;Human or fundamental rights,High-action autonomy (human-out-of-the-loop),0,0,
2026-07-13-0ae8,2026-07-13,IRL,incident,22,eng,1,Economic/Property,,0,0,
2026-07-13-b24c,2026-07-13,USA,incident,108,ara;eng;fra;ron;spa;swe;vie,7,Economic/Property,,0,0,
2026-07-13-acb3,2026-07-13,USA,incident,53,eng;fra;zho,3,Human or fundamental rights;Economic/Property;Reputational,High-action autonomy (human-out-of-the-loop),0,0,
2026-07-13-e94d,2026-07-13,CAN,hazard,25,eng,1,Economic/Property,No-action autonomy (human support),0,0,
2026-07-13-7f43,2026-07-13,GBR,incident,8,eng,1,Psychological,High-action autonomy (human-out-of-the-loop),0,0,
2026-07-13-93df,2026-07-13,,incident,16,por;tur,2,Physical (death);Economic/Property,No-action autonomy (human support),0,0,
2026-07-13-be7f,2026-07-13,USA,incident,27,ara;eng;srp,3,Economic/Property;Human or fundamental rights,High-action autonomy (human-out-of-the-loop),0,0,1593
2026-07-13-e269,2026-07-13,IRN,incident,5,por,1,Public interest;Psychological,,0,0,
2026-07-13-fdd9,2026-07-13,RUS,incident,3,spa,1,Human or fundamental rights,,0,0,
2026-07-13-dbe9,2026-07-13,USA,incident,11,eng,1,Human or fundamental rights;Reputational,Medium-action autonomy (human-on-the-loop),0,0,
2026-07-13-b27d,2026-07-13,USA,hazard,7,eng,1,Physical (death);Public interest,High-action autonomy (human-out-of-the-loop),0,0,
2026-07-13-6d8f,2026-07-13,,hazard,21,bul;eng;sqi,3,Physical (injury),,0,0,
2026-07-13-7bf5,2026-07-13,USA,incident,5,eng,1,Economic/Property,,0,0,
2026-07-13-e147,2026-07-13,USA,incident,4,eng,1,Human or fundamental rights,Medium-action autonomy (human-on-the-loop),0,0,
2026-07-13-e228,2026-07-13,USA,hazard,8,eng;fra,2,,,0,0,
2026-07-13-9653,2026-07-13,,incident,3,eng,1,Economic/Property;Psychological,,0,0,
2026-07-13-6232,2026-07-13,GBR,hazard,4,eng,1,Economic/Property;Public interest,,0,0,
2026-07-13-667f,2026-07-13,USA,incident,3,zho,1,,High-action autonomy (human-out-of-the-loop),0,1,
2026-07-14-09dc,2026-07-14,USA,incident,509,ara;deu;ell;eng;fas;fra;ind;ita;nld;por;ron;slk;spa;tur;ukr;vie;zho,17,Human or fundamental rights;Economic/Property,,0,0,1584
2026-07-14-55af,2026-07-14,USA,incident,13,fra;zho,2,Human or fundamental rights,Low-action autonomy (human-in-the-loop),0,0,
2026-07-14-38ea,2026-07-14,USA,hazard,6,eng,1,Psychological,High-action autonomy (human-out-of-the-loop),0,0,
2026-07-14-568d,2026-07-14,,hazard,5,eng,1,Human or fundamental rights;Public interest,No-action autonomy (human support),0,0,
2026-07-14-3ca2,2026-07-14,ESP,incident,24,spa,1,Human or fundamental rights;Psychological;Reputational,No-action autonomy (human support),0,0,
2026-07-14-d0f6,2026-07-14,CHN,incident,53,zho,1,Reputational,Low-action autonomy (human-in-the-loop),0,0,1601
2026-07-14-488f,2026-07-14,AUS,incident,13,eng,1,Psychological;Human or fundamental rights;Economic/Property,,0,0,
2026-07-14-ab14,2026-07-14,BEL,incident,10,nld,1,Physical (injury),Medium-action autonomy (human-on-the-loop),0,0,
2026-07-14-3a43,2026-07-14,KOR,incident,28,kor;zho,2,Reputational;Economic/Property,No-action autonomy (human support),0,0,
2026-07-14-14cf,2026-07-14,KOR,hazard,8,kor,1,Physical (injury);Physical (death);Human or fundamental rights,High-action autonomy (human-out-of-the-loop),0,0,
2026-07-14-c281,2026-07-14,USA,incident,9,eng,1,Public interest,High-action autonomy (human-out-of-the-loop),0,0,
2026-07-14-ec17,2026-07-14,BRA,incident,9,por,1,Human or fundamental rights,High-action autonomy (human-out-of-the-loop),0,0,
2026-07-14-ee46,2026-07-14,DEU,incident,14,deu;eng,2,Reputational;Public interest,High-action autonomy (human-out-of-the-loop),0,0,
2026-07-14-67aa,2026-07-14,CHN,incident,26,zho,1,Reputational,,0,0,
2026-07-14-a0d6,2026-07-14,USA,incident,9,eng,1,Psychological;Human or fundamental rights;Reputational,High-action autonomy (human-out-of-the-loop),0,0,
2026-07-14-4beb,2026-07-14,MEX,incident,9,eng,1,Economic/Property;Human or fundamental rights,High-action autonomy (human-out-of-the-loop),0,0,
2026-07-14-5b31,2026-07-14,GBR,hazard,6,eng,1,Human or fundamental rights;Psychological,,0,0,
2026-07-14-ca0c,2026-07-14,USA,incident,8,eng,1,Human or fundamental rights,,0,0,
2026-07-14-d911,2026-07-14,USA,incident,7,eng,1,Economic/Property;Human or fundamental rights,Low-action autonomy (human-in-the-loop),0,0,
2026-07-14-cb3c,2026-07-14,IND,incident,3,eng,1,Human or fundamental rights;Reputational,No-action autonomy (human support),0,0,
2026-07-14-3a6a,2026-07-14,,incident,14,por;vie;zho,3,Public interest;Reputational,High-action autonomy (human-out-of-the-loop),0,0,
2026-07-14-30f1,2026-07-14,PHL,incident,123,eng;ind;jpn;kor;zho,5,Human or fundamental rights;Psychological;Reputational,,0,0,
2026-07-14-657f,2026-07-14,USA,incident,9,eng,1,Physical (injury),High-action autonomy (human-out-of-the-loop),0,0,
2026-07-14-ec7d,2026-07-14,USA,hazard,7,eng,1,Physical (death);Physical (injury);Public interest,,0,0,
2026-07-14-669c,2026-07-14,FIN,hazard,5,eng,1,Physical (death);Human or fundamental rights,High-action autonomy (human-out-of-the-loop),0,0,
2026-07-14-9a80,2026-07-14,BHR,incident,7,ara;eng,2,,,0,0,
2026-07-14-e3d1,2026-07-14,CAN,hazard,28,eng,1,Environmental;Public interest,,0,0,
2026-07-14-896f,2026-07-14,BGR,incident,9,bul,1,Reputational;Economic/Property,,0,0,
2026-07-14-64ca,2026-07-14,MAR,hazard,7,fra;spa,2,Physical (death);Physical (injury);Human or fundamental rights,High-action autonomy (human-out-of-the-loop),0,0,
2026-07-14-ad6c,2026-07-14,DEU,incident,4,spa,1,Reputational;Psychological;Public interest,High-action autonomy (human-out-of-the-loop),0,0,
2026-07-14-f1f1,2026-07-14,USA,incident,4,eng,1,Reputational;Public interest,,0,0,
2026-07-14-655f,2026-07-14,DEU,hazard,4,eng,1,Physical (death);Physical (injury),High-action autonomy (human-out-of-the-loop),0,0,
2026-07-14-5f9d,2026-07-14,UKR,incident,3,zho,1,Economic/Property;Psychological;Public interest,,0,0,
2026-07-15-ad7a,2026-07-15,TWN,hazard,56,zho,1,Human or fundamental rights;Public interest,,0,0,
2026-07-15-b388,2026-07-15,POL,incident,6,spa,1,Psychological,Low-action autonomy (human-in-the-loop),0,0,
2026-07-15-91fd,2026-07-15,USA,incident,62,eng;ita;por,3,Human or fundamental rights;Psychological,High-action autonomy (human-out-of-the-loop),0,0,
2026-07-15-2925,2026-07-15,DEU,incident,14,deu,1,Economic/Property;Psychological,Low-action autonomy (human-in-the-loop),0,0,
2026-07-15-5089,2026-07-15,GRC,incident,11,ell,1,Reputational,No-action autonomy (human support),0,0,
2026-07-15-4e6f,2026-07-15,ESP,incident,11,spa,1,Economic/Property;Reputational;Public interest,No-action autonomy (human support),0,0,
2026-07-15-fc03,2026-07-15,KOR,incident,8,kor,1,Psychological;Public interest,,0,0,
2026-07-15-288f,2026-07-15,BRA,incident,7,por,1,Psychological;Human or fundamental rights,No-action autonomy (human support),0,0,
2026-07-15-85ea,2026-07-15,USA,hazard,16,eng,1,,Medium-action autonomy (human-on-the-loop),0,0,
2026-07-15-bbe3,2026-07-15,ROU,hazard,8,ron,1,Reputational;Public interest,No-action autonomy (human support),0,0,
2026-07-15-c6e9,2026-07-15,IRN,hazard,5,fas,1,Reputational;Public interest,,0,0,
2026-07-15-a954,2026-07-15,USA,incident,5,eng,1,Physical (death);Physical (injury),Medium-action autonomy (human-on-the-loop),0,0,
2026-07-15-aad8,2026-07-15,UKR,incident,41,eng;hrv;ron;ukr,4,Physical (death),High-action autonomy (human-out-of-the-loop),0,0,
2026-07-15-1dd5,2026-07-15,HRV,incident,8,hrv,1,Economic/Property;Psychological,High-action autonomy (human-out-of-the-loop),0,0,
2026-07-15-c4c9,2026-07-15,USA,hazard,25,eng;spa;zho,3,Economic/Property;Public interest;Human or fundamental rights,No-action autonomy (human support),0,0,
2026-07-15-c037,2026-07-15,USA,hazard,9,eng,1,Physical (death);Human or fundamental rights,,0,0,
2026-07-15-98ee,2026-07-15,USA,incident,5,eng,1,Economic/Property;Public interest,No-action autonomy (human support),0,0,
2026-07-15-e608,2026-07-15,PRT,incident,6,por,1,Physical (injury),Low-action autonomy (human-in-the-loop),0,0,
2026-07-15-dd2e,2026-07-15,SWE,incident,11,eng,1,Economic/Property;Reputational,,0,0,
2026-07-15-0d40,2026-07-15,USA,incident,89,eng;fas;jpn;spa,4,Psychological,High-action autonomy (human-out-of-the-loop),0,0,
2026-07-16-7bdf,2026-07-16,NZL,incident,34,deu;eng;por,3,Reputational,High-action autonomy (human-out-of-the-loop),0,0,
2026-07-16-27b9,2026-07-16,USA,incident,40,eng;spa,2,Human or fundamental rights,Medium-action autonomy (human-on-the-loop),0,0,
2026-07-16-c35b,2026-07-16,GBR,hazard,66,eng;tur,2,Psychological;Human or fundamental rights,High-action autonomy (human-out-of-the-loop),0,0,
2026-07-16-6251,2026-07-16,ESP,incident,15,spa,1,Human or fundamental rights;Psychological,,0,0,1614
2026-07-16-0e77,2026-07-16,GBR,hazard,19,ell;spa,2,Psychological,High-action autonomy (human-out-of-the-loop),0,0,
2026-07-16-e24c,2026-07-16,IDN,incident,9,ind,1,Psychological;Reputational;Human or fundamental rights,,0,0,
2026-07-16-25c6,2026-07-16,USA,hazard,16,eng;por,2,Environmental;Public interest,,0,0,
2026-07-16-bd3d,2026-07-16,USA,incident,10,eng,1,Reputational;Public interest,Low-action autonomy (human-in-the-loop),0,0,
2026-07-16-1fe6,2026-07-16,USA,hazard,5,spa,1,Economic/Property;Public interest,,0,0,
2026-07-16-9c71,2026-07-16,CHN,incident,19,zho,1,Public interest;Reputational,No-action autonomy (human support),0,0,
2026-07-16-9f53,2026-07-16,TWN,hazard,6,zho,1,Public interest,,0,0,
2026-07-16-6331,2026-07-16,USA,hazard,5,eng,1,,,0,0,
2026-07-16-d51e,2026-07-16,USA,hazard,14,eng;fra,2,,High-action autonomy (human-out-of-the-loop),0,1,
2026-07-16-7e1d,2026-07-16,USA,incident,5,eng,1,Economic/Property;Psychological,Low-action autonomy (human-in-the-loop),0,0,
2026-07-16-64da,2026-07-16,USA,incident,7,eng,1,Human or fundamental rights;Psychological,Medium-action autonomy (human-on-the-loop),0,0,
2026-07-16-3710,2026-07-16,USA,incident,3,eng,1,Economic/Property;Reputational,,0,0,
2026-07-16-057e,2026-07-16,UKR,hazard,10,eng;fas,2,Physical (death);Human or fundamental rights;Public interest,High-action autonomy (human-out-of-the-loop),0,0,
2026-07-16-1cf7,2026-07-16,BRA,incident,5,por,1,Public interest;Reputational,No-action autonomy (human support),0,0,
2026-07-16-f618,2026-07-16,USA,hazard,6,eng,1,Human or fundamental rights,High-action autonomy (human-out-of-the-loop),0,0,
2026-07-16-3ba4,2026-07-16,USA,hazard,17,eng,1,Physical (injury);Psychological,,0,0,
2026-07-17-9a57,2026-07-17,USA,incident,20,eng;zho,2,Economic/Property,,0,0,1656
2026-07-17-94fe,2026-07-17,USA,incident,31,eng,1,Public interest,High-action autonomy (human-out-of-the-loop),0,0,1602
2026-07-17-d762,2026-07-17,USA,incident,46,eng;por;spa,3,Human or fundamental rights;Psychological;Reputational,High-action autonomy (human-out-of-the-loop),0,0,
2026-07-17-a68a,2026-07-17,ROU,incident,7,eng,1,Human or fundamental rights;Psychological,Medium-action autonomy (human-on-the-loop),0,0,
2026-07-17-745a,2026-07-17,JPN,hazard,9,eng,1,Environmental,,0,0,
2026-07-17-a598,2026-07-17,USA,incident,16,eng;spa,2,Physical (injury);Economic/Property,High-action autonomy (human-out-of-the-loop),0,0,1583
2026-07-17-d771,2026-07-17,USA,incident,23,eng,1,Physical (death);Psychological,No-action autonomy (human support),0,0,
2026-07-17-8fc3,2026-07-17,ROU,incident,8,ron,1,Psychological;Human or fundamental rights,High-action autonomy (human-out-of-the-loop),0,0,
2026-07-17-c8f9,2026-07-17,FRA,hazard,7,fra,1,Economic/Property,High-action autonomy (human-out-of-the-loop),0,1,
2026-07-18-2fa7,2026-07-18,TWN,incident,12,zho,1,Human or fundamental rights;Reputational;Economic/Property,,0,0,
2026-07-18-284a,2026-07-18,IND,incident,85,eng;hin,2,Public interest,Low-action autonomy (human-in-the-loop),0,0,
2026-07-18-28e5,2026-07-18,USA,hazard,4,eng,1,Economic/Property,,0,0,
2026-07-18-5d26,2026-07-18,THA,incident,5,eng,1,Economic/Property;Public interest;Reputational,No-action autonomy (human support),0,0,
2026-07-18-b6a7,2026-07-18,UKR,incident,6,jpn,1,Economic/Property,High-action autonomy (human-out-of-the-loop),0,0,
2026-07-18-6cda,2026-07-18,UKR,incident,23,eng;spa;ukr,3,Physical (death);Physical (injury),High-action autonomy (human-out-of-the-loop),0,0,
2026-07-19-43d3,2026-07-19,,incident,62,eng;fra;por;spa;zho,5,Economic/Property;Reputational,,0,0,
2026-07-19-6f12,2026-07-19,USA,incident,37,ara;eng;fas;tur,4,Public interest,Low-action autonomy (human-in-the-loop),0,0,
2026-07-19-ef41,2026-07-19,IDN,incident,16,ind,1,Human or fundamental rights;Public interest,,0,0,
2026-07-19-c45c,2026-07-19,KOR,hazard,7,eng,1,Economic/Property;Public interest,,0,0,
2026-07-19-bdbb,2026-07-19,CHN,incident,8,zho,1,Economic/Property;Psychological,No-action autonomy (human support),0,0,
2026-07-19-2455,2026-07-19,FRA,incident,5,eng,1,Psychological,No-action autonomy (human support),0,0,
2026-07-19-2add,2026-07-19,USA,incident,4,eng,1,Economic/Property,Low-action autonomy (human-in-the-loop),0,0,
2026-07-19-d0f7,2026-07-19,USA,incident,4,vie,1,Psychological;Human or fundamental rights,High-action autonomy (human-out-of-the-loop),0,0,
2026-07-19-e5ac,2026-07-19,IND,incident,25,eng;hin,2,Physical (death),No-action autonomy (human support),0,0,
2026-07-19-2cd2,2026-07-19,USA,incident,8,eng,1,Human or fundamental rights,High-action autonomy (human-out-of-the-loop),0,0,
2026-07-19-76cb,2026-07-19,SGP,incident,6,zho,1,Reputational,High-action autonomy (human-out-of-the-loop),0,0,
2026-07-19-bd1e,2026-07-19,ISR,incident,10,eng;heb,2,Psychological;Reputational;Public interest,Low-action autonomy (human-in-the-loop),0,0,
2026-07-19-9ce7,2026-07-19,JOR,incident,4,eng,1,Reputational;Public interest,Low-action autonomy (human-in-the-loop),0,0,
2026-07-19-530f,2026-07-19,USA,incident,8,fas;spa,2,Economic/Property,High-action autonomy (human-out-of-the-loop),0,0,
2026-07-20-6f84,2026-07-20,USA,incident,265,deu;ell;eng;fas;ind;slv;zho,7,Economic/Property;Reputational,High-action autonomy (human-out-of-the-loop),0,1,1604
2026-07-20-58c0,2026-07-20,ITA,incident,61,deu;ell;ita,3,Psychological;Public interest;Human or fundamental rights,High-action autonomy (human-out-of-the-loop),0,0,
2026-07-20-aab7,2026-07-20,BRA,incident,24,por,1,Physical (injury);Economic/Property,,0,0,
2026-07-20-e5a3,2026-07-20,KOR,hazard,14,kor,1,,,0,0,
2026-07-20-73a1,2026-07-20,USA,incident,15,eng,1,Economic/Property,,0,0,
2026-07-20-8c78,2026-07-20,FRA,incident,21,fra,1,Human or fundamental rights;Psychological,,0,0,
2026-07-20-adcb,2026-07-20,GBR,incident,11,eng,1,Reputational;Public interest,No-action autonomy (human support),0,0,
2026-07-20-7e62,2026-07-20,CHN,incident,4,zho,1,Human or fundamental rights;Economic/Property,High-action autonomy (human-out-of-the-loop),0,0,
2026-07-20-529b,2026-07-20,USA,incident,323,ara;bul;ell;eng;fra;hun;ita;jpn;kor;nld;por;ron;spa;tur;zho,15,Economic/Property,,0,0,
2026-07-20-07fa,2026-07-20,USA,hazard,55,eng,1,Physical (death);Human or fundamental rights;Public interest,High-action autonomy (human-out-of-the-loop),0,0,
2026-07-20-13b7,2026-07-20,DEU,incident,16,deu;eng;tur,3,Human or fundamental rights;Psychological;Public interest,Low-action autonomy (human-in-the-loop),0,0,
2026-07-20-40f0,2026-07-20,,incident,10,eng,1,Economic/Property,High-action autonomy (human-out-of-the-loop),0,1,
2026-07-20-708c,2026-07-20,GRC,incident,8,ell,1,Reputational,,0,0,
2026-07-20-af31,2026-07-20,ISR,hazard,5,heb,1,,High-action autonomy (human-out-of-the-loop),0,0,
2026-07-20-1907,2026-07-20,IRN,incident,5,fas,1,Reputational;Public interest,,0,0,
2026-07-20-cd2d,2026-07-20,USA,hazard,5,eng,1,Physical (injury);Physical (death),High-action autonomy (human-out-of-the-loop),0,0,
2026-07-20-bfb2,2026-07-20,USA,incident,48,eng;zho,2,,High-action autonomy (human-out-of-the-loop),0,0,
2026-07-20-8a17,2026-07-20,USA,incident,249,ara;bul;eng;hrv;ind;ita;jpn;pol;por;ron;spa;tur;vie;zho,14,Physical (injury),No-action autonomy (human support),0,0,1609
2026-07-20-2256,2026-07-20,USA,hazard,29,eng;zho,2,Physical (death);Human or fundamental rights;Public interest,High-action autonomy (human-out-of-the-loop),0,0,
2026-07-20-0347,2026-07-20,USA,incident,17,eng,1,Physical (injury);Economic/Property,Medium-action autonomy (human-on-the-loop),0,0,
2026-07-20-0d77,2026-07-20,AUT,incident,12,deu,1,Reputational,High-action autonomy (human-out-of-the-loop),0,0,
2026-07-20-2585,2026-07-20,USA,incident,8,eng,1,Human or fundamental rights;Economic/Property,Low-action autonomy (human-in-the-loop),0,0,
2026-07-20-4a12,2026-07-20,USA,incident,8,zho,1,Economic/Property;Public interest;Human or fundamental rights,High-action autonomy (human-out-of-the-loop),0,0,
2026-07-20-7ebe,2026-07-20,HRV,incident,7,hrv,1,Psychological,No-action autonomy (human support),0,0,
2026-07-20-7ddf,2026-07-20,USA,incident,6,ara,1,Physical (death);Physical (injury),No-action autonomy (human support),0,0,1535;1569;1609
2026-07-20-02b5,2026-07-20,CHN,incident,3,zho,1,Psychological;Reputational;Human or fundamental rights,Low-action autonomy (human-in-the-loop),0,0,
2026-07-20-a7c6,2026-07-20,USA,hazard,9,spa,1,Economic/Property;Reputational,High-action autonomy (human-out-of-the-loop),0,0,
2026-07-20-6aa1,2026-07-20,ESP,incident,3,cat,1,Physical (injury),No-action autonomy (human support),0,0,
2026-07-20-9707,2026-07-20,USA,incident,4,eng,1,Psychological;Human or fundamental rights,High-action autonomy (human-out-of-the-loop),0,0,
2026-07-20-ee2a,2026-07-20,IND,incident,8,eng,1,Physical (injury);Economic/Property,No-action autonomy (human support),0,0,
2026-07-20-4209,2026-07-20,USA,incident,4,eng;spa,2,Economic/Property,High-action autonomy (human-out-of-the-loop),0,0,
2026-07-20-4e78,2026-07-20,USA,incident,7,zho,1,Economic/Property;Psychological;Human or fundamental rights,,0,0,1584
2026-07-21-17f4,2026-07-21,AUS,hazard,4,zho,1,Economic/Property;Reputational,Low-action autonomy (human-in-the-loop),0,0,
2026-07-21-17b5,2026-07-21,USA,hazard,12,eng,1,Human or fundamental rights,,0,0,
2026-07-21-bea0,2026-07-21,CHN,incident,10,zho,1,Human or fundamental rights,Medium-action autonomy (human-on-the-loop),0,0,
2026-07-21-7b4e,2026-07-21,POL,incident,5,pol,1,Reputational;Public interest,,0,0,
2026-07-21-791b,2026-07-21,USA,incident,1944,ara;bul;ces;deu;ell;eng;fra;heb;hrv;hun;ind;ita;jpn;kor;nld;pol;por;ron;slk;spa;sqi;srp;swe;tur;ukr;vie;zho,27,Economic/Property;Reputational,High-action autonomy (human-out-of-the-loop),0,0,1604
2026-07-21-3db0,2026-07-21,CHN,hazard,66,ara;eng;fas;ita;kor;por;spa,7,,,0,0,
2026-07-21-574f,2026-07-21,USA,incident,18,eng,1,Economic/Property,,0,0,
2026-07-21-df57,2026-07-21,USA,incident,16,eng,1,Economic/Property,,0,0,
2026-07-21-348b,2026-07-21,,incident,19,eng;vie,2,Economic/Property;Human or fundamental rights;Psychological,High-action autonomy (human-out-of-the-loop),0,1,
2026-07-21-17d2,2026-07-21,BRA,incident,40,por,1,Human or fundamental rights,Low-action autonomy (human-in-the-loop),0,0,
2026-07-21-5c34,2026-07-21,USA,hazard,9,por,1,Economic/Property,High-action autonomy (human-out-of-the-loop),0,0,
2026-07-21-f7ab,2026-07-21,USA,hazard,27,eng;ita;tur,3,Environmental;Public interest,,0,0,
2026-07-21-ef53,2026-07-21,GBR,hazard,18,ell;eng,2,Environmental;Public interest,,0,0,
2026-07-21-4a4f,2026-07-21,COL,hazard,6,spa,1,Public interest;Human or fundamental rights,,0,0,
2026-07-21-3fbc,2026-07-21,MYS,incident,6,eng,1,Economic/Property,,0,0,
2026-07-21-5961,2026-07-21,POL,incident,3,pol,1,Economic/Property,,0,0,
2026-07-21-c304,2026-07-21,USA,hazard,8,ukr,1,,High-action autonomy (human-out-of-the-loop),0,0,
2026-07-21-5bb6,2026-07-21,CHN,incident,37,zho,1,Public interest;Psychological;Reputational,No-action autonomy (human support),0,0,
2026-07-21-f86f,2026-07-21,GBR,incident,7,eng,1,Reputational;Public interest,,0,0,
2026-07-21-c731,2026-07-21,IND,incident,9,eng,1,Economic/Property,,0,0,
2026-07-21-1323,2026-07-21,USA,incident,6,eng,1,Economic/Property;Reputational;Human or fundamental rights,,0,0,
2026-07-21-0503,2026-07-21,BRA,incident,8,por,1,Physical (injury);Economic/Property;Reputational,Low-action autonomy (human-in-the-loop),0,0,
2026-07-21-cc03,2026-07-21,USA,hazard,8,eng,1,Physical (death);Physical (injury),High-action autonomy (human-out-of-the-loop),0,0,
2026-07-21-e857,2026-07-21,GBR,hazard,7,deu,1,Economic/Property;Public interest,No-action autonomy (human support),0,0,
2026-07-21-0371,2026-07-21,ESP,incident,163,ara;deu;ell;eng;fas;fra;ind;por;spa;tur;zho,11,Public interest,,0,0,
2026-07-21-5727,2026-07-21,,hazard,7,eng,1,Psychological;Human or fundamental rights,,0,0,
2026-07-21-7cf8,2026-07-21,ITA,incident,5,ita,1,Economic/Property;Human or fundamental rights,High-action autonomy (human-out-of-the-loop),0,0,
2026-07-21-3484,2026-07-21,CHN,incident,6,zho,1,Human or fundamental rights,High-action autonomy (human-out-of-the-loop),0,0,
2026-07-21-0cc2,2026-07-21,,incident,5,eng,1,Economic/Property;Human or fundamental rights,Low-action autonomy (human-in-the-loop),0,0,
2026-07-21-6463,2026-07-21,USA,incident,4,spa,1,Economic/Property;Reputational,High-action autonomy (human-out-of-the-loop),0,0,
2026-07-21-1519,2026-07-21,USA,incident,22,eng;zho,2,Human or fundamental rights;Economic/Property;Reputational,High-action autonomy (human-out-of-the-loop),0,1,1604
2026-07-21-aa04,2026-07-21,USA,incident,90,eng;por;spa;zho,4,Reputational,,0,0,339
2026-07-22-01d5,2026-07-22,FRA,incident,46,fra,1,Economic/Property,High-action autonomy (human-out-of-the-loop),0,0,
2026-07-22-e99e,2026-07-22,GBR,hazard,46,eng;spa,2,Physical (injury);Public interest;Human or fundamental rights,High-action autonomy (human-out-of-the-loop),0,0,
2026-07-22-d6cf,2026-07-22,KOR,hazard,12,kor,1,Economic/Property,,0,0,
2026-07-22-71da,2026-07-22,USA,incident,109,eng;ita;jpn;por;spa;tur;zho,7,Economic/Property,High-action autonomy (human-out-of-the-loop),0,0,
2026-07-22-0c74,2026-07-22,IDN,incident,13,ind,1,Economic/Property;Reputational;Public interest,No-action autonomy (human support),0,0,
2026-07-22-208f,2026-07-22,IND,hazard,8,eng,1,Physical (death);Public interest,High-action autonomy (human-out-of-the-loop),0,0,
2026-07-22-62b8,2026-07-22,FRA,hazard,64,fra;nld;tur;zho,4,Physical (injury);Physical (death),High-action autonomy (human-out-of-the-loop),0,0,
2026-07-22-7c36,2026-07-22,USA,hazard,9,eng,1,,,0,0,
2026-07-22-2305,2026-07-22,FIN,incident,7,fin,1,Economic/Property;Psychological,No-action autonomy (human support),0,0,
2026-07-22-1913,2026-07-22,CHN,hazard,5,zho,1,Physical (death);Public interest,Low-action autonomy (human-in-the-loop),0,1,
2026-07-22-929c,2026-07-22,KOR,hazard,4,kor,1,Physical (injury);Physical (death),High-action autonomy (human-out-of-the-loop),0,0,
2026-07-22-03ea,2026-07-22,USA,hazard,4,eng,1,Human or fundamental rights;Economic/Property,,0,0,
2026-07-22-1715,2026-07-22,UKR,hazard,3,ukr,1,Physical (death);Physical (injury),Low-action autonomy (human-in-the-loop),0,0,
2026-07-22-7bc3,2026-07-22,USA,incident,3,spa,1,Economic/Property,High-action autonomy (human-out-of-the-loop),0,0,
2026-07-22-54f0,2026-07-22,USA,incident,7,eng;jpn,2,Human or fundamental rights;Psychological,Low-action autonomy (human-in-the-loop),0,0,
2026-07-22-64b5,2026-07-22,GBR,incident,5,bul,1,Economic/Property,,0,1,
2026-07-22-e13d,2026-07-22,GBR,incident,5,srp,1,Human or fundamental rights,Low-action autonomy (human-in-the-loop),0,0,
2026-07-22-8914,2026-07-22,USA,incident,4,eng,1,Public interest;Reputational,No-action autonomy (human support),0,0,
2026-07-22-813e,2026-07-22,VNM,incident,3,vie,1,Reputational,,0,0,
2026-07-22-72ee,2026-07-22,CHN,incident,27,zho,1,Economic/Property;Public interest,High-action autonomy (human-out-of-the-loop),0,0,
2026-07-22-4de2,2026-07-22,MYS,incident,5,eng,1,Reputational;Public interest,Low-action autonomy (human-in-the-loop),0,0,
2026-07-23-22fa,2026-07-23,KOR,incident,13,kor,1,Economic/Property,No-action autonomy (human support),0,0,
2026-07-23-a928,2026-07-23,AUS,incident,10,eng,1,Psychological;Reputational;Human or fundamental rights,Low-action autonomy (human-in-the-loop),0,0,1610
2026-07-23-a220,2026-07-23,IND,incident,71,eng,1,Human or fundamental rights,Low-action autonomy (human-in-the-loop),0,0,
2026-07-23-a8ec,2026-07-23,AUS,incident,7,eng,1,Human or fundamental rights;Psychological;Reputational,Low-action autonomy (human-in-the-loop),0,0,1612
2026-07-23-7bf3,2026-07-23,IND,incident,5,eng,1,Reputational;Public interest,,0,0,
2026-07-23-ba26,2026-07-23,CAN,hazard,6,eng,1,Physical (death);Human or fundamental rights;Public interest,High-action autonomy (human-out-of-the-loop),0,0,
2026-07-23-8399,2026-07-23,USA,incident,5,eng,1,Economic/Property;Reputational;Human or fundamental rights,High-action autonomy (human-out-of-the-loop),0,1,
2026-07-23-3ea5,2026-07-23,IDN,incident,5,ind,1,Economic/Property;Human or fundamental rights,High-action autonomy (human-out-of-the-loop),0,0,
2026-07-23-aa80,2026-07-23,NZL,hazard,3,eng,1,Environmental,,0,0,
2026-07-23-7025,2026-07-23,USA,incident,15,eng;fra,2,Human or fundamental rights,High-action autonomy (human-out-of-the-loop),0,1,
2026-07-23-b540,2026-07-23,USA,incident,44,eng;spa,2,Economic/Property,High-action autonomy (human-out-of-the-loop),0,0,
2026-07-24-72a4,2026-07-24,,incident,193,ara;cat;deu;ell;eng;fas;fra;ita;jpn;nld;pol;por;spa;ukr,14,Psychological;Human or fundamental rights,High-action autonomy (human-out-of-the-loop),0,0,
2026-07-24-3ad8,2026-07-24,ROU,hazard,18,ron,1,Economic/Property;Public interest,,0,0,
2026-07-24-fc64,2026-07-24,CZE,incident,9,ces,1,Psychological;Reputational;Human or fundamental rights,Low-action autonomy (human-in-the-loop),0,0,
2026-07-24-ceb5,2026-07-24,USA,incident,10,eng,1,Reputational,High-action autonomy (human-out-of-the-loop),0,0,1248
2026-07-24-61ff,2026-07-24,BRA,incident,5,por,1,Economic/Property,No-action autonomy (human support),0,0,
2026-07-24-3d03,2026-07-24,USA,incident,8,eng,1,Economic/Property,No-action autonomy (human support),0,0,
2026-07-24-8fec,2026-07-24,BRA,incident,5,por,1,Psychological;Reputational;Human or fundamental rights,,0,0,
2026-07-24-efa7,2026-07-24,USA,hazard,7,eng,1,Environmental;Public interest,,0,0,
2026-07-24-ba43,2026-07-24,USA,incident,3,eng,1,Physical (injury);Economic/Property,Low-action autonomy (human-in-the-loop),0,0,
2026-07-24-5fdf,2026-07-24,IND,incident,5,eng,1,Economic/Property,High-action autonomy (human-out-of-the-loop),0,1,
2026-07-24-7026,2026-07-24,THA,incident,12,eng;zho,2,Human or fundamental rights;Public interest,High-action autonomy (human-out-of-the-loop),0,1,1669
2026-07-25-2a13,2026-07-25,USA,incident,824,ara;deu;eng;fra;hin;hrv;ind;por;ron;slv;spa;tur;ukr;vie;zho,15,Economic/Property;Reputational,High-action autonomy (human-out-of-the-loop),0,1,
2026-07-25-3111,2026-07-25,IND,incident,45,eng,1,Reputational;Public interest,No-action autonomy (human support),0,0,
2026-07-25-5c09,2026-07-25,BRA,incident,526,deu;eng;fra;por;spa,5,Reputational;Public interest,,0,0,
2026-07-25-a1fd,2026-07-25,GRC,incident,26,ell,1,Reputational,Low-action autonomy (human-in-the-loop),0,0,
2026-07-25-57e7,2026-07-25,USA,hazard,82,ell;eng,2,Human or fundamental rights;Psychological,,0,0,
2026-07-25-f458,2026-07-25,BGR,incident,10,bul,1,Reputational,High-action autonomy (human-out-of-the-loop),0,0,
2026-07-25-2815,2026-07-25,USA,incident,4,ara,1,Economic/Property,No-action autonomy (human support),0,0,
2026-07-25-365a,2026-07-25,JPN,incident,43,zho,1,Public interest,,0,0,
2026-07-25-d9b9,2026-07-25,USA,hazard,31,eng;kor;spa,3,Human or fundamental rights;Psychological,,0,0,
2026-07-25-89d4,2026-07-25,TWN,hazard,14,zho,1,Public interest,High-action autonomy (human-out-of-the-loop),0,0,
2026-07-25-6841,2026-07-25,TWN,incident,13,zho,1,Economic/Property;Reputational;Human or fundamental rights,High-action autonomy (human-out-of-the-loop),0,0,
2026-07-25-233e,2026-07-25,CHN,incident,21,zho,1,Reputational;Human or fundamental rights,,0,0,
2026-07-25-6201,2026-07-25,USA,incident,5,ita,1,Economic/Property,High-action autonomy (human-out-of-the-loop),0,0,
2026-07-25-6fbe,2026-07-25,HKG,incident,5,srp,1,Economic/Property,,0,0,
2026-07-25-c48c,2026-07-25,KOR,incident,5,ind,1,Human or fundamental rights,High-action autonomy (human-out-of-the-loop),0,0,
2026-07-25-8231,2026-07-25,IDN,hazard,4,ind,1,Public interest,,0,0,
2026-07-25-ca6f,2026-07-25,GBR,incident,44,eng;ukr,2,Psychological;Reputational;Human or fundamental rights,No-action autonomy (human support),0,0,1329
2026-07-26-a122,2026-07-26,AUT,incident,8,deu,1,Human or fundamental rights,Low-action autonomy (human-in-the-loop),0,0,
2026-07-26-4293,2026-07-26,USA,incident,42,ell;eng;kor;ron,4,Physical (death);Physical (injury);Public interest,High-action autonomy (human-out-of-the-loop),0,0,
2026-07-26-8d80,2026-07-26,USA,incident,302,ara;deu;ell;eng;fas;fra;hin;ita;jpn;por;ron;spa;tur;ukr;vie;zho,16,Human or fundamental rights,,0,0,1621
2026-07-26-4ec8,2026-07-26,JPN,incident,4,zho,1,Economic/Property,No-action autonomy (human support),0,0,
2026-07-26-fba4,2026-07-26,USA,incident,37,eng,1,Physical (injury),High-action autonomy (human-out-of-the-loop),0,0,
2026-07-26-4147,2026-07-26,USA,incident,319,deu;eng;fra;hrv;ita;jpn;por;slv;spa;tur;ukr,11,Economic/Property;Reputational,High-action autonomy (human-out-of-the-loop),0,0,
2026-07-26-3ef8,2026-07-26,USA,hazard,12,eng,1,Other,Medium-action autonomy (human-on-the-loop),0,0,
2026-07-26-c1d4,2026-07-26,USA,incident,6,eng,1,Psychological,High-action autonomy (human-out-of-the-loop),0,0,
2026-07-26-850d,2026-07-26,FRA,incident,6,fra,1,Human or fundamental rights;Public interest,Low-action autonomy (human-in-the-loop),0,0,
2026-07-27-58d1,2026-07-27,IND,incident,89,eng,1,Reputational,,0,0,
2026-07-27-29d9,2026-07-27,CHN,incident,19,eng,1,Human or fundamental rights;Psychological,Low-action autonomy (human-in-the-loop),0,0,
2026-07-27-744a,2026-07-27,CHN,hazard,10,zho,1,Physical (injury);Physical (death);Economic/Property,High-action autonomy (human-out-of-the-loop),0,0,
2026-07-27-f9d8,2026-07-27,IND,incident,11,eng,1,Public interest,,0,0,
2026-07-27-68cd,2026-07-27,USA,incident,11,eng,1,Economic/Property,High-action autonomy (human-out-of-the-loop),0,1,
2026-07-27-6348,2026-07-27,IRQ,incident,8,ara,1,Reputational;Human or fundamental rights,High-action autonomy (human-out-of-the-loop),0,0,
2026-07-27-eef2,2026-07-27,AUS,incident,8,eng,1,Reputational;Psychological;Human or fundamental rights,,0,0,
2026-07-27-78b8,2026-07-27,GBR,incident,5,por,1,Psychological,No-action autonomy (human support),0,0,
2026-07-27-6ad5,2026-07-27,GBR,incident,4,eng,1,Public interest,No-action autonomy (human support),0,0,
2026-07-27-f658,2026-07-27,GRC,hazard,17,ell,1,Physical (death);Physical (injury);Public interest,High-action autonomy (human-out-of-the-loop),0,0,
2026-07-27-073c,2026-07-27,USA,hazard,5,jpn;kor,2,Human or fundamental rights,,0,0,
2026-07-27-4474,2026-07-27,USA,hazard,986,bul;deu;ell;eng;fas;fra;hrv;hun;ind;ita;jpn;kor;mkd;nld;por;ron;spa;sqi;tur;ukr;vie;zho,22,Public interest,High-action autonomy (human-out-of-the-loop),0,0,
2026-07-27-d3c6,2026-07-27,IDN,incident,15,ind,1,Psychological;Human or fundamental rights,High-action autonomy (human-out-of-the-loop),0,0,
2026-07-27-fa09,2026-07-27,USA,hazard,5,eng,1,Physical (injury);Economic/Property,High-action autonomy (human-out-of-the-loop),0,0,
2026-07-27-dc9e,2026-07-27,USA,hazard,14,bul;por,2,Public interest;Human or fundamental rights,,0,0,
2026-07-27-d6c6,2026-07-27,UKR,incident,3,ukr,1,Economic/Property;Reputational,Low-action autonomy (human-in-the-loop),0,0,
2026-07-27-1982,2026-07-27,TWN,incident,27,zho,1,Reputational;Public interest,No-action autonomy (human support),0,0,1647
2026-07-27-f609,2026-07-27,USA,incident,5,eng,1,Economic/Property,,0,0,
2026-07-27-3002,2026-07-27,TWN,hazard,4,zho,1,Physical (injury);Public interest,High-action autonomy (human-out-of-the-loop),0,0,
2026-07-27-7626,2026-07-27,USA,incident,5,eng,1,Economic/Property,High-action autonomy (human-out-of-the-loop),0,0,
2026-07-27-e30e,2026-07-27,MEX,incident,94,eng;fra;jpn;por;spa,5,Reputational;Public interest,,0,0,
2026-07-27-7b3f,2026-07-27,FRA,incident,8,fra,1,Physical (injury),No-action autonomy (human support),0,0,
2026-07-27-aabb,2026-07-27,NGA,incident,5,eng,1,Economic/Property;Human or fundamental rights,No-action autonomy (human support),0,0,
2026-07-27-81b2,2026-07-27,AUS,hazard,5,eng,1,Human or fundamental rights,High-action autonomy (human-out-of-the-loop),0,0,
2026-07-27-5a65,2026-07-27,ROU,hazard,4,eng,1,Public interest,High-action autonomy (human-out-of-the-loop),0,0,
2026-07-27-178e,2026-07-27,THA,incident,4,zho,1,Economic/Property;Human or fundamental rights,High-action autonomy (human-out-of-the-loop),0,1,1669
2026-07-28-d2e7,2026-07-28,USA,incident,627,bul;deu;eng;fra;ita;nld;pol;por;ron;spa;tur;urd;zho,13,Economic/Property;Reputational,High-action autonomy (human-out-of-the-loop),0,1,1604
2026-07-28-bf70,2026-07-28,USA,hazard,89,ell;ind;kor;mkd;zho,5,,,0,0,
2026-07-28-19c3,2026-07-28,TWN,incident,243,ara;ell;eng;fra;jpn;por;spa;zho,8,Public interest,,0,0,
2026-07-28-a94e,2026-07-28,ARE,hazard,36,ara;eng;spa,3,,,0,0,
2026-07-28-2657,2026-07-28,USA,hazard,79,eng;fra;spa;zho,4,Public interest,,0,0,
2026-07-28-8a10,2026-07-28,CHL,incident,13,spa,1,Public interest,High-action autonomy (human-out-of-the-loop),0,0,
2026-07-28-3f8c,2026-07-28,,incident,40,eng;fra;spa,3,Human or fundamental rights;Psychological,Low-action autonomy (human-in-the-loop),0,0,
2026-07-28-bc51,2026-07-28,SGP,hazard,10,eng,1,Economic/Property;Public interest,,0,0,
2026-07-28-5a4b,2026-07-28,CHN,incident,20,por;zho,2,Reputational;Psychological;Human or fundamental rights,Low-action autonomy (human-in-the-loop),0,0,
2026-07-28-5308,2026-07-28,CHE,hazard,22,eng;por;spa;zho,4,Economic/Property,High-action autonomy (human-out-of-the-loop),0,0,
2026-07-28-c891,2026-07-28,USA,incident,18,eng;fra,2,Physical (injury),Medium-action autonomy (human-on-the-loop),0,0,
2026-07-28-611f,2026-07-28,CAN,hazard,6,eng,1,,High-action autonomy (human-out-of-the-loop),0,0,
2026-07-28-0c39,2026-07-28,ROU,incident,7,ron,1,Economic/Property;Reputational;Human or fundamental rights,,0,0,
2026-07-28-273e,2026-07-28,CHN,incident,14,zho,1,Reputational;Economic/Property;Public interest,Low-action autonomy (human-in-the-loop),0,0,
2026-07-28-6275,2026-07-28,JPN,incident,35,jpn;kor;zho,3,Public interest;Psychological,,0,0,
2026-07-28-c897,2026-07-28,USA,incident,414,ara;deu;ell;eng;fra;hun;ind;ita;jpn;por;slk;spa;sqi;srp;swe;vie;zho,17,Economic/Property;Reputational;Human or fundamental rights,High-action autonomy (human-out-of-the-loop),0,1,1604
2026-07-28-95aa,2026-07-28,KOR,incident,8,kor,1,Economic/Property,High-action autonomy (human-out-of-the-loop),0,0,
2026-07-28-46b4,2026-07-28,GBR,incident,8,eng,1,Human or fundamental rights,,0,0,
2026-07-28-aebc,2026-07-28,MEX,incident,8,spa,1,Economic/Property,,0,0,
2026-07-28-265e,2026-07-28,CHN,incident,7,zho,1,Psychological;Human or fundamental rights,High-action autonomy (human-out-of-the-loop),0,0,
2026-07-28-3a88,2026-07-28,USA,incident,5,eng,1,Economic/Property,,0,0,
2026-07-28-6f7b,2026-07-28,ROU,hazard,4,eng,1,Physical (death);Physical (injury);Public interest,High-action autonomy (human-out-of-the-loop),0,0,
2026-07-28-db1a,2026-07-28,TWN,incident,4,zho,1,Psychological;Human or fundamental rights,No-action autonomy (human support),0,0,
2026-07-28-9328,2026-07-28,USA,incident,26,eng;fra;ron;spa,4,Economic/Property;Public interest,No-action autonomy (human support),0,0,
2026-07-28-5a37,2026-07-28,TWN,hazard,9,eng,1,Physical (injury);Reputational,High-action autonomy (human-out-of-the-loop),0,0,
2026-07-28-6dc7,2026-07-28,USA,incident,5,eng,1,Economic/Property,No-action autonomy (human support),0,0,
2026-07-29-78fa,2026-07-29,TWN,hazard,23,zho,1,Physical (death);Public interest,High-action autonomy (human-out-of-the-loop),0,0,
2026-07-29-4cc9,2026-07-29,KOR,hazard,18,kor,1,,High-action autonomy (human-out-of-the-loop),0,0,
2026-07-29-73d0,2026-07-29,ISR,incident,50,ara;eng;hrv;ind,4,Public interest;Reputational,,0,0,1659
2026-07-29-b893,2026-07-29,ESP,incident,8,spa,1,Economic/Property;Reputational,No-action autonomy (human support),0,0,
2026-07-29-17ff,2026-07-29,GBR,incident,7,eng,1,Human or fundamental rights;Psychological,Low-action autonomy (human-in-the-loop),0,0,
2026-07-29-7a43,2026-07-29,USA,hazard,6,kor,1,Economic/Property;Reputational;Public interest,,0,1,
2026-07-29-bbc9,2026-07-29,HUN,incident,6,hun,1,Economic/Property,High-action autonomy (human-out-of-the-loop),0,0,
2026-07-29-7802,2026-07-29,SAU,incident,20,eng,1,Reputational,,0,0,
2026-07-29-a1de,2026-07-29,BRA,incident,5,por,1,Reputational;Public interest,Low-action autonomy (human-in-the-loop),0,0,
2026-07-29-92bc,2026-07-29,KOR,hazard,3,kor,1,Physical (injury);Physical (death),Medium-action autonomy (human-on-the-loop),0,0,
2026-07-29-b42b,2026-07-29,,incident,12,zho,1,Economic/Property;Public interest;Human or fundamental rights,High-action autonomy (human-out-of-the-loop),0,1,
2026-07-29-ea85,2026-07-29,EGY,incident,11,ara,1,Economic/Property;Human or fundamental rights,,0,0,
2026-07-29-b791,2026-07-29,AUS,incident,16,eng,1,Human or fundamental rights,No-action autonomy (human support),0,1,
2026-07-29-71ea,2026-07-29,USA,incident,11,eng,1,Economic/Property;Psychological,No-action autonomy (human support),0,0,
2026-07-29-3b0e,2026-07-29,USA,incident,7,fra,1,Human or fundamental rights;Psychological;Reputational,No-action autonomy (human support),0,0,
2026-07-29-5f55,2026-07-29,USA,incident,258,deu;ell;eng;fra;hrv;hun;kor;por;spa;tur;zho,11,Other,High-action autonomy (human-out-of-the-loop),0,0,1604;1627;1628;1629;1633
2026-07-29-0a89,2026-07-29,USA,incident,6,spa,1,Economic/Property,High-action autonomy (human-out-of-the-loop),0,1,
2026-07-29-13eb,2026-07-29,GBR,incident,8,eng,1,Economic/Property,High-action autonomy (human-out-of-the-loop),0,0,
2026-07-29-5c6e,2026-07-29,BRA,incident,6,por,1,Reputational;Economic/Property,,0,0,
2026-07-29-c29a,2026-07-29,USA,hazard,39,eng;tur,2,Public interest;Human or fundamental rights,High-action autonomy (human-out-of-the-loop),0,0,
2026-07-29-d2ad,2026-07-29,USA,incident,5,kor,1,Public interest,High-action autonomy (human-out-of-the-loop),0,0,
2026-07-29-82da,2026-07-29,TWN,incident,115,zho,1,Reputational;Public interest,Low-action autonomy (human-in-the-loop),0,0,1647
2026-07-29-7fa5,2026-07-29,USA,incident,25,eng;tur;vie,3,Economic/Property;Human or fundamental rights,High-action autonomy (human-out-of-the-loop),0,0,1604
2026-07-29-5e98,2026-07-29,TWN,incident,6,zho,1,Psychological;Reputational;Human or fundamental rights,Low-action autonomy (human-in-the-loop),0,0,
2026-07-29-bdfd,2026-07-29,,incident,5,eng,1,Economic/Property;Reputational,,0,1,
2026-07-29-526b,2026-07-29,PAK,hazard,4,urd,1,Human or fundamental rights;Public interest;Reputational,High-action autonomy (human-out-of-the-loop),0,0,
2026-07-29-150d,2026-07-29,CHN,incident,10,zho,1,Economic/Property,,0,0,
2026-07-29-1c7f,2026-07-29,USA,incident,138,eng,1,Human or fundamental rights,Medium-action autonomy (human-on-the-loop),0,0,1689
2026-07-30-2c05,2026-07-30,DEU,incident,129,deu;eng;nld;spa;zho,5,Economic/Property,Low-action autonomy (human-in-the-loop),0,0,1655
2026-07-30-3510,2026-07-30,USA,incident,1075,ara;bul;deu;eng;fas;fra;hrv;ind;ita;jpn;kor;nld;por;ron;spa;sqi;srp;tur;ukr;zho,20,Human or fundamental rights;Reputational,High-action autonomy (human-out-of-the-loop),0,0,1627;1628;1629
2026-07-30-df4a,2026-07-30,USA,hazard,119,eng;kor;por;spa;zho,5,Physical (injury);Physical (death),High-action autonomy (human-out-of-the-loop),0,0,
2026-07-30-9df4,2026-07-30,UKR,incident,49,eng;fas;hrv;ron;ukr,5,Physical (death);Physical (injury);Human or fundamental rights,High-action autonomy (human-out-of-the-loop),0,0,
2026-07-30-2079,2026-07-30,BRA,incident,46,por,1,Reputational;Public interest,No-action autonomy (human support),0,0,
2026-07-30-725f,2026-07-30,POL,incident,15,pol,1,Economic/Property,No-action autonomy (human support),0,0,
2026-07-30-ffdd,2026-07-30,KOR,incident,17,eng;fra,2,Psychological;Reputational,Low-action autonomy (human-in-the-loop),0,0,
2026-07-30-439f,2026-07-30,KOR,incident,12,kor,1,Economic/Property;Public interest;Human or fundamental rights,,0,1,
2026-07-30-0782,2026-07-30,CHN,hazard,11,eng,1,,High-action autonomy (human-out-of-the-loop),0,0,
2026-07-30-cb44,2026-07-30,DEU,incident,11,deu,1,Reputational,,0,0,
2026-07-30-bc65,2026-07-30,KOR,incident,9,kor,1,Reputational,Medium-action autonomy (human-on-the-loop),0,0,
2026-07-30-a5c4,2026-07-30,USA,incident,3,zho,1,Human or fundamental rights,High-action autonomy (human-out-of-the-loop),0,0,
2026-07-30-aedd,2026-07-30,ROU,incident,5,ron,1,Public interest;Economic/Property;Psychological,No-action autonomy (human support),0,0,
2026-07-30-efe9,2026-07-30,USA,hazard,16,eng;kor,2,Human or fundamental rights,,0,0,
2026-07-30-cf4a,2026-07-30,USA,incident,7,eng,1,Economic/Property,Low-action autonomy (human-in-the-loop),0,0,
2026-07-30-e351,2026-07-30,IND,incident,5,eng,1,Economic/Property;Psychological,High-action autonomy (human-out-of-the-loop),0,0,
2026-07-30-8834,2026-07-30,CAN,incident,7,deu;eng,2,Physical (injury),No-action autonomy (human support),0,0,
2026-07-30-8f4c,2026-07-30,GBR,incident,5,ita,1,Human or fundamental rights;Reputational;Public interest,Medium-action autonomy (human-on-the-loop),0,0,
2026-07-30-7e03,2026-07-30,ISR,hazard,4,eng,1,Physical (death);Physical (injury);Human or fundamental rights,High-action autonomy (human-out-of-the-loop),0,0,
2026-07-30-0653,2026-07-30,UKR,incident,10,eng,1,Physical (death);Physical (injury),High-action autonomy (human-out-of-the-loop),0,0,
2026-07-30-3ee2,2026-07-30,CHN,incident,5,eng,1,Economic/Property;Human or fundamental rights,High-action autonomy (human-out-of-the-loop),0,1,
2026-07-30-a6e1,2026-07-30,IND,hazard,3,eng,1,,High-action autonomy (human-out-of-the-loop),0,0,
2026-07-31-4d5d,2026-07-31,USA,incident,208,eng;fra,2,Human or fundamental rights;Economic/Property;Public interest,Medium-action autonomy (human-on-the-loop),0,0,
2026-07-31-443d,2026-07-31,USA,incident,50,eng;fas;spa,3,Physical (death);Psychological,High-action autonomy (human-out-of-the-loop),0,0,
2026-07-31-0cf8,2026-07-31,CHN,hazard,24,eng;spa;ukr,3,Physical (death);Physical (injury),High-action autonomy (human-out-of-the-loop),0,0,
2026-07-31-24c0,2026-07-31,CHN,hazard,90,ara;eng;fas;fra;hin;ukr;zho,7,Economic/Property;Public interest,,0,0,
2026-07-31-b173,2026-07-31,KOR,hazard,15,kor,1,Physical (death);Human or fundamental rights,High-action autonomy (human-out-of-the-loop),0,0,
2026-07-31-ac8b,2026-07-31,IND,incident,20,eng,1,Public interest;Reputational,No-action autonomy (human support),0,0,
2026-07-31-5c92,2026-07-31,USA,incident,273,ara;deu;ell;eng;fas;fra;ita;kor;nld;por;ron;spa;sqi;swe;tur;urd;vie;zho,18,Public interest,Low-action autonomy (human-in-the-loop),0,0,
2026-07-31-76fe,2026-07-31,USA,incident,25,eng;fra,2,Environmental;Physical (injury),,0,0,
2026-07-31-87e4,2026-07-31,IND,incident,12,eng,1,Reputational;Public interest,,0,0,
2026-07-31-b88e,2026-07-31,USA,incident,25,eng;hrv;tur;zho,4,Reputational;Public interest,No-action autonomy (human support),0,0,1616
2026-07-31-ce43,2026-07-31,BGR,incident,19,bul,1,Economic/Property;Human or fundamental rights,No-action autonomy (human support),0,0,
2026-07-31-a3ef,2026-07-31,BRA,incident,5,por,1,Physical (injury);Human or fundamental rights,High-action autonomy (human-out-of-the-loop),0,0,
2026-07-31-3a11,2026-07-31,BRA,incident,5,por,1,Economic/Property,No-action autonomy (human support),0,0,
2026-07-31-68a0,2026-07-31,USA,hazard,16,eng;zho,2,Public interest;Economic/Property,,0,0,
2026-07-31-1d37,2026-07-31,CHN,incident,6,eng,1,Economic/Property,High-action autonomy (human-out-of-the-loop),0,0,
2026-07-31-de06,2026-07-31,CHN,hazard,6,zho,1,Physical (death);Public interest;Human or fundamental rights,High-action autonomy (human-out-of-the-loop),0,0,
2026-07-31-76a3,2026-07-31,USA,incident,36,eng;jpn;zho,3,Physical (death);Psychological,High-action autonomy (human-out-of-the-loop),0,0,
2026-07-31-2430,2026-07-31,IND,hazard,6,eng,1,Physical (death);Physical (injury),High-action autonomy (human-out-of-the-loop),0,0,
2026-07-31-b86c,2026-07-31,KHM,incident,12,eng,1,Economic/Property;Human or fundamental rights,Low-action autonomy (human-in-the-loop),0,0,
2026-07-31-4b3e,2026-07-31,USA,hazard,5,eng,1,Physical (injury);Physical (death);Economic/Property,High-action autonomy (human-out-of-the-loop),0,0,
2026-07-31-af9f,2026-07-31,ZAF,incident,3,eng,1,Economic/Property,No-action autonomy (human support),0,0,
2026-07-31-b533,2026-07-31,USA,incident,41,ara;eng;nld;ron,4,Economic/Property;Reputational,High-action autonomy (human-out-of-the-loop),0,1,
2026-07-31-5c82,2026-07-31,USA,incident,11,eng;spa,2,Reputational;Public interest,,0,0,
2026-07-31-bca2,2026-07-31,USA,incident,12,eng,1,Human or fundamental rights,No-action autonomy (human support),0,0,
2026-08-01-90d7,2026-08-01,CHN,incident,65,eng;por;ron;tur;zho,5,Economic/Property,No-action autonomy (human support),0,0,1654
2026-08-01-0db3,2026-08-01,TWN,incident,11,zho,1,Reputational,,0,0,
2026-08-01-e96a,2026-08-01,TUR,hazard,11,tur,1,,High-action autonomy (human-out-of-the-loop),0,0,
2026-08-01-9530,2026-08-01,IND,incident,13,eng,1,Reputational,,0,0,
2026-08-01-b2a8,2026-08-01,USA,incident,8,spa,1,Human or fundamental rights,,0,0,
2026-08-01-339d,2026-08-01,IND,incident,5,eng,1,Reputational;Public interest,High-action autonomy (human-out-of-the-loop),0,0,
2026-08-01-17cb,2026-08-01,IDN,hazard,3,ind,1,Environmental,,0,0,
2026-08-01-7d75,2026-08-01,USA,incident,17,zho,1,Economic/Property;Public interest,,0,0,
2026-08-01-64e8,2026-08-01,USA,hazard,10,ara,1,Economic/Property;Reputational,Low-action autonomy (human-in-the-loop),0,0,
2026-08-01-10fa,2026-08-01,PAK,incident,6,eng,1,Economic/Property,,0,0,
2026-08-01-5449,2026-08-01,MEX,incident,3,spa,1,Economic/Property;Human or fundamental rights,,0,0,
2026-08-01-8b85,2026-08-01,USA,incident,3,jpn,1,Economic/Property;Reputational,Low-action autonomy (human-in-the-loop),0,0,
2026-08-01-4524,2026-08-01,PHL,incident,4,eng,1,Economic/Property;Public interest,High-action autonomy (human-out-of-the-loop),0,1,
2026-08-02-c7dd,2026-08-02,TWN,incident,19,zho,1,Reputational,,0,0,
2026-08-02-7579,2026-08-02,IND,incident,11,eng,1,Reputational;Economic/Property,,0,0,
2026-08-02-be8a,2026-08-02,IND,incident,6,eng,1,Public interest,High-action autonomy (human-out-of-the-loop),0,0,
2026-08-02-aeca,2026-08-02,JPN,incident,11,jpn,1,Human or fundamental rights;Psychological;Reputational,Low-action autonomy (human-in-the-loop),0,0,
2026-08-02-6ec9,2026-08-02,USA,incident,15,eng,1,Human or fundamental rights;Psychological;Reputational,Low-action autonomy (human-in-the-loop),0,0,
2026-08-02-ede6,2026-08-02,USA,hazard,11,eng;ind,2,Human or fundamental rights;Public interest,High-action autonomy (human-out-of-the-loop),0,0,
2026-08-02-d5b8,2026-08-02,IND,incident,6,eng,1,Economic/Property,High-action autonomy (human-out-of-the-loop),0,0,
2026-08-02-15f3,2026-08-02,CHN,hazard,5,eng,1,Human or fundamental rights;Psychological;Public interest,Low-action autonomy (human-in-the-loop),0,0,
2026-08-02-e750,2026-08-02,USA,incident,7,eng,1,Human or fundamental rights;Public interest;Reputational,,0,0,
2026-08-02-1ac9,2026-08-02,USA,incident,5,tur,1,Economic/Property,Medium-action autonomy (human-on-the-loop),0,0,
2026-08-02-7f1a,2026-08-02,USA,hazard,26,slk;vie,2,Economic/Property,High-action autonomy (human-out-of-the-loop),0,0,
2026-08-02-a26f,2026-08-02,USA,incident,12,eng;zho,2,Economic/Property;Reputational,High-action autonomy (human-out-of-the-loop),0,1,
2026-08-03-a458,2026-08-03,TWN,hazard,14,zho,1,Physical (death);Public interest,High-action autonomy (human-out-of-the-loop),0,0,
2026-08-03-d9c2,2026-08-03,USA,incident,30,eng;jpn,2,Economic/Property;Reputational,,0,0,
2026-08-03-2959,2026-08-03,DEU,hazard,10,deu,1,Economic/Property;Public interest;Reputational,High-action autonomy (human-out-of-the-loop),0,1,
2026-08-03-3d8e,2026-08-03,TWN,incident,39,zho,1,Economic/Property;Reputational,,0,0,
2026-08-03-988b,2026-08-03,BRA,incident,28,por,1,Human or fundamental rights;Reputational;Psychological,Low-action autonomy (human-in-the-loop),0,0,
2026-08-03-66f5,2026-08-03,,incident,84,eng;fra;por;spa,4,Economic/Property;Psychological;Reputational,,0,0,
2026-08-03-b8c1,2026-08-03,CHN,incident,21,zho,1,Human or fundamental rights,,0,0,
2026-08-03-3013,2026-08-03,CHN,incident,31,zho,1,Reputational,Low-action autonomy (human-in-the-loop),0,0,
2026-08-03-7081,2026-08-03,USA,incident,10,eng,1,,No-action autonomy (human support),0,0,
2026-08-03-2951,2026-08-03,CHN,incident,18,zho,1,Economic/Property,Low-action autonomy (human-in-the-loop),0,0,
2026-08-03-a5f5,2026-08-03,IND,incident,7,eng,1,Economic/Property;Reputational;Public interest,,0,0,
2026-08-03-7fcb,2026-08-03,JPN,incident,6,jpn,1,Psychological;Human or fundamental rights,No-action autonomy (human support),0,0,
2026-08-03-d870,2026-08-03,BRA,incident,15,por,1,Reputational;Economic/Property;Human or fundamental rights,,0,0,
2026-08-03-73b4,2026-08-03,USA,incident,7,eng,1,Economic/Property;Reputational,High-action autonomy (human-out-of-the-loop),0,1,
2026-08-03-bf59,2026-08-03,CHN,incident,13,zho,1,Psychological,,0,0,
2026-08-03-f07e,2026-08-03,USA,incident,15,eng,1,Human or fundamental rights,High-action autonomy (human-out-of-the-loop),0,0,
2026-08-03-f7e6,2026-08-03,DEU,incident,15,eng,1,Public interest,High-action autonomy (human-out-of-the-loop),0,0,
2026-08-03-0233,2026-08-03,KOR,incident,10,kor,1,Psychological;Reputational,,0,0,
2026-08-03-c3c1,2026-08-03,FRA,incident,6,fra,1,Reputational;Human or fundamental rights,Low-action autonomy (human-in-the-loop),0,0,
2026-08-03-bec5,2026-08-03,USA,hazard,6,eng,1,Physical (death);Human or fundamental rights,High-action autonomy (human-out-of-the-loop),0,0,
2026-08-03-34e0,2026-08-03,UKR,incident,4,ukr,1,Psychological;Public interest,Low-action autonomy (human-in-the-loop),0,0,
2026-08-03-4570,2026-08-03,USA,incident,6,ces,1,Economic/Property;Psychological;Human or fundamental rights,High-action autonomy (human-out-of-the-loop),0,0,
2026-08-03-68a2,2026-08-03,NLD,hazard,18,eng,1,Physical (injury),High-action autonomy (human-out-of-the-loop),0,0,
2026-08-03-0881,2026-08-03,USA,incident,9,por,1,Economic/Property;Reputational,High-action autonomy (human-out-of-the-loop),0,1,
2026-08-03-6b5f,2026-08-03,USA,incident,98,eng;lit;por;spa;tur;zho,6,Economic/Property,High-action autonomy (human-out-of-the-loop),0,0,
2026-08-03-54cd,2026-08-03,TWN,hazard,3,eng,1,Physical (injury);Physical (death),High-action autonomy (human-out-of-the-loop),0,0,
2026-08-03-b892,2026-08-03,NLD,hazard,3,nld,1,Human or fundamental rights,,0,0,
2026-08-03-9ec2,2026-08-03,USA,incident,399,ara;deu;ell;eng;ind;ita;kor;por;spa;zho,10,Economic/Property;Reputational,,0,0,
2026-08-04-79fe,2026-08-04,USA,hazard,3,ind,1,Public interest;Human or fundamental rights,,0,0,
2026-08-04-6676,2026-08-04,USA,incident,3,eng,1,Economic/Property;Reputational;Human or fundamental rights,Low-action autonomy (human-in-the-loop),0,0,
2026-08-04-8c0b,2026-08-04,IND,incident,60,eng;hin,2,Psychological;Reputational;Human or fundamental rights,High-action autonomy (human-out-of-the-loop),0,0,
2026-08-04-7ee7,2026-08-04,USA,hazard,156,ara;eng;kor;por;spa;zho,6,,,0,0,
2026-08-04-f02f,2026-08-04,FRA,incident,30,deu;fra,2,Reputational;Public interest,,0,0,
2026-08-04-4d72,2026-08-04,JPN,hazard,91,ara;eng;fra;spa;vie;zho,6,,High-action autonomy (human-out-of-the-loop),0,0,
2026-08-04-deac,2026-08-04,USA,incident,10,zho,1,Economic/Property,Low-action autonomy (human-in-the-loop),0,0,
2026-08-04-7d6c,2026-08-04,USA,incident,9,eng,1,Psychological,No-action autonomy (human support),0,0,
2026-08-04-d2bf,2026-08-04,IDN,incident,17,ind,1,Economic/Property,,0,0,
2026-08-04-981c,2026-08-04,IND,incident,9,eng,1,Human or fundamental rights;Psychological,High-action autonomy (human-out-of-the-loop),0,0,
2026-08-04-3798,2026-08-04,CHN,hazard,6,ind,1,Physical (death);Physical (injury),,0,0,
2026-08-04-34e8,2026-08-04,USA,incident,16,eng,1,Economic/Property;Reputational,,0,1,
2026-08-04-264b,2026-08-04,HUN,incident,4,hun,1,Reputational;Economic/Property,,0,0,
2026-08-04-11ad,2026-08-04,USA,incident,12,eng,1,Psychological,High-action autonomy (human-out-of-the-loop),0,0,
2026-08-04-9fbf,2026-08-04,CAN,incident,19,eng;spa,2,Economic/Property;Reputational,Low-action autonomy (human-in-the-loop),0,0,
2026-08-04-77d7,2026-08-04,USA,incident,29,ell;eng,2,Physical (death);Psychological,High-action autonomy (human-out-of-the-loop),0,0,
2026-08-04-da1c,2026-08-04,CHN,incident,6,zho,1,Economic/Property,,0,0,
2026-08-04-91fc,2026-08-04,USA,incident,9,eng,1,Human or fundamental rights;Reputational,No-action autonomy (human support),0,0,
2026-08-04-eeaf,2026-08-04,USA,incident,19,eng;por,2,Psychological;Human or fundamental rights,High-action autonomy (human-out-of-the-loop),0,0,
2026-08-04-dd47,2026-08-04,USA,incident,7,eng,1,Economic/Property;Public interest,Medium-action autonomy (human-on-the-loop),0,0,
2026-08-04-0bd6,2026-08-04,,incident,4,ell,1,Economic/Property,,0,0,
2026-08-04-643d,2026-08-04,USA,incident,21,fra;por,2,Economic/Property;Public interest,Low-action autonomy (human-in-the-loop),0,0,
2026-08-04-1f77,2026-08-04,IND,incident,4,eng,1,Economic/Property,No-action autonomy (human support),0,0,
2026-08-04-2d60,2026-08-04,CHN,hazard,3,jpn,1,,,0,0,
2026-08-04-cb46,2026-08-04,IND,incident,10,guj,1,Reputational;Human or fundamental rights;Public interest,Medium-action autonomy (human-on-the-loop),0,0,
2026-08-04-339d,2026-08-04,USA,incident,8,eng,1,Economic/Property;Reputational,,0,0,
2026-08-04-eb10,2026-08-04,USA,incident,12,eng;spa,2,Physical (death);Economic/Property,High-action autonomy (human-out-of-the-loop),0,0,
2026-08-04-b96d,2026-08-04,IND,incident,38,eng,1,Reputational;Human or fundamental rights,,0,0,
2026-08-05-1ea2,2026-08-05,IND,incident,77,ell;hin;por;zho,4,Human or fundamental rights;Psychological,High-action autonomy (human-out-of-the-loop),0,0,
2026-08-05-ed05,2026-08-05,BRA,incident,7,por,1,Human or fundamental rights;Psychological;Reputational,,0,0,
2026-08-05-4a13,2026-08-05,MEX,hazard,7,spa,1,,,0,0,
2026-08-05-3878,2026-08-05,GBR,incident,1305,ara;bul;deu;ell;eng;fas;fra;hin;hrv;ita;jpn;mkd;nld;por;ron;spa;sqi;srp;tur;ukr;vie;zho,22,Economic/Property;Reputational;Human or fundamental rights,High-action autonomy (human-out-of-the-loop),0,0,1633
2026-08-05-8690,2026-08-05,GBR,hazard,50,deu;eng;fra;spa,4,,Medium-action autonomy (human-on-the-loop),0,0,
2026-08-05-a5c5,2026-08-05,IND,incident,20,hin,1,Reputational,,0,0,
2026-08-05-d77c,2026-08-05,USA,incident,18,por;spa,2,Economic/Property,No-action autonomy (human support),0,0,
2026-08-05-b819,2026-08-05,USA,hazard,24,eng,1,Physical (injury);Economic/Property,High-action autonomy (human-out-of-the-loop),0,0,
2026-08-05-90b0,2026-08-05,BIH,incident,6,hrv,1,Human or fundamental rights;Psychological,Low-action autonomy (human-in-the-loop),0,0,
2026-08-05-3d5a,2026-08-05,USA,hazard,5,eng,1,Public interest,,0,0,
2026-08-05-05bd,2026-08-05,CHN,hazard,10,bul;fra;kor;pol,4,Economic/Property,,0,0,
2026-08-05-6b33,2026-08-05,FRA,hazard,3,eng;fra,2,Physical (death);Physical (injury),High-action autonomy (human-out-of-the-loop),0,0,
2026-08-05-a2ed,2026-08-05,CHN,incident,35,zho,1,Reputational;Economic/Property,,0,0,
2026-08-05-2e8c,2026-08-05,IND,incident,5,eng,1,Human or fundamental rights;Psychological,No-action autonomy (human support),0,0,
2026-08-05-8008,2026-08-05,USA,incident,8,eng,1,Human or fundamental rights;Economic/Property,,0,1,
2026-08-05-1426,2026-08-05,CHN,incident,19,zho,1,Physical (injury),No-action autonomy (human support),0,0,
2026-08-05-41f7,2026-08-05,GBR,incident,6,eng,1,Human or fundamental rights,Low-action autonomy (human-in-the-loop),0,0,
2026-08-05-a52d,2026-08-05,USA,incident,87,ara;hin;ind;kor;mkd;slk;srp;vie,8,Psychological;Economic/Property,High-action autonomy (human-out-of-the-loop),0,0,
2026-08-05-331c,2026-08-05,TWN,hazard,4,zho,1,,High-action autonomy (human-out-of-the-loop),0,0,
2026-08-05-fd31,2026-08-05,AUS,hazard,4,eng,1,Human or fundamental rights,,0,0,
2026-08-05-7960,2026-08-05,USA,incident,11,eng,1,Economic/Property;Reputational,Medium-action autonomy (human-on-the-loop),0,0,
2026-08-05-98ad,2026-08-05,USA,incident,16,eng,1,Human or fundamental rights,Low-action autonomy (human-in-the-loop),0,0,
2026-08-05-a516,2026-08-05,CHN,incident,17,zho,1,Economic/Property;Reputational,Low-action autonomy (human-in-the-loop),0,0,
2026-08-05-d56a,2026-08-05,CHN,incident,9,zho,1,Reputational,No-action autonomy (human support),0,0,
2026-08-05-56e0,2026-08-05,USA,incident,6,eng,1,Human or fundamental rights,No-action autonomy (human support),0,0,1622
2026-08-05-1f21,2026-08-05,GRC,incident,4,ell,1,Economic/Property;Human or fundamental rights,High-action autonomy (human-out-of-the-loop),0,1,
2026-08-05-90e8,2026-08-05,JPN,incident,3,eng,1,Economic/Property,High-action autonomy (human-out-of-the-loop),0,0,
2026-08-05-5693,2026-08-05,CHN,incident,7,zho,1,Economic/Property,,0,0,
2026-08-05-b279,2026-08-05,USA,incident,5,eng,1,Economic/Property,,0,0,
2026-08-05-9a62,2026-08-05,DEU,incident,8,ita,1,Economic/Property;Human or fundamental rights,,0,0,1655
2026-08-05-0f04,2026-08-05,FRA,hazard,68,eng;fra,2,Economic/Property,High-action autonomy (human-out-of-the-loop),0,0,
2026-08-06-dee0,2026-08-06,USA,hazard,4,eng,1,,,0,0,
2026-08-06-c38d,2026-08-06,USA,incident,17,eng,1,Economic/Property;Public interest,,0,0,
2026-08-06-025a,2026-08-06,USA,incident,6,ces;deu,2,Reputational,,0,0,
2026-08-06-0af1,2026-08-06,USA,incident,858,bul;ces;deu;eng;fas;fra;ind;ita;pol;por;ron;spa;srp;swe;tur;ukr;zho,17,Psychological;Physical (injury),High-action autonomy (human-out-of-the-loop),0,0,
2026-08-06-16ac,2026-08-06,USA,hazard,585,ara;deu;ell;eng;fra;hrv;ind;ita;jpn;kor;mkd;pol;por;ron;spa;srp;tur;ukr;vie;zho,20,Physical (death);Physical (injury),Low-action autonomy (human-in-the-loop),0,0,
2026-08-06-ca7e,2026-08-06,TWN,incident,47,zho,1,Reputational;Public interest,Medium-action autonomy (human-on-the-loop),0,0,
2026-08-06-8678,2026-08-06,IDN,incident,19,ind,1,Reputational;Public interest;Human or fundamental rights,No-action autonomy (human support),0,0,
2026-08-06-cad3,2026-08-06,USA,incident,117,ara;ell;fra;hrv;ita;kor;nld;por;spa;srp;zho,11,Economic/Property,High-action autonomy (human-out-of-the-loop),0,0,
2026-08-06-1ab6,2026-08-06,IDN,incident,13,ind,1,Psychological;Reputational;Human or fundamental rights,,0,0,
2026-08-06-5296,2026-08-06,KOR,hazard,11,kor,1,Physical (death);Physical (injury);Human or fundamental rights,High-action autonomy (human-out-of-the-loop),0,0,
2026-08-06-fddc,2026-08-06,USA,incident,184,ell;eng;ind;ita;jpn;spa;zho,7,Economic/Property;Reputational,High-action autonomy (human-out-of-the-loop),0,1,
2026-08-06-fd26,2026-08-06,DEU,incident,5,deu,1,Economic/Property;Public interest,No-action autonomy (human support),0,0,
2026-08-06-046b,2026-08-06,USA,incident,3,eng,1,Economic/Property,,0,0,
2026-08-06-3295,2026-08-06,CAN,incident,9,eng,1,Human or fundamental rights;Economic/Property,,0,0,
2026-08-06-eded,2026-08-06,USA,hazard,21,eng,1,Human or fundamental rights;Public interest,High-action autonomy (human-out-of-the-loop),0,0,
2026-08-06-f60c,2026-08-06,GBR,incident,11,eng;por,2,Economic/Property;Human or fundamental rights,High-action autonomy (human-out-of-the-loop),0,0,
2026-08-06-18d2,2026-08-06,USA,incident,9,eng,1,Economic/Property;Human or fundamental rights,,0,0,
2026-08-06-5d3f,2026-08-06,TWN,incident,4,zho,1,Reputational,No-action autonomy (human support),0,0,
2026-08-06-8f3a,2026-08-06,USA,hazard,5,eng,1,Economic/Property;Physical (injury),High-action autonomy (human-out-of-the-loop),0,0,
2026-08-06-8827,2026-08-06,GBR,hazard,10,eng;zho,2,Economic/Property;Human or fundamental rights;Public interest,,0,0,
2026-08-06-3069,2026-08-06,BRA,incident,10,por,1,Human or fundamental rights,High-action autonomy (human-out-of-the-loop),0,0,
2026-08-07-c811,2026-08-07,USA,hazard,554,ara;deu;ell;eng;fra;ind;ita;kor;nld;por;ron;spa;srp;tur;ukr;zho,16,Economic/Property;Public interest,High-action autonomy (human-out-of-the-loop),0,0,
2026-08-07-a99f,2026-08-07,IND,hazard,14,eng,1,,,0,0,
2026-08-07-9675,2026-08-07,GBR,hazard,73,deu;eng;fra;ita;kor;mkd;por;spa;tur;zho,10,,High-action autonomy (human-out-of-the-loop),0,0,
2026-08-07-2527,2026-08-07,ITA,incident,17,ita,1,Human or fundamental rights,No-action autonomy (human support),0,0,
2026-08-07-1a51,2026-08-07,FRA,incident,16,fra,1,Human or fundamental rights;Psychological;Reputational,No-action autonomy (human support),0,0,
2026-08-07-e7c4,2026-08-07,USA,hazard,47,fas;hun;sqi;zho,4,Physical (death),Low-action autonomy (human-in-the-loop),0,0,
2026-08-07-eee1,2026-08-07,FRA,hazard,24,fra,1,Physical (injury);Economic/Property,High-action autonomy (human-out-of-the-loop),0,0,
2026-08-07-5acd,2026-08-07,JPN,incident,7,zho,1,Reputational;Economic/Property;Human or fundamental rights,No-action autonomy (human support),0,0,
2026-08-07-b829,2026-08-07,TUR,incident,3,tur,1,Human or fundamental rights,Low-action autonomy (human-in-the-loop),0,0,
2026-08-07-bd2d,2026-08-07,POL,incident,6,pol,1,Physical (injury),,0,0,
2026-08-07-72db,2026-08-07,USA,incident,12,ara;zho,2,Economic/Property;Reputational,High-action autonomy (human-out-of-the-loop),0,1,
2026-08-07-5b3f,2026-08-07,GRC,incident,5,ell,1,Economic/Property;Reputational;Human or fundamental rights,,0,0,
2026-08-07-d6ef,2026-08-07,USA,incident,79,deu;eng;fra;ita;por;ron;spa;zho,8,Environmental,,0,0,
2026-08-07-b0fc,2026-08-07,USA,hazard,11,eng,1,Public interest;Human or fundamental rights,High-action autonomy (human-out-of-the-loop),0,0,
2026-08-07-1e11,2026-08-07,NLD,incident,8,nld,1,Public interest,No-action autonomy (human support),0,0,
2026-08-07-65ec,2026-08-07,IDN,incident,5,ind,1,Economic/Property;Reputational,High-action autonomy (human-out-of-the-loop),0,1,
2026-08-07-0f47,2026-08-07,USA,hazard,6,eng,1,Physical (death);Physical (injury),,0,0,
2026-08-07-d275,2026-08-07,USA,hazard,16,eng;zho,2,Public interest,,0,0,
2026-08-07-ac8c,2026-08-07,USA,incident,17,zho,1,Human or fundamental rights;Public interest;Reputational,High-action autonomy (human-out-of-the-loop),0,0,
2026-08-08-8ba0,2026-08-08,USA,incident,34,eng;spa,2,Physical (injury),Medium-action autonomy (human-on-the-loop),0,0,
2026-08-08-a790,2026-08-08,PRT,incident,8,por,1,Human or fundamental rights;Psychological;Reputational,Low-action autonomy (human-in-the-loop),0,0,
2026-08-08-1c12,2026-08-08,TWN,incident,19,zho,1,Psychological;Reputational;Human or fundamental rights,No-action autonomy (human support),0,0,
2026-08-08-4f11,2026-08-08,DEU,incident,7,deu,1,Psychological;Reputational,Low-action autonomy (human-in-the-loop),0,0,
2026-08-08-700f,2026-08-08,DEU,hazard,5,deu,1,Public interest,High-action autonomy (human-out-of-the-loop),0,0,
2026-08-08-00f1,2026-08-08,IND,incident,3,eng,1,Economic/Property;Human or fundamental rights;Public interest,High-action autonomy (human-out-of-the-loop),0,0,
2026-08-08-174e,2026-08-08,IND,incident,8,eng,1,Economic/Property,No-action autonomy (human support),0,0,
2026-08-08-0d46,2026-08-08,GBR,incident,11,eng,1,Psychological;Human or fundamental rights,Low-action autonomy (human-in-the-loop),0,0,
2026-08-08-975d,2026-08-08,GBR,incident,6,eng,1,Reputational,,0,0,
2026-08-08-cc28,2026-08-08,BRA,incident,3,por,1,Economic/Property;Reputational;Human or fundamental rights,Low-action autonomy (human-in-the-loop),0,0,
2026-08-08-779f,2026-08-08,CHN,hazard,11,ara;eng;spa,3,,,0,0,
2026-08-08-3a0a,2026-08-08,USA,incident,18,eng,1,Human or fundamental rights;Public interest,High-action autonomy (human-out-of-the-loop),0,0,
2026-08-09-289b,2026-08-09,ROU,incident,19,ron,1,Economic/Property,No-action autonomy (human support),0,0,
2026-08-09-a352,2026-08-09,GRC,incident,9,ell,1,Economic/Property;Psychological,Low-action autonomy (human-in-the-loop),0,0,
2026-08-09-a26a,2026-08-09,BRA,incident,14,por,1,Economic/Property;Public interest,High-action autonomy (human-out-of-the-loop),0,0,
2026-08-09-9a86,2026-08-09,RUS,incident,6,eng,1,Physical (death);Physical (injury),High-action autonomy (human-out-of-the-loop),0,0,
2026-08-09-841d,2026-08-09,BRA,incident,3,por,1,Reputational;Public interest,No-action autonomy (human support),0,0,
2026-08-09-877c,2026-08-09,ROU,incident,6,ron,1,Physical (injury);Public interest,,0,0,
2026-08-09-a0ef,2026-08-09,USA,incident,11,eng,1,Reputational;Psychological,No-action autonomy (human support),0,0,
2026-08-09-5a65,2026-08-09,CHN,incident,25,pol;por;spa;zho,4,Other,No-action autonomy (human support),0,0,
2026-08-09-44bc,2026-08-09,USA,hazard,10,eng,1,Psychological,High-action autonomy (human-out-of-the-loop),0,0,
2026-08-09-f66a,2026-08-09,ESP,incident,11,spa,1,Psychological;Reputational;Human or fundamental rights,No-action autonomy (human support),0,0,
2026-08-09-4828,2026-08-09,ARE,hazard,4,eng,1,,High-action autonomy (human-out-of-the-loop),0,0,
2026-08-09-fc4a,2026-08-09,USA,hazard,7,eng,1,Public interest,High-action autonomy (human-out-of-the-loop),0,0,
2026-08-09-c6d7,2026-08-09,USA,incident,6,eng,1,Reputational;Psychological;Public interest,No-action autonomy (human support),0,0,
2026-08-09-6290,2026-08-09,USA,incident,7,bul,1,Psychological,High-action autonomy (human-out-of-the-loop),0,0,
2026-08-09-b920,2026-08-09,BRA,incident,7,por,1,Reputational;Economic/Property,No-action autonomy (human support),0,0,
2026-08-10-1141,2026-08-10,JPN,hazard,9,zho,1,Physical (injury);Physical (death);Public interest,High-action autonomy (human-out-of-the-loop),0,0,
2026-08-10-49ae,2026-08-10,USA,incident,413,ara;deu;ell;eng;fas;fra;ita;nld;por;spa;tur;zho,12,Psychological,High-action autonomy (human-out-of-the-loop),0,0,
2026-08-10-7274,2026-08-10,PRK,incident,119,ara;eng;fas;hrv;ind;kor;pol;zho,8,Economic/Property;Human or fundamental rights,Low-action autonomy (human-in-the-loop),0,0,
2026-08-10-5df5,2026-08-10,AUS,incident,154,ara;ces;deu;ell;eng;fra;hin;ita;jpn;por;ron;spa,12,Economic/Property;Reputational,High-action autonomy (human-out-of-the-loop),0,1,1642
2026-08-10-401d,2026-08-10,BGR,incident,13,bul,1,Reputational;Human or fundamental rights,High-action autonomy (human-out-of-the-loop),0,0,
2026-08-10-f5bb,2026-08-10,USA,hazard,46,eng;fra;ita;spa,4,Economic/Property;Reputational;Public interest,No-action autonomy (human support),0,0,
2026-08-10-514e,2026-08-10,USA,incident,60,ara;eng;fra;spa;tur,5,Psychological,High-action autonomy (human-out-of-the-loop),0,0,
2026-08-10-940b,2026-08-10,UKR,hazard,15,eng;ukr,2,Physical (death);Physical (injury),High-action autonomy (human-out-of-the-loop),0,0,
2026-08-10-6621,2026-08-10,USA,incident,210,deu;eng;ita;kor;por;spa;tur;zho,8,Human or fundamental rights,High-action autonomy (human-out-of-the-loop),0,0,1627;1628;1629;1649
2026-08-10-9a73,2026-08-10,GBR,incident,13,eng,1,Psychological;Public interest,Low-action autonomy (human-in-the-loop),0,0,
2026-08-10-6372,2026-08-10,USA,incident,5,eng,1,Economic/Property;Human or fundamental rights;Public interest,High-action autonomy (human-out-of-the-loop),0,0,1604;1627;1628;1629;1633;1649
2026-08-10-6d0c,2026-08-10,NOR,incident,8,nor,1,Economic/Property,No-action autonomy (human support),0,0,
2026-08-10-c000,2026-08-10,GBR,hazard,23,eng,1,Human or fundamental rights,Medium-action autonomy (human-on-the-loop),0,0,
2026-08-10-2503,2026-08-10,USA,hazard,82,ara;ell;eng;kor;spa,5,Physical (injury),,0,0,
2026-08-10-b271,2026-08-10,CHN,incident,23,eng;spa,2,Psychological,High-action autonomy (human-out-of-the-loop),0,0,
2026-08-10-904f,2026-08-10,USA,incident,22,eng,1,Economic/Property,High-action autonomy (human-out-of-the-loop),0,0,
2026-08-10-0cb5,2026-08-10,USA,incident,223,ara;deu;eng;fra;ita;por;spa;ukr;vie,9,Economic/Property;Reputational;Public interest,High-action autonomy (human-out-of-the-loop),0,0,1604
2026-08-10-8e40,2026-08-10,IDN,incident,5,ind,1,Economic/Property;Public interest,High-action autonomy (human-out-of-the-loop),0,1,
2026-08-10-b86e,2026-08-10,IDN,hazard,3,ind,1,Public interest,No-action autonomy (human support),0,0,
2026-08-10-6a3b,2026-08-10,DEU,hazard,4,eng,1,Physical (death);Public interest,High-action autonomy (human-out-of-the-loop),0,0,
2026-08-10-e4b9,2026-08-10,TWN,incident,6,zho,1,Economic/Property,High-action autonomy (human-out-of-the-loop),0,0,
2026-08-10-d5e0,2026-08-10,AUS,incident,7,eng,1,Human or fundamental rights;Psychological,,0,0,
2026-08-10-8728,2026-08-10,AUS,incident,3,eng,1,Public interest;Psychological,High-action autonomy (human-out-of-the-loop),0,0,
2026-08-10-807f,2026-08-10,USA,incident,48,eng;zho,2,Economic/Property,High-action autonomy (human-out-of-the-loop),0,1,
2026-08-10-06a4,2026-08-10,USA,hazard,6,eng,1,Human or fundamental rights;Psychological,Medium-action autonomy (human-on-the-loop),0,0,
2026-08-10-9453,2026-08-10,SRB,incident,6,srp,1,Psychological;Economic/Property,Low-action autonomy (human-in-the-loop),0,0,
2026-08-10-61a7,2026-08-10,TWN,incident,48,ind;ron;zho,3,Public interest;Human or fundamental rights,High-action autonomy (human-out-of-the-loop),0,1,1646
2026-08-10-9bbf,2026-08-10,USA,hazard,34,eng;fra,2,Environmental,,0,0,
2026-08-10-55be,2026-08-10,USA,hazard,22,eng;spa,2,Economic/Property;Reputational,High-action autonomy (human-out-of-the-loop),0,1,
2026-08-11-c7fc,2026-08-11,USA,incident,10,eng,1,Human or fundamental rights,Medium-action autonomy (human-on-the-loop),0,0,
2026-08-11-a6eb,2026-08-11,FRA,incident,89,eng;fra;kor;pol;tur;vie;zho,7,Economic/Property,High-action autonomy (human-out-of-the-loop),0,0,
2026-08-11-b742,2026-08-11,NGA,incident,11,eng,1,Economic/Property,No-action autonomy (human support),0,0,
2026-08-11-fe24,2026-08-11,USA,incident,21,eng,1,Psychological,High-action autonomy (human-out-of-the-loop),0,0,
2026-08-11-c891,2026-08-11,ESP,incident,11,spa,1,Human or fundamental rights;Economic/Property;Reputational,High-action autonomy (human-out-of-the-loop),0,0,
2026-08-11-eafa,2026-08-11,IND,incident,13,eng,1,Reputational;Human or fundamental rights,,0,0,
2026-08-11-e3b8,2026-08-11,ISR,hazard,11,eng,1,Physical (death);Physical (injury);Human or fundamental rights,High-action autonomy (human-out-of-the-loop),0,0,
2026-08-11-1da6,2026-08-11,ROU,hazard,7,ukr,1,,High-action autonomy (human-out-of-the-loop),0,0,
2026-08-11-1d92,2026-08-11,USA,incident,18,eng;por,2,Human or fundamental rights,No-action autonomy (human support),0,0,
2026-08-11-4ad0,2026-08-11,BRA,incident,4,por,1,Psychological,High-action autonomy (human-out-of-the-loop),0,0,
2026-08-11-b141,2026-08-11,USA,incident,20,eng,1,Human or fundamental rights,Low-action autonomy (human-in-the-loop),0,0,
2026-08-11-fec9,2026-08-11,NOR,hazard,3,eng,1,Economic/Property,,0,0,
2026-08-11-9ec3,2026-08-11,DEU,incident,17,eng;zho,2,Human or fundamental rights;Reputational,No-action autonomy (human support),0,0,
2026-08-11-a1af,2026-08-11,BRA,incident,18,por,1,Public interest;Reputational,,0,0,
2026-08-11-8e67,2026-08-11,USA,incident,16,eng,1,Economic/Property;Human or fundamental rights;Reputational,,0,0,
2026-08-11-6a29,2026-08-11,USA,hazard,7,eng,1,Human or fundamental rights;Public interest,,0,0,
2026-08-11-e4ae,2026-08-11,NGA,incident,4,eng,1,Reputational;Psychological,Low-action autonomy (human-in-the-loop),0,0,
2026-08-11-e9cb,2026-08-11,IDN,incident,14,eng;ind,2,Economic/Property;Reputational,,0,0,
2026-08-11-9cbb,2026-08-11,USA,incident,10,eng;spa,2,Physical (injury),Low-action autonomy (human-in-the-loop),0,0,
2026-08-11-6560,2026-08-11,USA,hazard,5,eng,1,Human or fundamental rights;Reputational,No-action autonomy (human support),0,0,
2026-08-12-a8fd,2026-08-12,DEU,hazard,34,deu;spa;srp,3,Economic/Property,,0,0,
2026-08-12-675d,2026-08-12,RUS,hazard,50,eng;ukr;zho,3,Physical (death);Physical (injury),High-action autonomy (human-out-of-the-loop),0,0,
2026-08-12-86c7,2026-08-12,USA,incident,3188,cat;dan;deu;ell;eng;fra;ita;kor;nld;por;ron;slk;spa;sqi;tur;ukr;vie;zho,18,Psychological;Human or fundamental rights,High-action autonomy (human-out-of-the-loop),0,0,
2026-08-12-382c,2026-08-12,TWN,incident,116,deu;ell;eng;fra;por;zho,6,Human or fundamental rights;Public interest,High-action autonomy (human-out-of-the-loop),0,1,1646
2026-08-12-3b6d,2026-08-12,KOR,hazard,9,kor,1,Reputational;Public interest,,0,0,
2026-08-12-5c89,2026-08-12,USA,hazard,17,eng;fas,2,Human or fundamental rights,,0,0,
2026-08-12-24c6,2026-08-12,USA,incident,34,deu;eng,2,Psychological,High-action autonomy (human-out-of-the-loop),0,0,
2026-08-12-171d,2026-08-12,POL,hazard,3,pol,1,Public interest,,0,0,
2026-08-12-d870,2026-08-12,TWN,incident,12,zho,1,Reputational;Psychological,Low-action autonomy (human-in-the-loop),0,0,
2026-08-12-9e1d,2026-08-12,RWA,hazard,9,eng,1,Public interest,High-action autonomy (human-out-of-the-loop),0,0,
2026-08-12-aa22,2026-08-12,BRA,incident,9,por,1,Reputational;Public interest,,0,0,
2026-08-12-6dc5,2026-08-12,PSE,incident,6,eng,1,Human or fundamental rights,High-action autonomy (human-out-of-the-loop),0,0,
2026-08-12-c9c7,2026-08-12,BRA,incident,9,por,1,Economic/Property;Psychological,High-action autonomy (human-out-of-the-loop),0,0,
2026-08-12-3103,2026-08-12,USA,incident,10,eng,1,Human or fundamental rights;Psychological,Medium-action autonomy (human-on-the-loop),0,0,
2026-08-12-b683,2026-08-12,USA,incident,6,eng,1,Physical (injury),Low-action autonomy (human-in-the-loop),0,0,
2026-08-12-3b75,2026-08-12,USA,incident,198,deu;eng;fra;ita;por;spa;ukr;zho,8,Human or fundamental rights,,0,0,
2026-08-12-da71,2026-08-12,IND,incident,5,eng,1,Human or fundamental rights;Public interest,High-action autonomy (human-out-of-the-loop),0,0,
2026-08-12-b769,2026-08-12,IDN,incident,7,ind,1,Economic/Property;Psychological,No-action autonomy (human support),0,0,
2026-08-12-0d6a,2026-08-12,JPN,incident,5,jpn,1,Psychological;Reputational,Low-action autonomy (human-in-the-loop),0,0,
2026-08-12-29c4,2026-08-12,CHN,hazard,10,eng;zho,2,Economic/Property,,0,0,
2026-08-12-1a08,2026-08-12,CAN,hazard,9,eng,1,,High-action autonomy (human-out-of-the-loop),0,0,
2026-08-12-2ca6,2026-08-12,TUR,incident,4,tur,1,Human or fundamental rights;Economic/Property;Psychological,,0,1,
2026-08-13-49e4,2026-08-13,USA,incident,8,zho,1,Human or fundamental rights,,0,0,
2026-08-13-a133,2026-08-13,USA,incident,99,ara;ell;eng;jpn;por;spa;ukr,7,Physical (death),Low-action autonomy (human-in-the-loop),0,0,
2026-08-13-cc4d,2026-08-13,PAK,incident,21,eng;urd,2,Psychological,,0,0,
2026-08-13-d8a7,2026-08-13,GRC,incident,29,ell,1,Economic/Property,Low-action autonomy (human-in-the-loop),0,0,
2026-08-13-5e2b,2026-08-13,TWN,incident,11,zho,1,Economic/Property;Reputational;Public interest,No-action autonomy (human support),0,0,
2026-08-13-3c91,2026-08-13,IND,incident,10,eng,1,Psychological,No-action autonomy (human support),0,0,
2026-08-13-a7c3,2026-08-13,USA,incident,8,eng;kor,2,Economic/Property;Human or fundamental rights,No-action autonomy (human support),0,0,
2026-08-13-e481,2026-08-13,USA,hazard,11,eng,1,,,0,0,
2026-08-13-9fdb,2026-08-13,JPN,hazard,6,eng,1,,High-action autonomy (human-out-of-the-loop),0,0,
2026-08-13-de55,2026-08-13,KOR,incident,19,kor;zho,2,Psychological;Reputational;Human or fundamental rights,No-action autonomy (human support),0,0,
2026-08-13-73c6,2026-08-13,USA,incident,3,zho,1,Reputational,High-action autonomy (human-out-of-the-loop),0,0,
2026-08-13-6d9c,2026-08-13,ESP,incident,3,spa,1,Economic/Property;Human or fundamental rights,Low-action autonomy (human-in-the-loop),0,0,
2026-08-13-c3b5,2026-08-13,DEU,incident,4,deu,1,Reputational;Public interest,No-action autonomy (human support),0,0,
2026-08-13-4c94,2026-08-13,CHN,incident,10,zho,1,Reputational,,0,0,
2026-08-13-f7c3,2026-08-13,IDN,incident,7,ind,1,Economic/Property;Reputational,High-action autonomy (human-out-of-the-loop),0,0,
2026-08-13-0ad0,2026-08-13,IND,incident,5,eng,1,Reputational,,0,0,
2026-08-13-af01,2026-08-13,CHN,hazard,4,spa,1,Physical (death);Public interest,,0,0,
2026-08-13-033a,2026-08-13,ESP,incident,6,eng;spa,2,Economic/Property;Human or fundamental rights,No-action autonomy (human support),0,0,
2026-08-13-c885,2026-08-13,FRA,incident,3,fra,1,Economic/Property;Psychological,Low-action autonomy (human-in-the-loop),0,0,
2026-08-13-e46b,2026-08-13,USA,incident,5,eng,1,Reputational;Economic/Property,High-action autonomy (human-out-of-the-loop),0,1,
2026-08-13-448a,2026-08-13,CAN,incident,4,eng,1,Human or fundamental rights,High-action autonomy (human-out-of-the-loop),0,0,
2026-08-13-0b5d,2026-08-13,,incident,4,zho,1,Human or fundamental rights;Economic/Property,No-action autonomy (human support),0,0,
2026-08-13-e9d2,2026-08-13,TUR,hazard,3,eng,1,Physical (death);Human or fundamental rights;Public interest,High-action autonomy (human-out-of-the-loop),0,0,
2026-08-13-47bd,2026-08-13,JPN,hazard,24,jpn;zho,2,Physical (death);Physical (injury),High-action autonomy (human-out-of-the-loop),0,0,
2026-08-13-5a75,2026-08-13,USA,incident,443,eng;spa,2,Human or fundamental rights;Psychological,Medium-action autonomy (human-on-the-loop),0,0,1689;1690
2026-08-14-eb2b,2026-08-14,IRN,hazard,17,fas,1,Physical (injury),,0,0,
2026-08-14-d2a6,2026-08-14,USA,hazard,3,eng,1,Reputational,,0,0,
2026-08-14-1d36,2026-08-14,ITA,incident,18,ita,1,Reputational;Public interest,,0,0,
2026-08-14-45a1,2026-08-14,USA,hazard,13,eng,1,,No-action autonomy (human support),0,0,
2026-08-14-f29a,2026-08-14,BRA,incident,6,por,1,,Medium-action autonomy (human-on-the-loop),0,0,
2026-08-14-196f,2026-08-14,USA,incident,9,eng,1,Human or fundamental rights,,0,0,
2026-08-14-b90e,2026-08-14,USA,incident,50,eng;tur;ukr;zho,4,Economic/Property,High-action autonomy (human-out-of-the-loop),0,0,
2026-08-14-d9a5,2026-08-14,,hazard,5,ron,1,,Low-action autonomy (human-in-the-loop),0,0,
2026-08-14-92cc,2026-08-14,USA,hazard,16,fra;spa,2,Human or fundamental rights,High-action autonomy (human-out-of-the-loop),0,0,
2026-08-14-f914,2026-08-14,USA,incident,16,zho,1,Physical (death);Economic/Property,High-action autonomy (human-out-of-the-loop),0,0,
2026-08-14-c096,2026-08-14,GBR,hazard,5,eng,1,Human or fundamental rights,Low-action autonomy (human-in-the-loop),0,0,
2026-08-14-b44e,2026-08-14,ISR,hazard,4,zho,1,Economic/Property,High-action autonomy (human-out-of-the-loop),0,0,
2026-08-14-d621,2026-08-14,CHN,incident,18,zho,1,Psychological,,0,0,
2026-08-15-e1b7,2026-08-15,TWN,hazard,5,zho,1,Economic/Property;Public interest,High-action autonomy (human-out-of-the-loop),0,0,
2026-08-15-e71a,2026-08-15,USA,incident,55,deu;eng;kor;zho,4,,High-action autonomy (human-out-of-the-loop),0,0,
2026-08-15-4c2f,2026-08-15,USA,incident,25,eng,1,Psychological;Human or fundamental rights,No-action autonomy (human support),0,0,1643
2026-08-15-65b7,2026-08-15,BRA,incident,5,por,1,Physical (death),Medium-action autonomy (human-on-the-loop),0,0,
2026-08-15-aab6,2026-08-15,NGA,incident,4,eng,1,Public interest,,0,0,
2026-08-15-561f,2026-08-15,IND,hazard,12,eng,1,Human or fundamental rights,,0,0,
2026-08-15-8af5,2026-08-15,USA,hazard,10,eng,1,Human or fundamental rights,Medium-action autonomy (human-on-the-loop),0,0,
2026-08-15-741f,2026-08-15,DEU,incident,8,deu,1,Psychological;Reputational;Human or fundamental rights,No-action autonomy (human support),0,0,
2026-08-16-de82,2026-08-16,,incident,28,eng;fra;spa;zho,4,Physical (injury);Environmental;Public interest,No-action autonomy (human support),0,0,
2026-08-16-d5ec,2026-08-16,TWN,incident,33,eng;zho,2,Public interest,,0,0,
2026-08-16-dfb7,2026-08-16,USA,incident,395,eng,1,Human or fundamental rights;Public interest;Psychological,Medium-action autonomy (human-on-the-loop),0,0,
2026-08-16-629c,2026-08-16,CHN,incident,8,zho,1,Economic/Property,Low-action autonomy (human-in-the-loop),0,0,
2026-08-16-1261,2026-08-16,CHN,incident,6,zho,1,Reputational;Public interest,Low-action autonomy (human-in-the-loop),0,0,
2026-08-16-fc45,2026-08-16,CHN,incident,21,zho,1,Economic/Property;Psychological;Public interest,No-action autonomy (human support),0,0,
2026-08-16-fd53,2026-08-16,,incident,7,eng,1,Human or fundamental rights;Economic/Property;Psychological,No-action autonomy (human support),0,0,
2026-08-16-e454,2026-08-16,USA,incident,13,eng;fas,2,Human or fundamental rights;Psychological,High-action autonomy (human-out-of-the-loop),0,0,1619;1643
2026-08-16-4f1d,2026-08-16,USA,hazard,13,eng,1,Physical (injury);Human or fundamental rights;Public interest,High-action autonomy (human-out-of-the-loop),0,0,
2026-08-16-04e5,2026-08-16,USA,incident,8,eng,1,Human or fundamental rights;Psychological;Public interest,Low-action autonomy (human-in-the-loop),0,0,
2026-08-16-71e3,2026-08-16,ARG,incident,3,spa,1,Psychological,No-action autonomy (human support),0,0,
2026-08-16-2607,2026-08-16,USA,hazard,22,eng;ita,2,Reputational;Economic/Property,High-action autonomy (human-out-of-the-loop),0,1,
2026-08-16-9fc4,2026-08-16,DEU,incident,6,eng,1,Human or fundamental rights,High-action autonomy (human-out-of-the-loop),0,0,
2026-08-16-fc43,2026-08-16,AUS,hazard,18,eng;zho,2,Human or fundamental rights;Psychological,Medium-action autonomy (human-on-the-loop),0,0,
2026-08-16-a9f9,2026-08-16,RUS,incident,10,ukr,1,Public interest,Low-action autonomy (human-in-the-loop),0,0,
2026-08-16-0582,2026-08-16,CHN,hazard,8,por;zho,2,Human or fundamental rights;Psychological;Public interest,,0,0,
2026-08-17-d5eb,2026-08-17,USA,hazard,66,deu;eng;ind;spa;ukr,5,Human or fundamental rights;Public interest;Economic/Property,,0,0,
2026-08-17-3e7b,2026-08-17,CHN,incident,9,zho,1,Physical (injury),No-action autonomy (human support),0,0,
2026-08-17-87cc,2026-08-17,USA,incident,335,bul;ell;eng;fas;hun;mkd;por;ron;srp;zho,10,Psychological;Human or fundamental rights,High-action autonomy (human-out-of-the-loop),0,0,
2026-08-17-8fdd,2026-08-17,USA,incident,33,eng;spa,2,Economic/Property,,0,0,1655;1657
2026-08-17-7800,2026-08-17,GBR,incident,30,eng,1,Human or fundamental rights;Reputational;Psychological,Low-action autonomy (human-in-the-loop),0,0,
2026-08-17-223a,2026-08-17,MEX,incident,16,spa,1,Psychological,High-action autonomy (human-out-of-the-loop),0,0,
2026-08-17-1379,2026-08-17,NGA,hazard,14,eng,1,Physical (injury);Physical (death),High-action autonomy (human-out-of-the-loop),0,0,
2026-08-17-ca61,2026-08-17,JPN,incident,7,jpn,1,Economic/Property;Reputational,Low-action autonomy (human-in-the-loop),0,0,
2026-08-17-a8dd,2026-08-17,USA,incident,26,eng;kor;zho,3,Environmental,,0,0,
2026-08-17-3f1f,2026-08-17,USA,hazard,6,eng,1,Physical (death);Public interest,,0,0,
2026-08-17-e02c,2026-08-17,TWN,incident,5,zho,1,Reputational,No-action autonomy (human support),0,0,
2026-08-17-f692,2026-08-17,JPN,hazard,22,jpn;zho,2,Physical (injury);Physical (death),Low-action autonomy (human-in-the-loop),0,0,
2026-08-17-5f53,2026-08-17,USA,incident,8,eng,1,Human or fundamental rights;Economic/Property,High-action autonomy (human-out-of-the-loop),0,1,
2026-08-17-dc7c,2026-08-17,USA,incident,28,eng;ukr;zho,3,Economic/Property;Public interest,High-action autonomy (human-out-of-the-loop),0,0,1641
2026-08-17-0e43,2026-08-17,USA,hazard,10,eng,1,Physical (injury);Economic/Property,Low-action autonomy (human-in-the-loop),0,0,
2026-08-17-7778,2026-08-17,USA,hazard,6,eng,1,Physical (death),High-action autonomy (human-out-of-the-loop),0,0,
2026-08-17-7276,2026-08-17,TWN,incident,9,zho,1,Economic/Property,No-action autonomy (human support),0,0,
2026-08-17-f2ec,2026-08-17,BEL,incident,7,fra,1,Economic/Property;Psychological;Reputational,No-action autonomy (human support),0,0,
2026-08-17-705b,2026-08-17,USA,incident,7,eng,1,Economic/Property,Low-action autonomy (human-in-the-loop),0,0,
2026-08-17-cb27,2026-08-17,USA,incident,82,deu;eng;fra;ind;ita;spa,6,Public interest,,0,0,
2026-08-17-d388,2026-08-17,TWN,hazard,3,zho,1,Public interest,,0,0,
2026-08-17-1a84,2026-08-17,USA,incident,12,eng;spa,2,Human or fundamental rights;Psychological,No-action autonomy (human support),0,0,
2026-08-17-d495,2026-08-17,PAK,incident,6,urd,1,Psychological;Reputational,,0,0,
2026-08-17-41ad,2026-08-17,USA,incident,19,spa;zho,2,Economic/Property;Reputational;Human or fundamental rights,High-action autonomy (human-out-of-the-loop),0,0,
2026-08-17-4e1c,2026-08-17,GBR,incident,5,eng,1,Human or fundamental rights,Low-action autonomy (human-in-the-loop),0,0,
2026-08-17-9d8e,2026-08-17,USA,incident,112,eng,1,Human or fundamental rights;Psychological,No-action autonomy (human support),0,0,
2026-08-17-03a7,2026-08-17,ISR,hazard,4,eng,1,Physical (death);Human or fundamental rights;Public interest,High-action autonomy (human-out-of-the-loop),0,0,
2026-08-17-d65a,2026-08-17,,hazard,22,ara;ell;por;spa,4,Economic/Property,,0,0,
2026-08-18-a5e5,2026-08-18,USA,hazard,215,deu;fra;kor;spa;vie;zho,6,Physical (injury),High-action autonomy (human-out-of-the-loop),0,0,
2026-08-18-6b49,2026-08-18,JPN,incident,24,zho,1,Human or fundamental rights;Reputational,,0,0,
2026-08-18-1def,2026-08-18,KOR,incident,42,eng;kor,2,Economic/Property,,0,0,
2026-08-18-6bcc,2026-08-18,BRA,hazard,13,por,1,Public interest;Human or fundamental rights,,0,0,
2026-08-18-da47,2026-08-18,USA,incident,20,eng,1,Human or fundamental rights,Low-action autonomy (human-in-the-loop),0,0,
2026-08-18-427f,2026-08-18,USA,hazard,18,fra;spa,2,Human or fundamental rights,High-action autonomy (human-out-of-the-loop),0,0,
2026-08-18-e13e,2026-08-18,JPN,hazard,9,jpn,1,Physical (death);Human or fundamental rights,High-action autonomy (human-out-of-the-loop),0,0,
2026-08-18-ddd8,2026-08-18,BRA,incident,7,por,1,Public interest,High-action autonomy (human-out-of-the-loop),0,0,
2026-08-18-1534,2026-08-18,KOR,hazard,5,kor,1,Economic/Property;Public interest;Physical (injury),,0,0,
2026-08-18-2b11,2026-08-18,USA,incident,6,eng,1,Economic/Property;Psychological,Low-action autonomy (human-in-the-loop),0,0,
2026-08-18-d5d3,2026-08-18,EGY,hazard,5,ara,1,Reputational;Public interest,Low-action autonomy (human-in-the-loop),0,0,
2026-08-18-48b6,2026-08-18,ARG,hazard,4,spa,1,Economic/Property,,0,0,
2026-08-18-e093,2026-08-18,IRL,incident,46,eng,1,Physical (death);Physical (injury),High-action autonomy (human-out-of-the-loop),0,0,
2026-08-18-2720,2026-08-18,USA,incident,16,eng,1,Human or fundamental rights;Psychological;Reputational,High-action autonomy (human-out-of-the-loop),0,0,
2026-08-18-22b4,2026-08-18,DEU,incident,10,deu,1,Psychological;Human or fundamental rights,No-action autonomy (human support),0,0,
2026-08-18-610b,2026-08-18,CHE,incident,12,deu,1,Reputational,Low-action autonomy (human-in-the-loop),0,0,
2026-08-18-07f8,2026-08-18,BRA,incident,9,por,1,Human or fundamental rights;Psychological;Reputational,,0,0,
2026-08-18-7866,2026-08-18,ROU,incident,6,ron,1,Economic/Property;Human or fundamental rights,High-action autonomy (human-out-of-the-loop),0,0,
2026-08-18-e7ea,2026-08-18,USA,incident,8,lit,1,Psychological,High-action autonomy (human-out-of-the-loop),0,0,
2026-08-18-0b6d,2026-08-18,USA,incident,5,eng,1,Public interest;Reputational;Human or fundamental rights,Low-action autonomy (human-in-the-loop),0,0,1658
2026-08-18-dedc,2026-08-18,ESP,incident,5,ell,1,Economic/Property,No-action autonomy (human support),0,0,
2026-08-18-9919,2026-08-18,PAK,incident,5,eng,1,Reputational,No-action autonomy (human support),0,0,
2026-08-18-b5a9,2026-08-18,USA,incident,3,eng,1,,High-action autonomy (human-out-of-the-loop),0,0,
2026-08-18-deb8,2026-08-18,CHN,incident,27,eng;por,2,Economic/Property;Reputational,,0,0,
2026-08-18-51b7,2026-08-18,GBR,hazard,26,eng;spa,2,Human or fundamental rights;Economic/Property;Psychological,No-action autonomy (human support),0,0,
2026-08-18-6ad7,2026-08-18,CHE,hazard,7,eng,1,Economic/Property,High-action autonomy (human-out-of-the-loop),0,1,
2026-08-18-5638,2026-08-18,ARG,hazard,18,spa,1,Physical (injury);Physical (death),High-action autonomy (human-out-of-the-loop),0,0,
2026-08-18-dd5a,2026-08-18,USA,incident,3,eng,1,Economic/Property;Reputational,High-action autonomy (human-out-of-the-loop),0,1,
2026-08-18-fcee,2026-08-18,FRA,incident,3,eng,1,Reputational;Public interest,Low-action autonomy (human-in-the-loop),0,0,
2026-08-19-c6b2,2026-08-19,ARG,incident,32,fra;por;spa,3,Human or fundamental rights;Psychological;Public interest,,0,0,
2026-08-19-9a3b,2026-08-19,USA,incident,29,eng,1,Public interest;Economic/Property;Physical (injury),Low-action autonomy (human-in-the-loop),0,0,
2026-08-19-3225,2026-08-19,USA,incident,16,eng,1,Human or fundamental rights;Economic/Property,,0,0,
2026-08-19-99ce,2026-08-19,USA,incident,376,ara;deu;ell;eng;fra;ind;jpn;kor;nld;por;ron;spa;ukr;vie;zho,15,Other,High-action autonomy (human-out-of-the-loop),0,1,
2026-08-19-265e,2026-08-19,DEU,incident,17,deu,1,Economic/Property,High-action autonomy (human-out-of-the-loop),0,0,
2026-08-19-d5ad,2026-08-19,POL,incident,5,pol,1,Economic/Property;Human or fundamental rights;Reputational,,0,0,
2026-08-19-dfe4,2026-08-19,CHN,hazard,8,zho,1,Physical (injury);Physical (death);Public interest,High-action autonomy (human-out-of-the-loop),0,0,
2026-08-19-e26a,2026-08-19,DEU,hazard,3,deu,1,,High-action autonomy (human-out-of-the-loop),0,0,
2026-08-19-5447,2026-08-19,BRA,incident,33,por,1,Reputational,Low-action autonomy (human-in-the-loop),0,0,
2026-08-19-0d18,2026-08-19,GBR,hazard,18,eng,1,Human or fundamental rights,,0,0,
2026-08-19-53de,2026-08-19,USA,incident,10,eng,1,Human or fundamental rights;Psychological;Reputational,Low-action autonomy (human-in-the-loop),0,0,
2026-08-19-472a,2026-08-19,USA,incident,9,eng,1,Human or fundamental rights,Low-action autonomy (human-in-the-loop),0,0,
2026-08-19-41d9,2026-08-19,DEU,incident,7,eng,1,Economic/Property,Low-action autonomy (human-in-the-loop),0,0,
2026-08-19-3481,2026-08-19,DNK,incident,6,dan,1,Reputational,No-action autonomy (human support),0,0,
2026-08-19-3449,2026-08-19,USA,incident,5,eng,1,Economic/Property;Human or fundamental rights,,0,0,1660
2026-08-19-d6b7,2026-08-19,USA,hazard,4,fra,1,Reputational;Human or fundamental rights,High-action autonomy (human-out-of-the-loop),0,0,
2026-08-19-6897,2026-08-19,USA,incident,24,ell;eng;ron,3,Economic/Property,,0,0,
2026-08-19-30e4,2026-08-19,GBR,incident,6,eng,1,Economic/Property;Reputational;Public interest,High-action autonomy (human-out-of-the-loop),0,0,
2026-08-19-1697,2026-08-19,JPN,incident,6,zho,1,Economic/Property,High-action autonomy (human-out-of-the-loop),0,0,
2026-08-19-8aca,2026-08-19,MEX,incident,5,spa,1,Economic/Property,Low-action autonomy (human-in-the-loop),0,0,
2026-08-19-cff1,2026-08-19,USA,hazard,404,deu;eng;fas;fra;hrv;ita;por;spa;tur;ukr,10,Physical (injury);Physical (death),High-action autonomy (human-out-of-the-loop),0,0,
2026-08-19-ee7d,2026-08-19,USA,incident,15,eng,1,Economic/Property;Public interest,,0,0,
2026-08-20-f645,2026-08-20,SGP,hazard,14,eng,1,Economic/Property,High-action autonomy (human-out-of-the-loop),0,1,
2026-08-20-1549,2026-08-20,USA,incident,13,eng,1,Human or fundamental rights,High-action autonomy (human-out-of-the-loop),0,0,
2026-08-20-30c0,2026-08-20,CHE,hazard,7,spa,1,Other,High-action autonomy (human-out-of-the-loop),0,1,
2026-08-20-790f,2026-08-20,USA,incident,95,ell;eng;por;spa,4,Economic/Property,High-action autonomy (human-out-of-the-loop),0,0,
2026-08-20-e9a4,2026-08-20,BRA,incident,40,por,1,Reputational;Public interest,Low-action autonomy (human-in-the-loop),0,0,
2026-08-20-734f,2026-08-20,KOR,incident,10,kor,1,Reputational,Low-action autonomy (human-in-the-loop),0,0,
2026-08-20-c71f,2026-08-20,USA,incident,16,eng,1,Economic/Property;Reputational,High-action autonomy (human-out-of-the-loop),0,1,
2026-08-20-3a27,2026-08-20,USA,incident,21,eng,1,Economic/Property,,0,0,
2026-08-20-c9e4,2026-08-20,ESP,hazard,7,spa,1,Human or fundamental rights;Psychological,,0,0,
2026-08-20-b018,2026-08-20,FRA,incident,47,eng;hun;por;spa,4,Human or fundamental rights,,0,0,
2026-08-20-1b1d,2026-08-20,UKR,hazard,34,eng;hrv;kor;ron;ukr,5,Physical (death);Public interest;Economic/Property,High-action autonomy (human-out-of-the-loop),0,0,
2026-08-20-584a,2026-08-20,TUR,hazard,6,tur,1,,High-action autonomy (human-out-of-the-loop),0,0,
2026-08-20-b173,2026-08-20,USA,incident,4,eng,1,Human or fundamental rights;Psychological;Economic/Property,,0,0,
2026-08-20-feb6,2026-08-20,USA,incident,34,deu;eng;ita,3,Economic/Property;Psychological,No-action autonomy (human support),0,0,
2026-08-20-2529,2026-08-20,USA,incident,8,eng,1,Psychological,High-action autonomy (human-out-of-the-loop),0,0,
2026-08-20-3bae,2026-08-20,USA,incident,6,eng,1,Human or fundamental rights,,0,0,
2026-08-20-f915,2026-08-20,BRA,incident,11,por,1,Physical (injury);Economic/Property,,0,0,
2026-08-20-f78e,2026-08-20,JPN,hazard,5,jpn,1,Public interest,,0,0,
2026-08-20-20ce,2026-08-20,IRL,incident,25,eng,1,Psychological;Public interest,No-action autonomy (human support),0,0,
2026-08-20-9ed8,2026-08-20,IDN,incident,6,ind,1,Psychological;Reputational;Human or fundamental rights,Low-action autonomy (human-in-the-loop),0,0,
2026-08-20-aa71,2026-08-20,USA,hazard,5,eng,1,Physical (injury);Public interest;Human or fundamental rights,,0,0,
2026-08-21-52f9,2026-08-21,USA,hazard,26,eng,1,,High-action autonomy (human-out-of-the-loop),0,0,
2026-08-21-664b,2026-08-21,NLD,incident,221,eng;fra;hin;hun;ita;nld;pol;por;ron;spa;zho,11,Economic/Property;Reputational;Human or fundamental rights,High-action autonomy (human-out-of-the-loop),0,0,
2026-08-21-bc0f,2026-08-21,USA,incident,19,fra;hrv;ron,3,Human or fundamental rights;Psychological,High-action autonomy (human-out-of-the-loop),0,0,
2026-08-21-6090,2026-08-21,HUN,incident,9,hun,1,Economic/Property;Reputational;Public interest,,0,0,
2026-08-21-7f5c,2026-08-21,USA,incident,34,eng;por;spa,3,Economic/Property,High-action autonomy (human-out-of-the-loop),0,0,1666
2026-08-21-9513,2026-08-21,ITA,incident,6,ita,1,Public interest,High-action autonomy (human-out-of-the-loop),0,0,
2026-08-21-da55,2026-08-21,ARG,incident,26,spa,1,Reputational;Psychological,,0,0,
2026-08-21-bba0,2026-08-21,CAN,incident,6,eng,1,Psychological;Public interest,No-action autonomy (human support),0,0,
2026-08-21-18c0,2026-08-21,BRA,incident,8,por,1,Human or fundamental rights;Psychological,,0,0,
2026-08-21-f56e,2026-08-21,CHN,incident,5,zho,1,Physical (injury),Medium-action autonomy (human-on-the-loop),0,0,
2026-08-21-6025,2026-08-21,USA,incident,4,eng,1,Psychological;Human or fundamental rights,Low-action autonomy (human-in-the-loop),0,0,1619
2026-08-21-f588,2026-08-21,USA,incident,65,deu;eng;fra;spa;tur,5,Economic/Property,,0,0,
2026-08-21-a3d1,2026-08-21,VNM,incident,5,vie,1,Economic/Property;Human or fundamental rights,No-action autonomy (human support),0,0,
2026-08-21-ffa7,2026-08-21,USA,hazard,36,eng;ron,2,Public interest;Human or fundamental rights,High-action autonomy (human-out-of-the-loop),0,0,
2026-08-21-ddf9,2026-08-21,USA,hazard,9,ara;eng,2,Physical (death);Public interest;Human or fundamental rights,,0,0,
2026-08-21-f6ea,2026-08-21,BRA,hazard,5,por,1,Economic/Property,,0,0,
2026-08-21-9d60,2026-08-21,IND,incident,8,eng;spa,2,Economic/Property,Low-action autonomy (human-in-the-loop),0,0,
2026-08-22-46fa,2026-08-22,CAN,incident,3,eng,1,Economic/Property;Human or fundamental rights;Psychological,,0,0,
2026-08-22-cab4,2026-08-22,CHN,incident,8,deu;eng;kor,3,Physical (injury),High-action autonomy (human-out-of-the-loop),0,0,
2026-08-22-8697,2026-08-22,GBR,hazard,6,eng,1,Public interest;Psychological,,0,0,
2026-08-22-3d23,2026-08-22,USA,incident,49,ell;eng;spa,3,Economic/Property;Public interest,No-action autonomy (human support),0,0,
2026-08-22-1bcf,2026-08-22,USA,hazard,16,eng,1,Human or fundamental rights,,0,0,
2026-08-23-4f28,2026-08-23,DEU,hazard,6,deu,1,Human or fundamental rights;Public interest,High-action autonomy (human-out-of-the-loop),0,0,
2026-08-23-87ed,2026-08-23,HUN,incident,6,hun,1,Economic/Property;Human or fundamental rights,,0,0,
2026-08-23-f681,2026-08-23,ROU,hazard,6,ron,1,Physical (injury);Public interest,Medium-action autonomy (human-on-the-loop),0,0,
2026-08-23-c6a6,2026-08-23,USA,incident,79,ara;ell;fra;por;spa;tur;vie,7,Human or fundamental rights;Economic/Property;Reputational,High-action autonomy (human-out-of-the-loop),0,0,
2026-08-23-dc0b,2026-08-23,USA,hazard,5,eng,1,Environmental,,0,0,
2026-08-23-d7c3,2026-08-23,AUS,incident,6,eng,1,Economic/Property,,0,0,1665
2026-08-23-0667,2026-08-23,BRA,hazard,4,por,1,Human or fundamental rights,,0,0,
2026-08-23-6779,2026-08-23,USA,incident,22,eng;spa,2,Human or fundamental rights,Low-action autonomy (human-in-the-loop),0,0,
2026-08-23-127f,2026-08-23,USA,hazard,7,eng,1,,High-action autonomy (human-out-of-the-loop),0,0,
2026-08-23-18bc,2026-08-23,ISR,incident,32,ara;eng;spa;tur,4,Public interest,No-action autonomy (human support),0,0,1659
2026-08-24-5364,2026-08-24,CHN,incident,24,eng;spa,2,Economic/Property;Psychological,,0,0,
2026-08-24-4a83,2026-08-24,GBR,incident,32,eng;por,2,Physical (death),High-action autonomy (human-out-of-the-loop),0,0,
2026-08-24-1d03,2026-08-24,UKR,incident,125,bul;eng;fra;ita;kor;pol;por;ron;spa;ukr;zho,11,Physical (death),High-action autonomy (human-out-of-the-loop),0,0,
2026-08-24-453a,2026-08-24,UKR,hazard,13,ukr,1,Human or fundamental rights;Public interest,,0,0,
2026-08-24-ef75,2026-08-24,COL,incident,29,ell;fra;por,3,Human or fundamental rights;Physical (injury),High-action autonomy (human-out-of-the-loop),0,0,
2026-08-24-2bf3,2026-08-24,CHN,incident,35,eng;spa;zho,3,Economic/Property;Reputational;Public interest,Low-action autonomy (human-in-the-loop),0,0,
2026-08-24-bbde,2026-08-24,CHN,hazard,7,zho,1,Public interest,High-action autonomy (human-out-of-the-loop),0,0,
2026-08-24-d1d5,2026-08-24,GBR,incident,11,eng,1,Psychological;Reputational,Low-action autonomy (human-in-the-loop),0,0,
2026-08-24-07b6,2026-08-24,KOR,incident,6,kor,1,Human or fundamental rights;Psychological;Reputational,Low-action autonomy (human-in-the-loop),0,0,
2026-08-24-3dd6,2026-08-24,USA,incident,10,deu;ron,2,Physical (death);Psychological,No-action autonomy (human support),0,0,
2026-08-24-ddac,2026-08-24,GBR,hazard,8,eng,1,Human or fundamental rights;Psychological,Medium-action autonomy (human-on-the-loop),0,0,
2026-08-24-f54d,2026-08-24,IND,incident,8,eng,1,Reputational,,0,0,
2026-08-24-2323,2026-08-24,ARG,incident,10,spa,1,Economic/Property,,0,0,
2026-08-24-ee0b,2026-08-24,UKR,incident,10,eng,1,Physical (death);Physical (injury);Human or fundamental rights,High-action autonomy (human-out-of-the-loop),0,0,
2026-08-24-3703,2026-08-24,USA,hazard,15,eng;zho,2,Psychological,,0,0,
2026-08-24-b0ad,2026-08-24,BRA,incident,11,por,1,Public interest,High-action autonomy (human-out-of-the-loop),0,0,
2026-08-24-ca7f,2026-08-24,USA,hazard,25,eng,1,Environmental,,0,0,
2026-08-24-eacf,2026-08-24,USA,hazard,6,eng,1,Human or fundamental rights,High-action autonomy (human-out-of-the-loop),0,0,1674;1675
2026-08-24-ffdc,2026-08-24,USA,hazard,11,kor;por,2,Environmental;Public interest,,0,0,
2026-08-24-2ed2,2026-08-24,USA,incident,1260,ara;cat;ces;dan;deu;ell;eng;fin;fra;heb;hin;hrv;ita;jpn;kor;pol;por;ron;slk;slv;spa;srp;swe;tur;ukr;vie;zho,27,Psychological;Human or fundamental rights,High-action autonomy (human-out-of-the-loop),0,0,
2026-08-24-6f32,2026-08-24,USA,hazard,4,eng,1,Physical (death);Physical (injury),Medium-action autonomy (human-on-the-loop),0,0,
2026-08-24-79a9,2026-08-24,USA,incident,8,eng,1,Economic/Property,,0,0,
2026-08-24-585d,2026-08-24,USA,hazard,3,eng,1,Economic/Property,High-action autonomy (human-out-of-the-loop),0,0,
2026-08-24-7cf7,2026-08-24,TWN,incident,10,zho,1,Human or fundamental rights;Economic/Property,High-action autonomy (human-out-of-the-loop),0,1,
2026-08-25-961d,2026-08-25,BRA,incident,126,eng;por;zho,3,Human or fundamental rights,High-action autonomy (human-out-of-the-loop),0,0,
2026-08-25-3b56,2026-08-25,USA,incident,21,eng;spa,2,Human or fundamental rights;Public interest,High-action autonomy (human-out-of-the-loop),0,0,
2026-08-25-90d8,2026-08-25,CHN,incident,6,zho,1,Economic/Property,No-action autonomy (human support),0,0,
2026-08-25-583b,2026-08-25,USA,hazard,6,eng,1,Economic/Property,High-action autonomy (human-out-of-the-loop),0,1,
2026-08-25-7367,2026-08-25,USA,hazard,5,eng,1,Human or fundamental rights,High-action autonomy (human-out-of-the-loop),0,0,
2026-08-25-9f4f,2026-08-25,VNM,incident,6,vie,1,Economic/Property,No-action autonomy (human support),0,0,
2026-08-25-67a8,2026-08-25,UKR,incident,4,ukr,1,Reputational;Public interest,Low-action autonomy (human-in-the-loop),0,0,
2026-08-25-749b,2026-08-25,UKR,hazard,3,eng,1,Physical (death);Physical (injury),Medium-action autonomy (human-on-the-loop),0,0,
2026-08-25-f1f0,2026-08-25,USA,incident,4,eng,1,Economic/Property;Psychological,High-action autonomy (human-out-of-the-loop),0,0,
2026-08-25-b264,2026-08-25,USA,incident,8,eng,1,Human or fundamental rights;Psychological,High-action autonomy (human-out-of-the-loop),0,0,
2026-08-25-9dc6,2026-08-25,,hazard,135,ara;ell;eng;fra;jpn;por;spa;zho,8,Physical (death);Human or fundamental rights,High-action autonomy (human-out-of-the-loop),0,0,
2026-08-25-a130,2026-08-25,BRA,incident,10,por,1,Reputational,,0,0,
2026-08-25-4532,2026-08-25,USA,incident,3,slk,1,Human or fundamental rights,High-action autonomy (human-out-of-the-loop),0,0,
2026-08-25-8347,2026-08-25,DEU,hazard,74,deu;eng;ita;spa,4,Physical (injury);Physical (death),High-action autonomy (human-out-of-the-loop),0,0,
2026-08-25-4a90,2026-08-25,BRA,incident,26,eng;por;spa,3,Public interest,High-action autonomy (human-out-of-the-loop),0,0,
2026-08-25-48be,2026-08-25,RUS,incident,45,bul;eng;fra;ukr,4,Public interest,Low-action autonomy (human-in-the-loop),0,0,
2026-08-25-8b0e,2026-08-25,USA,incident,10,eng,1,Psychological,High-action autonomy (human-out-of-the-loop),0,0,
2026-08-25-c08d,2026-08-25,HKG,hazard,9,zho,1,Human or fundamental rights,High-action autonomy (human-out-of-the-loop),0,1,
2026-08-25-1107,2026-08-25,NOR,hazard,36,ara;eng;fra;ind;spa;zho,6,Human or fundamental rights,,0,0,
2026-08-25-3ef3,2026-08-25,BRA,incident,7,por,1,Psychological;Human or fundamental rights;Public interest,,0,0,
2026-08-25-bf15,2026-08-25,USA,hazard,14,eng,1,Human or fundamental rights,,0,0,
2026-08-25-f931,2026-08-25,IDN,hazard,15,ind,1,Human or fundamental rights;Public interest,Low-action autonomy (human-in-the-loop),0,0,
2026-08-25-38d8,2026-08-25,PHL,hazard,7,eng,1,,,0,0,
2026-08-25-12fc,2026-08-25,,hazard,10,eng;tur,2,Public interest,High-action autonomy (human-out-of-the-loop),0,0,
2026-08-25-e84f,2026-08-25,CHN,incident,5,por,1,Public interest,High-action autonomy (human-out-of-the-loop),0,0,
2026-08-25-fea1,2026-08-25,IND,hazard,3,eng,1,,,0,0,
2026-08-25-864e,2026-08-25,CAN,incident,7,kor;vie,2,Reputational;Economic/Property;Psychological,No-action autonomy (human support),0,0,
2026-08-25-dba1,2026-08-25,FRA,incident,14,fra,1,Reputational;Psychological;Human or fundamental rights,High-action autonomy (human-out-of-the-loop),0,0,
2026-08-25-99be,2026-08-25,USA,hazard,8,ron,1,Other,,0,0,
2026-08-25-d0b2,2026-08-25,USA,incident,453,ara;deu;ell;eng;fra;hin;ita;nld;pol;por;spa;tur;ukr;zho,14,Economic/Property;Reputational,High-action autonomy (human-out-of-the-loop),0,1,1604
2026-08-25-2178,2026-08-25,AUS,hazard,7,eng,1,Environmental,,0,0,
2026-08-25-72f4,2026-08-25,USA,incident,7,eng,1,Human or fundamental rights;Economic/Property,,0,1,
2026-08-25-7c07,2026-08-25,USA,hazard,20,bul;zho,2,,,0,0,
2026-08-25-2c07,2026-08-25,,incident,7,eng,1,Economic/Property;Human or fundamental rights,High-action autonomy (human-out-of-the-loop),0,0,
2026-08-25-2cee,2026-08-25,POL,incident,5,tur,1,Economic/Property,No-action autonomy (human support),0,0,
2026-08-25-b953,2026-08-25,BRA,incident,12,por,1,Public interest,High-action autonomy (human-out-of-the-loop),0,0,
2026-08-25-d845,2026-08-25,GBR,incident,4,eng,1,Economic/Property,,0,0,
2026-08-25-b4ae,2026-08-25,USA,incident,56,ell;eng;fra;por;spa,5,Human or fundamental rights;Psychological,High-action autonomy (human-out-of-the-loop),0,0,1619;1643
2026-08-26-0132,2026-08-26,USA,hazard,3052,ara;cat;deu;eng;fra;hrv;ita;kor;lit;nld;por;ron;slv;spa;srp;tur;ukr;zho,18,Economic/Property;Reputational,High-action autonomy (human-out-of-the-loop),0,1,
2026-08-26-4693,2026-08-26,USA,incident,6,eng,1,Physical (death);Physical (injury),No-action autonomy (human support),0,0,
2026-08-26-2122,2026-08-26,IND,incident,5,eng,1,Reputational;Psychological,Low-action autonomy (human-in-the-loop),0,0,
2026-08-26-a615,2026-08-26,USA,hazard,5,eng,1,Human or fundamental rights;Economic/Property,High-action autonomy (human-out-of-the-loop),0,1,
2026-08-26-6310,2026-08-26,CHN,hazard,97,bul;fas;hun;ind;mkd;nld;pol;srp,8,,,0,0,
2026-08-26-3e01,2026-08-26,USA,hazard,802,ara;deu;ell;eng;fra;hrv;ita;kor;por;ron;spa;sqi;tur;ukr;vie;zho,16,Economic/Property;Public interest,,0,0,
2026-08-26-3f96,2026-08-26,USA,hazard,6,eng,1,Physical (death);Human or fundamental rights;Public interest,High-action autonomy (human-out-of-the-loop),0,0,
2026-08-26-c52c,2026-08-26,CHN,incident,8,zho,1,Psychological;Human or fundamental rights,High-action autonomy (human-out-of-the-loop),0,0,
2026-08-26-73e4,2026-08-26,USA,incident,78,eng;por;spa;zho,4,Economic/Property;Human or fundamental rights;Reputational,,0,1,
2026-08-26-8dcc,2026-08-26,EGY,hazard,35,ara;eng;spa;zho,4,Human or fundamental rights;Public interest,,0,0,
2026-08-26-e741,2026-08-26,KOR,incident,4,kor,1,Public interest;Economic/Property,High-action autonomy (human-out-of-the-loop),0,0,
2026-08-26-4e4c,2026-08-26,MEX,incident,8,spa,1,Reputational;Economic/Property,Low-action autonomy (human-in-the-loop),0,0,
2026-08-26-2233,2026-08-26,USA,incident,26,eng,1,Human or fundamental rights;Psychological,Low-action autonomy (human-in-the-loop),0,0,
2026-08-26-c2cc,2026-08-26,USA,incident,15,eng,1,,Low-action autonomy (human-in-the-loop),0,0,
2026-08-26-0da6,2026-08-26,GBR,hazard,10,eng,1,Economic/Property,,0,0,
2026-08-27-97f2,2026-08-27,TWN,hazard,5,zho,1,Physical (death);Physical (injury),High-action autonomy (human-out-of-the-loop),0,0,
2026-08-27-d05a,2026-08-27,USA,hazard,84,deu;ell;eng;por;spa,5,,High-action autonomy (human-out-of-the-loop),0,0,
2026-08-27-80ed,2026-08-27,USA,incident,10,eng,1,Human or fundamental rights,,0,0,
2026-08-27-de9e,2026-08-27,USA,incident,6,eng,1,Environmental;Physical (injury),,0,0,
2026-08-27-037a,2026-08-27,USA,hazard,5,kor,1,,,0,0,
2026-08-27-d607,2026-08-27,CHL,incident,5,spa,1,Psychological;Reputational;Human or fundamental rights,Low-action autonomy (human-in-the-loop),0,0,
2026-08-27-9c55,2026-08-27,AUS,incident,3,eng,1,Economic/Property;Human or fundamental rights,,0,0,
2026-08-27-feb4,2026-08-27,USA,hazard,25,eng;zho,2,Public interest,,0,0,
2026-08-27-e737,2026-08-27,USA,incident,220,ara;deu;eng;fra;hrv;ita;por;slv;spa;srp,10,Economic/Property;Reputational,High-action autonomy (human-out-of-the-loop),0,1,
2026-08-27-c2c4,2026-08-27,ISR,incident,9,eng,1,Economic/Property;Reputational,High-action autonomy (human-out-of-the-loop),0,1,
2026-08-27-0793,2026-08-27,CHE,hazard,4,eng,1,Human or fundamental rights;Public interest,,0,0,
2026-08-27-02bc,2026-08-27,USA,hazard,342,ara;ell;eng;fra;ita;jpn;kor;por;ron;spa;tur;zho,12,Economic/Property;Public interest,,0,0,
2026-08-27-fbe1,2026-08-27,BEL,incident,50,deu;eng;por;ron;ukr,5,Economic/Property,No-action autonomy (human support),0,0,1661
2026-08-27-b342,2026-08-27,POL,incident,54,eng;pol;zho,3,Economic/Property;Reputational,Medium-action autonomy (human-on-the-loop),0,0,
2026-08-27-458d,2026-08-27,ROU,incident,12,ron,1,Economic/Property,No-action autonomy (human support),0,0,
2026-08-27-6a47,2026-08-27,TWN,incident,62,ara;ell;eng;hin;por;spa,6,Human or fundamental rights,High-action autonomy (human-out-of-the-loop),0,0,
2026-08-27-2d35,2026-08-27,USA,hazard,10,spa,1,Economic/Property,High-action autonomy (human-out-of-the-loop),0,0,
2026-08-27-f2f7,2026-08-27,USA,incident,13,ell;eng,2,Public interest;Reputational,,0,0,
2026-08-27-61b0,2026-08-27,USA,incident,20,ara;ell;eng,3,Human or fundamental rights;Reputational,No-action autonomy (human support),0,0,
2026-08-28-961c,2026-08-28,ESP,incident,7,spa,1,Human or fundamental rights;Psychological,,0,0,
2026-08-28-f014,2026-08-28,NPL,incident,32,eng;ind,2,Economic/Property;Psychological;Public interest,,0,0,
2026-08-28-988a,2026-08-28,BEL,incident,4,ukr;zho,2,Reputational;Public interest,No-action autonomy (human support),0,0,
2026-08-28-e727,2026-08-28,BOL,incident,5,spa,1,Public interest,High-action autonomy (human-out-of-the-loop),0,0,
2026-08-28-2b57,2026-08-28,USA,incident,51,eng,1,Human or fundamental rights;Public interest,Low-action autonomy (human-in-the-loop),0,0,
2026-08-28-bd21,2026-08-28,EGY,incident,3,ara,1,Reputational;Psychological,No-action autonomy (human support),0,0,
2026-08-28-2550,2026-08-28,USA,hazard,10,eng,1,Human or fundamental rights,Medium-action autonomy (human-on-the-loop),0,0,
2026-08-28-cc93,2026-08-28,USA,incident,17,eng;zho,2,Economic/Property,No-action autonomy (human support),0,0,
2026-08-28-2cd1,2026-08-28,IDN,hazard,6,ind,1,Economic/Property;Public interest,,0,0,
2026-08-28-206c,2026-08-28,VNM,incident,6,zho,1,Economic/Property;Public interest,High-action autonomy (human-out-of-the-loop),0,0,
2026-08-28-2daf,2026-08-28,ESP,hazard,4,spa,1,Economic/Property;Reputational;Human or fundamental rights,Low-action autonomy (human-in-the-loop),0,0,
2026-08-28-4e05,2026-08-28,USA,hazard,7,eng,1,Economic/Property,High-action autonomy (human-out-of-the-loop),0,0,
2026-08-28-63c9,2026-08-28,BRA,hazard,41,por,1,Human or fundamental rights;Public interest,,0,0,
2026-08-28-da75,2026-08-28,USA,hazard,92,ara;deu;eng;spa,4,Human or fundamental rights,High-action autonomy (human-out-of-the-loop),0,0,
2026-08-28-4e30,2026-08-28,USA,incident,51,eng;kor;zho,3,Public interest,,0,0,
2026-08-28-89e6,2026-08-28,GBR,incident,19,eng,1,Economic/Property;Reputational;Human or fundamental rights,No-action autonomy (human support),0,0,
2026-08-28-9e16,2026-08-28,KOR,incident,8,kor,1,Reputational;Economic/Property;Human or fundamental rights,No-action autonomy (human support),0,0,
2026-08-29-0689,2026-08-29,TWN,incident,11,zho,1,Reputational,,0,0,
2026-08-29-4977,2026-08-29,USA,incident,326,ara;deu;ell;eng;fra;ind;ita;jpn;kor;por;spa;tur;ukr;zho,14,Economic/Property,No-action autonomy (human support),0,0,
2026-08-29-519b,2026-08-29,CHN,incident,5,zho,1,Physical (injury),High-action autonomy (human-out-of-the-loop),0,0,
2026-08-29-36bc,2026-08-29,DEU,hazard,3,deu,1,Human or fundamental rights;Public interest,,0,0,
2026-08-29-095b,2026-08-29,USA,incident,395,eng,1,Human or fundamental rights,Medium-action autonomy (human-on-the-loop),0,0,
2026-08-29-eb14,2026-08-29,TWN,incident,8,zho,1,Psychological;Public interest,No-action autonomy (human support),0,0,
2026-08-29-26e4,2026-08-29,SRB,hazard,6,hrv,1,Physical (death);Human or fundamental rights,High-action autonomy (human-out-of-the-loop),0,0,
2026-08-29-bbec,2026-08-29,GBR,incident,16,ara;eng,2,Public interest;Psychological,High-action autonomy (human-out-of-the-loop),0,0,
2026-08-29-d0e4,2026-08-29,GBR,hazard,4,eng,1,Economic/Property;Public interest,,0,0,
2026-08-29-39ce,2026-08-29,USA,incident,3,ita,1,Physical (death);Physical (injury),Medium-action autonomy (human-on-the-loop),0,0,
2026-08-30-92ac,2026-08-30,GBR,hazard,10,eng,1,Environmental,,0,0,
2026-08-30-737c,2026-08-30,CHN,hazard,5,por,1,Economic/Property;Public interest,High-action autonomy (human-out-of-the-loop),0,0,
2026-08-30-f2bb,2026-08-30,TWN,incident,7,zho,1,Economic/Property,,0,0,
2026-08-30-8a97,2026-08-30,USA,hazard,6,tur,1,Other,,0,0,
2026-08-30-a6aa,2026-08-30,RUS,incident,3,fas,1,Psychological,High-action autonomy (human-out-of-the-loop),0,0,
2026-08-31-94e4,2026-08-31,USA,incident,13,eng;ita,2,Physical (injury),High-action autonomy (human-out-of-the-loop),0,0,
2026-08-31-1ce4,2026-08-31,USA,incident,5,eng,1,Economic/Property;Human or fundamental rights,,0,0,
2026-08-31-66ff,2026-08-31,CHN,incident,5,zho,1,Economic/Property;Reputational,No-action autonomy (human support),0,0,
2026-08-31-4ae8,2026-08-31,USA,incident,5,eng,1,Human or fundamental rights;Psychological,No-action autonomy (human support),0,0,
2026-08-31-d947,2026-08-31,USA,hazard,12,eng;zho,2,Public interest,High-action autonomy (human-out-of-the-loop),0,0,
2026-08-31-59ad,2026-08-31,GBR,hazard,250,ara;bul;deu;ell;eng;fas;fra;hrv;ind;ita;por;ron;spa;sqi;zho,15,Economic/Property;Public interest,,0,0,
2026-08-31-c025,2026-08-31,IND,incident,42,eng,1,Reputational;Psychological;Human or fundamental rights,,0,0,
2026-08-31-1fe1,2026-08-31,USA,incident,67,eng;fra;por;spa;zho,5,Economic/Property;Human or fundamental rights,No-action autonomy (human support),0,0,
2026-08-31-e93a,2026-08-31,USA,hazard,24,eng,1,Economic/Property;Reputational,High-action autonomy (human-out-of-the-loop),0,0,
2026-08-31-bb0a,2026-08-31,JPN,hazard,46,ara;jpn;spa;zho,4,Physical (death);Public interest,,0,0,
2026-08-31-7d1f,2026-08-31,BRA,incident,7,por,1,Economic/Property,No-action autonomy (human support),0,0,
2026-08-31-6f85,2026-08-31,DEU,incident,8,deu,1,Psychological;Public interest,High-action autonomy (human-out-of-the-loop),0,0,
2026-08-31-cf03,2026-08-31,USA,hazard,9,eng,1,Economic/Property;Public interest,High-action autonomy (human-out-of-the-loop),0,0,
2026-08-31-5818,2026-08-31,POL,incident,7,pol,1,Economic/Property;Human or fundamental rights,High-action autonomy (human-out-of-the-loop),0,0,
2026-08-31-13d3,2026-08-31,UKR,hazard,12,hrv;pol;ukr,3,Physical (death);Physical (injury),High-action autonomy (human-out-of-the-loop),0,0,
2026-08-31-2323,2026-08-31,ISR,incident,5,heb,1,Physical (injury);Physical (death),Low-action autonomy (human-in-the-loop),0,0,
2026-08-31-ef83,2026-08-31,IRN,hazard,82,bul;eng;fas;fra;ind;pol;ron;spa,8,Public interest;Reputational,,0,0,
2026-08-31-8655,2026-08-31,PAK,incident,24,eng,1,Economic/Property,Medium-action autonomy (human-on-the-loop),0,0,
2026-08-31-2035,2026-08-31,CHN,incident,19,zho,1,Physical (injury),No-action autonomy (human support),0,0,
2026-08-31-5797,2026-08-31,USA,incident,44,ara;eng,2,Psychological;Public interest,,0,0,
2026-08-31-539c,2026-08-31,USA,incident,16,eng,1,Human or fundamental rights;Psychological,Medium-action autonomy (human-on-the-loop),0,0,
2026-08-31-887f,2026-08-31,CHN,hazard,7,eng,1,Physical (injury);Physical (death),,0,0,
2026-08-31-eca3,2026-08-31,DEU,hazard,3,deu,1,Physical (death);Human or fundamental rights;Public interest,High-action autonomy (human-out-of-the-loop),0,0,
2026-08-31-6717,2026-08-31,CHN,incident,14,zho,1,Reputational;Economic/Property,Low-action autonomy (human-in-the-loop),0,0,
2026-08-31-a6f4,2026-08-31,GBR,incident,15,eng,1,Physical (injury);Psychological,,0,0,
2026-09-01-dee9,2026-09-01,USA,incident,28,eng;ind;ita;spa,4,Physical (death),Medium-action autonomy (human-on-the-loop),0,0,1686
2026-09-01-82cb,2026-09-01,NOR,incident,19,eng;spa;zho,3,Human or fundamental rights,Low-action autonomy (human-in-the-loop),0,0,
2026-09-01-5c02,2026-09-01,MYS,incident,6,zho,1,Economic/Property;Public interest,No-action autonomy (human support),0,0,
2026-09-01-5f74,2026-09-01,IND,incident,5,eng,1,Economic/Property,,0,0,
2026-09-01-5574,2026-09-01,GBR,incident,7,eng,1,Psychological;Public interest,No-action autonomy (human support),0,0,
2026-09-01-9443,2026-09-01,DEU,incident,50,deu;ell;spa,3,Economic/Property,High-action autonomy (human-out-of-the-loop),0,1,
2026-09-01-e44c,2026-09-01,ROU,hazard,12,ron,1,Physical (death);Physical (injury);Human or fundamental rights,High-action autonomy (human-out-of-the-loop),0,0,
2026-09-01-fd79,2026-09-01,TWN,incident,23,zho,1,Reputational,,0,0,
2026-09-01-48f7,2026-09-01,DEU,hazard,15,ara;eng,2,Physical (injury);Human or fundamental rights,High-action autonomy (human-out-of-the-loop),0,0,
2026-09-01-bf09,2026-09-01,EGY,incident,8,ara,1,Physical (injury);Reputational,No-action autonomy (human support),0,0,
2026-09-01-2012,2026-09-01,CHN,incident,33,zho,1,Psychological;Human or fundamental rights;Public interest,High-action autonomy (human-out-of-the-loop),0,0,
2026-09-01-e032,2026-09-01,USA,incident,20,ara;ell;ita,3,Economic/Property;Reputational,High-action autonomy (human-out-of-the-loop),0,0,
2026-09-01-a643,2026-09-01,BRA,incident,5,por,1,Public interest;Reputational,Low-action autonomy (human-in-the-loop),0,0,
2026-09-01-6765,2026-09-01,ARG,incident,3,spa,1,Human or fundamental rights;Public interest,No-action autonomy (human support),0,0,
2026-09-01-f43f,2026-09-01,AUS,incident,10,eng,1,Psychological;Reputational;Human or fundamental rights,,0,0,
2026-09-01-23b5,2026-09-01,USA,hazard,8,eng,1,Economic/Property,Low-action autonomy (human-in-the-loop),0,0,
2026-09-01-79f8,2026-09-01,USA,incident,10,eng,1,Public interest;Economic/Property,,0,0,
2026-09-01-87db,2026-09-01,USA,hazard,18,ron;zho,2,Public interest,High-action autonomy (human-out-of-the-loop),0,0,
2026-09-01-44c6,2026-09-01,USA,incident,5,eng,1,Economic/Property;Reputational,,0,0,
2026-09-01-ec93,2026-09-01,IRL,incident,6,eng,1,Psychological,High-action autonomy (human-out-of-the-loop),0,0,
2026-09-01-a176,2026-09-01,USA,hazard,9,eng,1,Physical (death);Physical (injury),Medium-action autonomy (human-on-the-loop),0,0,
2026-09-01-6e85,2026-09-01,FRA,incident,4,fra,1,Human or fundamental rights;Economic/Property,,0,0,
2026-09-02-f09e,2026-09-02,TWN,incident,46,zho,1,Economic/Property,No-action autonomy (human support),0,0,
2026-09-02-6d3a,2026-09-02,USA,hazard,4,zho,1,Physical (death);Human or fundamental rights;Public interest,High-action autonomy (human-out-of-the-loop),0,0,
2026-09-02-b53f,2026-09-02,USA,hazard,273,ara;cat;deu;eng;fra;hrv;ita;jpn;por;spa;tur;ukr,12,Economic/Property;Public interest,High-action autonomy (human-out-of-the-loop),0,1,
2026-09-02-2acc,2026-09-02,USA,hazard,24,eng;spa,2,Other,No-action autonomy (human support),0,0,
2026-09-02-f8c4,2026-09-02,GBR,hazard,10,eng,1,Public interest,High-action autonomy (human-out-of-the-loop),0,0,
2026-09-02-512b,2026-09-02,USA,incident,6,vie,1,Economic/Property,No-action autonomy (human support),0,0,
2026-09-02-acc6,2026-09-02,CAN,incident,7,eng,1,Psychological;Reputational;Human or fundamental rights,Low-action autonomy (human-in-the-loop),0,0,
2026-09-02-e30c,2026-09-02,BRA,incident,5,por,1,Reputational;Public interest,,0,0,
2026-09-02-dbf3,2026-09-02,DEU,incident,5,deu,1,Economic/Property,,0,0,
2026-09-02-163c,2026-09-02,,incident,10,eng;jpn,2,Economic/Property,High-action autonomy (human-out-of-the-loop),0,1,
2026-09-02-a6e4,2026-09-02,JPN,incident,4,jpn,1,Economic/Property;Human or fundamental rights,High-action autonomy (human-out-of-the-loop),0,1,
2026-09-02-3981,2026-09-02,ISR,incident,4,por,1,Human or fundamental rights,,0,0,
2026-09-02-885f,2026-09-02,DEU,incident,39,zho,1,Economic/Property,High-action autonomy (human-out-of-the-loop),0,1,1668
2026-09-02-2848,2026-09-02,USA,incident,19,eng,1,Human or fundamental rights,Medium-action autonomy (human-on-the-loop),0,0,
2026-09-02-5265,2026-09-02,USA,incident,6,eng,1,Economic/Property;Public interest,High-action autonomy (human-out-of-the-loop),0,0,
2026-09-02-8c31,2026-09-02,GBR,hazard,4,eng,1,Physical (injury);Psychological,,0,0,
2026-09-02-74d6,2026-09-02,CAN,incident,133,ell;eng;fra;spa;zho,5,Physical (death),No-action autonomy (human support),0,0,
2026-09-02-e1ac,2026-09-02,USA,incident,136,eng;fra;kor;ron;spa;vie;zho,7,Physical (injury),No-action autonomy (human support),0,0,
2026-09-02-6b6a,2026-09-02,,incident,24,deu;eng;fra,3,Public interest,No-action autonomy (human support),0,0,
2026-09-02-356e,2026-09-02,NGA,hazard,36,eng,1,Public interest,,0,0,
2026-09-02-c9e6,2026-09-02,CAN,incident,19,eng;fra,2,Economic/Property,Low-action autonomy (human-in-the-loop),0,0,
2026-09-02-48a5,2026-09-02,IND,incident,42,eng;hin,2,Economic/Property;Reputational,,0,0,
2026-09-02-8f04,2026-09-02,KOR,hazard,12,kor,1,,,0,0,
2026-09-02-b853,2026-09-02,USA,hazard,13,eng,1,Economic/Property,,0,0,
2026-09-02-5806,2026-09-02,USA,incident,19,eng,1,Economic/Property;Reputational,,0,0,
2026-09-02-97ed,2026-09-02,IND,hazard,13,eng,1,Economic/Property,High-action autonomy (human-out-of-the-loop),0,1,
2026-09-02-1c8f,2026-09-02,POL,hazard,5,pol,1,Economic/Property;Public interest,,0,0,
2026-09-02-5a7f,2026-09-02,ISR,hazard,6,eng,1,Physical (death);Human or fundamental rights,High-action autonomy (human-out-of-the-loop),0,0,
2026-09-02-5862,2026-09-02,CAN,incident,5,eng,1,,Low-action autonomy (human-in-the-loop),0,0,
2026-09-03-cdd2,2026-09-03,IND,incident,10,eng,1,Reputational;Human or fundamental rights;Economic/Property,Low-action autonomy (human-in-the-loop),0,0,
2026-09-03-69cf,2026-09-03,USA,hazard,7,eng,1,,,0,0,
2026-09-03-a5d7,2026-09-03,DEU,hazard,42,deu;ell;eng;ukr,4,Physical (death);Physical (injury),High-action autonomy (human-out-of-the-loop),0,0,
2026-09-03-6d7f,2026-09-03,USA,hazard,128,eng;hrv;tur;zho,4,Physical (death),High-action autonomy (human-out-of-the-loop),0,0,
2026-09-03-3b1c,2026-09-03,USA,incident,17,ell;por,2,Human or fundamental rights;Psychological,High-action autonomy (human-out-of-the-loop),0,0,1643
2026-09-03-6aa1,2026-09-03,USA,incident,12,kor;zho,2,Economic/Property,No-action autonomy (human support),0,0,
2026-09-03-8d68,2026-09-03,USA,hazard,24,ell;ita;spa,3,Economic/Property;Public interest;Human or fundamental rights,High-action autonomy (human-out-of-the-loop),0,0,
2026-09-03-4b3e,2026-09-03,CYP,incident,6,ell,1,Reputational;Human or fundamental rights,Low-action autonomy (human-in-the-loop),0,0,
2026-09-03-cf8a,2026-09-03,USA,incident,11,ara;ell,2,Economic/Property,,0,0,
2026-09-03-09ec,2026-09-03,USA,incident,5,zho,1,Physical (death);Physical (injury),Medium-action autonomy (human-on-the-loop),0,0,
2026-09-03-a993,2026-09-03,GRC,hazard,14,ell,1,,,0,0,
2026-09-03-23ca,2026-09-03,RUS,incident,21,bul;ell;hun;zho,4,Physical (injury),High-action autonomy (human-out-of-the-loop),0,0,
2026-09-03-7162,2026-09-03,USA,hazard,8,eng,1,Economic/Property;Public interest,,0,0,
2026-09-03-7e6c,2026-09-03,,incident,6,fra;hun,2,Human or fundamental rights;Psychological,,0,0,
2026-09-03-086a,2026-09-03,BRA,incident,14,por,1,Economic/Property;Reputational,,0,0,
2026-09-03-d52a,2026-09-03,COL,hazard,8,spa,1,Economic/Property,,0,0,
2026-09-03-755e,2026-09-03,IND,incident,12,eng;hin,2,Reputational,Low-action autonomy (human-in-the-loop),0,0,
2026-09-03-71fc,2026-09-03,POL,incident,15,fra;pol,2,Economic/Property,High-action autonomy (human-out-of-the-loop),0,0,
2026-09-03-e275,2026-09-03,CHN,incident,14,zho,1,Physical (injury);Human or fundamental rights;Public interest,High-action autonomy (human-out-of-the-loop),0,0,
2026-09-03-20d6,2026-09-03,USA,hazard,5,eng,1,Reputational;Economic/Property,,0,0,
2026-09-04-56a3,2026-09-04,USA,incident,12,jpn,1,Economic/Property,High-action autonomy (human-out-of-the-loop),0,1,
2026-09-04-cf2e,2026-09-04,DEU,hazard,413,deu;eng;fas;hrv;ita;por;spa;tur;ukr;zho,10,Economic/Property;Reputational,High-action autonomy (human-out-of-the-loop),0,1,
2026-09-04-2d3e,2026-09-04,GBR,incident,9,eng,1,Human or fundamental rights,Medium-action autonomy (human-on-the-loop),0,0,
2026-09-04-88ec,2026-09-04,UKR,hazard,38,eng;ukr,2,Human or fundamental rights,,0,0,
2026-09-04-7f4d,2026-09-04,GBR,hazard,12,ara;eng,2,Environmental;Psychological,,0,0,
2026-09-04-0823,2026-09-04,USA,hazard,289,deu;eng;fas;fra;ita;jpn;por;ron;spa;tur;zho,11,Physical (injury);Physical (death),High-action autonomy (human-out-of-the-loop),0,0,
2026-09-04-a425,2026-09-04,HKG,incident,4,zho,1,Economic/Property;Public interest,No-action autonomy (human support),0,0,
2026-09-04-5014,2026-09-04,USA,incident,4,spa,1,Human or fundamental rights,No-action autonomy (human support),0,1,
2026-09-04-c579,2026-09-04,USA,incident,6,eng,1,Economic/Property,High-action autonomy (human-out-of-the-loop),0,0,
2026-09-04-bc32,2026-09-04,IND,incident,15,eng,1,Reputational;Human or fundamental rights;Psychological,Medium-action autonomy (human-on-the-loop),0,0,
2026-09-04-71c9,2026-09-04,DEU,incident,149,ara;deu;ell;hin;ind;pol;ron;sqi;zho,9,Reputational,High-action autonomy (human-out-of-the-loop),0,1,
2026-09-04-4554,2026-09-04,CHN,hazard,43,eng;zho,2,Physical (death);Public interest,,0,0,
2026-09-04-df55,2026-09-04,CHE,hazard,25,eng,1,Physical (death);Human or fundamental rights;Public interest,High-action autonomy (human-out-of-the-loop),0,0,
2026-09-04-de06,2026-09-04,DEU,incident,54,ara;fra;heb;nld;zho,5,Reputational,High-action autonomy (human-out-of-the-loop),0,1,
2026-09-04-3b5d,2026-09-04,USA,incident,192,eng;fra;ita;por;spa;tur;zho,7,Economic/Property;Public interest,High-action autonomy (human-out-of-the-loop),0,0,
2026-09-04-5da1,2026-09-04,HKG,hazard,10,zho,1,Physical (injury);Physical (death),High-action autonomy (human-out-of-the-loop),0,0,
2026-09-05-9cbf,2026-09-05,USA,incident,6,eng,1,Reputational;Public interest,Low-action autonomy (human-in-the-loop),0,0,
2026-09-05-9729,2026-09-05,USA,incident,30,eng;por;spa,3,Psychological;Reputational,Low-action autonomy (human-in-the-loop),0,0,
2026-09-05-ace6,2026-09-05,USA,incident,8,eng,1,Economic/Property,,0,1,
2026-09-05-2471,2026-09-05,CHN,hazard,9,ell,1,Human or fundamental rights;Physical (injury),High-action autonomy (human-out-of-the-loop),0,0,
2026-09-05-8c36,2026-09-05,GBR,incident,10,eng,1,Human or fundamental rights;Public interest;Reputational,No-action autonomy (human support),0,0,
2026-09-05-de7c,2026-09-05,GBR,incident,18,eng;spa,2,Reputational,High-action autonomy (human-out-of-the-loop),0,1,
2026-09-05-eae2,2026-09-05,USA,incident,74,ara;ell;eng;hun;ita;por;zho,7,Economic/Property,High-action autonomy (human-out-of-the-loop),0,0,
2026-09-05-1636,2026-09-05,CHE,hazard,25,ara;jpn,2,Physical (death);Human or fundamental rights,High-action autonomy (human-out-of-the-loop),0,0,
2026-09-05-9c44,2026-09-05,IRQ,hazard,5,ara,1,Public interest,,0,0,
2026-09-05-5596,2026-09-05,,incident,6,spa,1,Physical (death);Human or fundamental rights;Public interest,High-action autonomy (human-out-of-the-loop),0,0,
2026-09-05-237b,2026-09-05,TWN,incident,28,zho,1,Public interest,,0,0,
2026-09-05-4c5b,2026-09-05,KEN,incident,18,eng,1,Economic/Property,No-action autonomy (human support),0,0,
2026-09-06-c246,2026-09-06,BRA,incident,19,por,1,Economic/Property,Low-action autonomy (human-in-the-loop),0,0,
2026-09-06-10be,2026-09-06,CHN,hazard,132,ara;eng;fra;ita;ron;spa;tur;ukr;zho,9,Physical (death);Physical (injury),High-action autonomy (human-out-of-the-loop),0,0,
2026-09-06-c52c,2026-09-06,CHN,incident,10,zho,1,Reputational;Economic/Property,No-action autonomy (human support),0,0,
2026-09-06-6ddf,2026-09-06,POL,incident,8,pol;tur,2,Economic/Property,No-action autonomy (human support),0,0,
2026-09-06-5494,2026-09-06,IND,incident,3,eng,1,Psychological,No-action autonomy (human support),0,0,
2026-09-06-0fc0,2026-09-06,DEU,incident,4,eng,1,Reputational;Economic/Property;Public interest,High-action autonomy (human-out-of-the-loop),0,0,
2026-09-06-5416,2026-09-06,TWN,incident,4,zho,1,Reputational;Economic/Property,,0,0,
2026-09-06-cd93,2026-09-06,USA,hazard,5,eng,1,Physical (injury);Physical (death);Economic/Property,High-action autonomy (human-out-of-the-loop),0,0,
2026-09-06-0c4a,2026-09-06,DEU,incident,150,deu;eng;fas;fra;ita;por;spa,7,Reputational;Economic/Property,High-action autonomy (human-out-of-the-loop),0,1,1668
2026-09-06-0b21,2026-09-06,USA,hazard,14,eng;zho,2,Public interest,,0,0,
2026-09-06-718b,2026-09-06,USA,incident,5,eng,1,Economic/Property,No-action autonomy (human support),0,0,
2026-09-06-9772,2026-09-06,USA,incident,9,spa,1,Human or fundamental rights;Public interest,Medium-action autonomy (human-on-the-loop),0,0,
2026-09-06-a59e,2026-09-06,GBR,incident,8,eng,1,Physical (injury),High-action autonomy (human-out-of-the-loop),0,0,
2026-09-06-3aec,2026-09-06,ROU,incident,39,ron,1,Economic/Property,No-action autonomy (human support),0,0,
2026-09-06-8757,2026-09-06,GRC,incident,18,ell,1,Psychological;Reputational,,0,0,
2026-09-07-d83c,2026-09-07,USA,hazard,21,eng,1,,,0,0,
2026-09-07-e398,2026-09-07,ESP,incident,5,spa,1,Economic/Property,,0,0,
2026-09-07-20f0,2026-09-07,USA,hazard,17,por;zho,2,Economic/Property;Reputational,High-action autonomy (human-out-of-the-loop),0,1,
2026-09-07-d7d4,2026-09-07,CHN,incident,22,zho,1,Psychological;Economic/Property,High-action autonomy (human-out-of-the-loop),0,0,
2026-09-07-6963,2026-09-07,POL,incident,71,ara;deu;eng;fas;fra;ita;pol;por;spa,9,Human or fundamental rights,High-action autonomy (human-out-of-the-loop),0,0,
2026-09-07-cf84,2026-09-07,UKR,hazard,3,eng,1,Physical (death);Physical (injury),High-action autonomy (human-out-of-the-loop),0,0,
2026-09-07-16b0,2026-09-07,USA,hazard,15,urd,1,Physical (death);Public interest,High-action autonomy (human-out-of-the-loop),0,0,
2026-09-07-d0f6,2026-09-07,USA,incident,3,eng,1,Human or fundamental rights;Psychological,Medium-action autonomy (human-on-the-loop),0,0,
2026-09-07-715c,2026-09-07,USA,incident,12,vie,1,Economic/Property;Public interest,High-action autonomy (human-out-of-the-loop),0,0,
2026-09-07-69d6,2026-09-07,IND,incident,14,zho,1,Psychological;Reputational;Human or fundamental rights,Low-action autonomy (human-in-the-loop),0,0,
2026-09-07-9f9c,2026-09-07,USA,hazard,7,eng,1,Economic/Property;Public interest,High-action autonomy (human-out-of-the-loop),0,1,
2026-09-07-6165,2026-09-07,CHN,hazard,7,hin;tur,2,Physical (injury);Physical (death);Public interest,High-action autonomy (human-out-of-the-loop),0,0,
2026-09-07-14f6,2026-09-07,IND,incident,4,eng,1,,Medium-action autonomy (human-on-the-loop),0,0,
2026-09-07-55c9,2026-09-07,CHE,hazard,664,ara;bul;deu;ell;eng;fas;fra;hrv;hun;ind;ita;mkd;pol;por;ron;slv;spa;sqi;tur;zho,20,Physical (death),High-action autonomy (human-out-of-the-loop),0,1,
2026-09-07-5962,2026-09-07,USA,hazard,146,bul;deu;eng;ita;jpn;por;spa,7,Public interest,High-action autonomy (human-out-of-the-loop),0,0,
2026-09-07-b748,2026-09-07,TWN,incident,15,zho,1,Human or fundamental rights;Psychological;Reputational,Low-action autonomy (human-in-the-loop),0,0,
2026-09-07-6945,2026-09-07,GBR,incident,10,eng,1,Economic/Property,,0,0,
2026-09-07-db83,2026-09-07,USA,hazard,65,ita;kor;por;ron;tur;ukr;zho,7,Physical (death);Public interest,High-action autonomy (human-out-of-the-loop),0,0,
2026-09-07-de80,2026-09-07,UKR,incident,20,ara;jpn;pol,3,Physical (death),High-action autonomy (human-out-of-the-loop),0,0,
2026-09-07-3937,2026-09-07,KOR,hazard,7,kor,1,Reputational;Human or fundamental rights,,0,0,
2026-09-07-5a7e,2026-09-07,IND,hazard,5,eng,1,Economic/Property;Public interest,,0,0,
2026-09-07-53bc,2026-09-07,KOR,hazard,5,kor,1,Physical (injury);Physical (death),No-action autonomy (human support),0,0,
2026-09-07-10ca,2026-09-07,EGY,hazard,44,ara;eng;hin;spa,4,Human or fundamental rights;Economic/Property,High-action autonomy (human-out-of-the-loop),0,0,
2026-09-08-5336,2026-09-08,USA,incident,9,eng,1,Human or fundamental rights;Psychological,Low-action autonomy (human-in-the-loop),0,0,
2026-09-08-efd9,2026-09-08,JPN,hazard,5,jpn,1,Economic/Property,High-action autonomy (human-out-of-the-loop),0,0,
2026-09-08-0cbd,2026-09-08,USA,hazard,8,kor,1,Economic/Property;Public interest,High-action autonomy (human-out-of-the-loop),0,0,
2026-09-08-b1bb,2026-09-08,CHN,incident,21,eng;vie,2,Human or fundamental rights,No-action autonomy (human support),0,0,
2026-09-08-6359,2026-09-08,,incident,6,ell;pol;spa,3,Economic/Property;Public interest,High-action autonomy (human-out-of-the-loop),0,0,
2026-09-08-4795,2026-09-08,IRN,hazard,14,fas,1,Economic/Property;Public interest,High-action autonomy (human-out-of-the-loop),0,0,
2026-09-08-e3d2,2026-09-08,USA,incident,10,eng,1,Human or fundamental rights,High-action autonomy (human-out-of-the-loop),0,0,
2026-09-08-5f49,2026-09-08,GBR,hazard,10,eng,1,Economic/Property;Reputational;Human or fundamental rights,Low-action autonomy (human-in-the-loop),0,0,
2026-09-08-eb87,2026-09-08,BRA,incident,8,por,1,Psychological;Reputational;Human or fundamental rights,No-action autonomy (human support),0,0,
2026-09-08-9c96,2026-09-08,USA,incident,7,eng,1,Human or fundamental rights,High-action autonomy (human-out-of-the-loop),0,0,
2026-09-08-cb10,2026-09-08,USA,incident,6,eng,1,Psychological;Human or fundamental rights,No-action autonomy (human support),0,0,1448
2026-09-08-f6f1,2026-09-08,USA,hazard,5,ell,1,Human or fundamental rights,High-action autonomy (human-out-of-the-loop),0,1,
2026-09-08-6eb8,2026-09-08,USA,incident,10,eng;spa,2,Economic/Property,Low-action autonomy (human-in-the-loop),0,0,
2026-09-08-e710,2026-09-08,USA,incident,6,fra,1,Economic/Property,,0,0,
2026-09-08-4785,2026-09-08,USA,hazard,4,eng,1,Human or fundamental rights,Medium-action autonomy (human-on-the-loop),0,0,
2026-09-08-a593,2026-09-08,UKR,hazard,11,eng;ukr,2,Physical (death);Physical (injury);Human or fundamental rights,High-action autonomy (human-out-of-the-loop),0,0,
2026-09-08-b6ca,2026-09-08,USA,incident,3,eng,1,Economic/Property;Reputational,High-action autonomy (human-out-of-the-loop),0,1,
2026-09-08-07f4,2026-09-08,USA,incident,12,ron,1,Human or fundamental rights;Economic/Property,High-action autonomy (human-out-of-the-loop),0,1,
2026-09-08-e0c8,2026-09-08,USA,incident,603,ara;deu;eng;fra;ita;kor;por;spa;tur;ukr;vie;zho,12,Economic/Property;Public interest,,0,0,
2026-09-08-faa7,2026-09-08,USA,incident,44,deu;eng;tur,3,Psychological;Human or fundamental rights,High-action autonomy (human-out-of-the-loop),0,0,
2026-09-08-7713,2026-09-08,TWN,incident,10,zho,1,Economic/Property,High-action autonomy (human-out-of-the-loop),0,0,
2026-09-08-f846,2026-09-08,GRC,incident,15,ell,1,Economic/Property,,0,0,
2026-09-08-d25e,2026-09-08,USA,incident,31,eng;spa;zho,3,Economic/Property,High-action autonomy (human-out-of-the-loop),0,1,
2026-09-08-979a,2026-09-08,UKR,incident,15,eng;ukr,2,Physical (death),High-action autonomy (human-out-of-the-loop),0,0,
2026-09-08-551b,2026-09-08,CHN,incident,10,zho,1,Public interest,No-action autonomy (human support),0,0,
2026-09-08-fa3b,2026-09-08,BRA,incident,46,por,1,Physical (injury),Low-action autonomy (human-in-the-loop),0,0,
2026-09-08-d6c6,2026-09-08,USA,incident,41,eng;fra;tur,3,Human or fundamental rights;Psychological,High-action autonomy (human-out-of-the-loop),0,0,
2026-09-09-11dc,2026-09-09,IND,hazard,25,eng,1,Economic/Property;Public interest,High-action autonomy (human-out-of-the-loop),0,0,
2026-09-09-2c62,2026-09-09,ARE,hazard,5,eng,1,Human or fundamental rights;Economic/Property;Reputational,High-action autonomy (human-out-of-the-loop),0,1,
2026-09-09-045f,2026-09-09,USA,incident,4,eng,1,Human or fundamental rights;Psychological;Public interest,High-action autonomy (human-out-of-the-loop),0,0,
2026-09-09-af94,2026-09-09,NZL,hazard,5,ron,1,Economic/Property,,0,0,
2026-09-09-5904,2026-09-09,USA,hazard,38,eng;spa,2,,,0,0,
2026-09-09-d090,2026-09-09,USA,hazard,273,aze;bul;hrv;ita;nld;pol;ron;spa;tur;ukr,10,Economic/Property;Public interest,No-action autonomy (human support),0,0,
2026-09-09-dd27,2026-09-09,IRN,incident,8,vie,1,Economic/Property;Public interest,High-action autonomy (human-out-of-the-loop),0,0,
2026-09-09-1eb0,2026-09-09,USA,hazard,7,tam,1,Physical (death);Public interest,,0,1,
2026-09-09-035e,2026-09-09,USA,hazard,3,eng,1,,,0,0,
2026-09-09-1efb,2026-09-09,USA,incident,34,eng;spa,2,Human or fundamental rights,High-action autonomy (human-out-of-the-loop),0,0,
2026-09-09-8ae7,2026-09-09,USA,hazard,139,hin;hun;ind;jpn;kor;nld;srp;swe,8,Reputational,High-action autonomy (human-out-of-the-loop),0,0,1685
2026-09-09-c6d3,2026-09-09,USA,hazard,36,eng;spa,2,Economic/Property,No-action autonomy (human support),0,0,
2026-09-09-663e,2026-09-09,USA,hazard,50,eng,1,Physical (death);Public interest,High-action autonomy (human-out-of-the-loop),0,0,
2026-09-09-7113,2026-09-09,USA,hazard,148,eng;hin;ind;kor;sqi;tur;vie,7,Physical (death),,0,0,
2026-09-09-6348,2026-09-09,KOR,hazard,9,kor,1,Economic/Property;Human or fundamental rights,High-action autonomy (human-out-of-the-loop),0,0,
2026-09-09-43f2,2026-09-09,GRC,incident,9,ell,1,Reputational,Low-action autonomy (human-in-the-loop),0,0,
2026-09-09-bdcc,2026-09-09,USA,incident,7,eng,1,Economic/Property;Reputational,,0,1,
2026-09-09-be1c,2026-09-09,IND,incident,8,eng,1,Human or fundamental rights;Psychological;Reputational,Low-action autonomy (human-in-the-loop),0,0,1683
2026-09-09-ba62,2026-09-09,GRC,hazard,22,ell;eng,2,Physical (death);Economic/Property;Public interest,High-action autonomy (human-out-of-the-loop),0,0,
2026-09-09-62b6,2026-09-09,DEU,incident,7,deu,1,Economic/Property;Reputational;Human or fundamental rights,,0,0,
2026-09-09-523b,2026-09-09,USA,incident,151,deu;eng;ita;por;tur,5,Economic/Property,High-action autonomy (human-out-of-the-loop),0,0,1627;1628;1629;1685
2026-09-09-eb2b,2026-09-09,BGD,incident,8,eng,1,Psychological;Reputational,,0,0,
2026-09-09-037b,2026-09-09,USA,incident,5,eng,1,Psychological,High-action autonomy (human-out-of-the-loop),0,0,
2026-09-09-ba4c,2026-09-09,CHN,incident,4,zho,1,Economic/Property,,0,0,
2026-09-09-518c,2026-09-09,USA,hazard,54,ell;hrv;nor;spa,4,Physical (death);Public interest,,0,0,
2026-09-09-3854,2026-09-09,BIH,incident,13,hrv,1,Reputational;Public interest,Low-action autonomy (human-in-the-loop),0,0,
2026-09-09-1fb4,2026-09-09,CHN,incident,11,zho,1,Economic/Property;Reputational,No-action autonomy (human support),0,0,
2026-09-09-572d,2026-09-09,USA,incident,19,eng;spa;zho,3,Human or fundamental rights;Economic/Property,High-action autonomy (human-out-of-the-loop),0,0,
2026-09-09-6924,2026-09-09,MLI,incident,6,eng,1,Public interest,Low-action autonomy (human-in-the-loop),0,0,
2026-09-09-902e,2026-09-09,ARG,incident,7,spa,1,Psychological;Human or fundamental rights,Low-action autonomy (human-in-the-loop),0,0,
2026-09-09-2d52,2026-09-09,GBR,incident,8,eng,1,Human or fundamental rights;Psychological;Public interest,Low-action autonomy (human-in-the-loop),0,0,
2026-09-09-5883,2026-09-09,USA,incident,20,eng;sqi,2,Psychological,No-action autonomy (human support),0,0,
2026-09-09-323c,2026-09-09,CHN,incident,72,eng;fra;ind;ron;slk;tur,6,Human or fundamental rights;Public interest;Psychological,No-action autonomy (human support),0,0,
2026-09-09-88bd,2026-09-09,USA,hazard,6,eng,1,Economic/Property,,0,0,
2026-09-09-8682,2026-09-09,USA,incident,20,eng,1,Human or fundamental rights,Medium-action autonomy (human-on-the-loop),0,0,
2026-09-09-7a79,2026-09-09,USA,hazard,3,eng,1,Physical (death);Public interest,High-action autonomy (human-out-of-the-loop),0,0,
2026-09-09-17b0,2026-09-09,USA,incident,5,eng,1,Reputational;Public interest,No-action autonomy (human support),0,0,
2026-09-09-2ca1,2026-09-09,USA,hazard,2052,ara;cat;ces;dan;deu;ell;eng;fas;fra;heb;hin;hrv;ita;kor;mkd;pol;por;ron;slk;spa;tur;ukr,22,Public interest,High-action autonomy (human-out-of-the-loop),0,0,
2026-09-10-5e42,2026-09-10,USA,incident,686,deu;ell;eng;fra;ita;por;spa;sqi;ukr,9,,No-action autonomy (human support),0,0,
2026-09-10-1de6,2026-09-10,ARG,hazard,75,spa,1,,No-action autonomy (human support),0,0,1688
2026-09-10-d758,2026-09-10,GBR,hazard,27,eng;hin,2,Public interest,High-action autonomy (human-out-of-the-loop),0,0,
2026-09-10-190e,2026-09-10,USA,incident,7,eng,1,Economic/Property,,0,0,
2026-09-10-38d0,2026-09-10,BHR,hazard,4,zho,1,Economic/Property;Public interest,High-action autonomy (human-out-of-the-loop),0,0,
2026-09-10-3cb2,2026-09-10,CHN,incident,8,hun;tur,2,Physical (injury),Low-action autonomy (human-in-the-loop),0,0,
2026-09-10-2878,2026-09-10,USA,hazard,41,eng,1,Public interest,,0,0,
2026-09-10-8d48,2026-09-10,USA,incident,11,eng,1,Environmental;Physical (injury);Physical (death),,0,0,
2026-09-10-f92c,2026-09-10,USA,incident,4,spa,1,Reputational;Psychological;Human or fundamental rights,No-action autonomy (human support),0,0,
2026-09-10-6946,2026-09-10,ESP,incident,8,spa,1,Psychological;Human or fundamental rights,No-action autonomy (human support),0,0,
2026-09-10-172c,2026-09-10,USA,incident,22,eng,1,Economic/Property;Human or fundamental rights;Public interest,No-action autonomy (human support),0,0,
2026-09-10-4b01,2026-09-10,USA,incident,16,eng;spa,2,,High-action autonomy (human-out-of-the-loop),0,0,
2026-09-10-f3e3,2026-09-10,ISR,incident,148,ara;eng;fas;fra;hrv;ita;kor;por;spa;tur,10,Physical (death);Physical (injury),Medium-action autonomy (human-on-the-loop),0,0,
2026-09-10-a628,2026-09-10,ESP,hazard,67,eng;spa;zho,3,,High-action autonomy (human-out-of-the-loop),0,0,
2026-09-10-5a73,2026-09-10,TWN,incident,26,zho,1,Reputational;Public interest,No-action autonomy (human support),0,0,
2026-09-10-99bf,2026-09-10,USA,incident,76,eng;fas;jpn,3,Human or fundamental rights;Public interest;Economic/Property,No-action autonomy (human support),0,0,
2026-09-10-7006,2026-09-10,NOR,hazard,25,deu;ell;eng,3,Human or fundamental rights,Low-action autonomy (human-in-the-loop),0,0,
2026-09-10-8706,2026-09-10,GRC,incident,12,ell,1,Economic/Property;Reputational,No-action autonomy (human support),0,0,
2026-09-10-0cf3,2026-09-10,CHE,hazard,14,eng;por,2,Economic/Property;Public interest,,0,0,
2026-09-10-16da,2026-09-10,USA,incident,13,eng,1,Human or fundamental rights,Medium-action autonomy (human-on-the-loop),0,0,
2026-09-10-d2f8,2026-09-10,DEU,hazard,18,deu;eng;zho,3,Physical (death);Physical (injury);Public interest,,0,0,
2026-09-10-02c5,2026-09-10,KOR,incident,7,kor,1,Economic/Property,,0,0,
2026-09-10-d2d9,2026-09-10,BGD,incident,6,eng,1,Economic/Property,No-action autonomy (human support),0,0,
2026-09-10-159e,2026-09-10,IND,incident,6,eng,1,Economic/Property,,0,0,
2026-09-10-f09d,2026-09-10,IRN,incident,8,fas,1,Economic/Property,Medium-action autonomy (human-on-the-loop),0,0,
2026-09-10-6a8a,2026-09-10,GRC,incident,7,ell,1,Economic/Property;Psychological,No-action autonomy (human support),0,0,
2026-09-10-c15d,2026-09-10,ESP,hazard,4,spa,1,,High-action autonomy (human-out-of-the-loop),0,0,
2026-09-10-39b6,2026-09-10,TWN,hazard,26,eng;zho,2,,High-action autonomy (human-out-of-the-loop),0,0,
2026-09-10-10d6,2026-09-10,USA,incident,23,eng,1,Physical (death);Physical (injury),Medium-action autonomy (human-on-the-loop),0,0,
2026-09-10-3a14,2026-09-10,,incident,9,eng,1,Economic/Property;Reputational,High-action autonomy (human-out-of-the-loop),0,1,
2026-09-10-676a,2026-09-10,USA,incident,5,eng,1,Economic/Property,High-action autonomy (human-out-of-the-loop),0,0,
2026-09-10-c0dd,2026-09-10,PRT,incident,5,eng,1,Psychological,High-action autonomy (human-out-of-the-loop),0,0,
2026-09-10-080b,2026-09-10,USA,incident,169,aze;ell;eng;ind;ita;jpn;nld;por;spa;zho,10,Economic/Property,High-action autonomy (human-out-of-the-loop),0,1,
2026-09-10-785e,2026-09-10,USA,hazard,29,deu;eng;fas;slk;spa;tur,6,Physical (death),No-action autonomy (human support),0,0,
2026-09-10-3d7e,2026-09-10,DNK,hazard,4,dan,1,Psychological;Reputational;Public interest,No-action autonomy (human support),0,0,
2026-09-11-c586,2026-09-11,USA,incident,24,hye;ind;pol,3,Physical (death);Public interest;Human or fundamental rights,No-action autonomy (human support),0,0,
2026-09-11-60e1,2026-09-11,USA,incident,8,eng,1,Psychological;Human or fundamental rights,High-action autonomy (human-out-of-the-loop),0,0,1643
2026-09-11-afb5,2026-09-11,USA,incident,4,ita,1,Economic/Property;Reputational,High-action autonomy (human-out-of-the-loop),0,1,
2026-09-11-0d00,2026-09-11,USA,hazard,56,eng;spa;srp,3,,,0,0,
2026-09-11-ce80,2026-09-11,CHN,hazard,39,bul;eng;heb,3,Human or fundamental rights,High-action autonomy (human-out-of-the-loop),0,1,
2026-09-11-0d43,2026-09-11,USA,incident,12,ces;ron,2,Physical (death);Human or fundamental rights;Public interest,No-action autonomy (human support),0,0,
2026-09-11-23ae,2026-09-11,USA,incident,10,eng;fra,2,Public interest;Reputational;Human or fundamental rights,,0,0,1702
2026-09-11-ff8d,2026-09-11,CAN,incident,4,eng,1,Reputational,,0,0,
2026-09-11-a4f2,2026-09-11,USA,hazard,62,ara;deu;ell;eng;zho,5,,,0,0,
2026-09-11-5693,2026-09-11,GRC,incident,22,ell;tur,2,Physical (death),No-action autonomy (human support),0,0,
2026-09-11-7ba9,2026-09-11,DEU,incident,4,ell,1,Public interest,High-action autonomy (human-out-of-the-loop),0,0,
2026-09-11-b309,2026-09-11,ARG,incident,9,spa,1,Psychological;Reputational;Public interest,Low-action autonomy (human-in-the-loop),0,0,
2026-09-11-704f,2026-09-11,GRC,incident,7,ell,1,Reputational,,0,0,
2026-09-11-3470,2026-09-11,USA,hazard,5,spa,1,Physical (death);Physical (injury);Public interest,,0,0,
2026-09-11-7d24,2026-09-11,CHN,incident,102,deu;eng;fra;jpn;kor;spa;vie;zho,8,Economic/Property;Human or fundamental rights,High-action autonomy (human-out-of-the-loop),0,0,
2026-09-11-3c86,2026-09-11,MYS,incident,31,eng;tur;zho,3,Public interest;Human or fundamental rights,No-action autonomy (human support),0,0,
2026-09-11-3333,2026-09-11,USA,incident,91,ara;ell;eng;fra;por;spa,6,Public interest;Reputational,No-action autonomy (human support),0,0,
2026-09-11-c338,2026-09-11,USA,incident,49,ara;eng;spa,3,Human or fundamental rights;Public interest;Physical (death),No-action autonomy (human support),0,0,
2026-09-11-0d06,2026-09-11,KEN,incident,16,eng,1,Public interest;Reputational,Low-action autonomy (human-in-the-loop),0,0,
2026-09-11-13f0,2026-09-11,USA,incident,24,eng,1,Human or fundamental rights;Psychological,,0,0,
2026-09-11-4f58,2026-09-11,USA,hazard,12,nld;swe,2,,,0,0,
2026-09-11-b131,2026-09-11,CHN,incident,40,ara;fas;lit;por,4,Human or fundamental rights;Public interest,No-action autonomy (human support),0,0,
2026-09-11-2c21,2026-09-11,YEM,incident,53,ara;fas;hin;kor;urd,5,Public interest,High-action autonomy (human-out-of-the-loop),0,0,1687
2026-09-11-2b03,2026-09-11,KOR,incident,10,kor,1,Psychological;Reputational,Low-action autonomy (human-in-the-loop),0,0,
2026-09-11-f7d7,2026-09-11,CHN,incident,8,tur,1,Physical (injury);Economic/Property;Human or fundamental rights,No-action autonomy (human support),0,0,
2026-09-11-23a0,2026-09-11,UKR,incident,10,eng,1,Physical (injury);Physical (death);Economic/Property,High-action autonomy (human-out-of-the-loop),0,0,
2026-09-11-3a6b,2026-09-11,TUR,hazard,8,tur,1,Physical (death),High-action autonomy (human-out-of-the-loop),0,0,
2026-09-11-57f4,2026-09-11,USA,incident,23,ara;bul;nld,3,Physical (death);Public interest;Economic/Property,No-action autonomy (human support),0,0,
2026-09-11-d958,2026-09-11,GBR,hazard,30,ara;eng,2,Public interest,No-action autonomy (human support),0,0,
2026-09-11-b7cd,2026-09-11,FRA,incident,8,fra,1,Human or fundamental rights;Reputational;Public interest,No-action autonomy (human support),0,0,
2026-09-11-58dd,2026-09-11,IND,incident,11,ara;eng,2,Psychological;Public interest,,0,0,
2026-09-11-c899,2026-09-11,TUR,hazard,12,tur,1,Human or fundamental rights,High-action autonomy (human-out-of-the-loop),0,0,
2026-09-11-fbbf,2026-09-11,MDA,incident,7,ron,1,Reputational;Public interest,No-action autonomy (human support),0,0,
2026-09-11-ccd4,2026-09-11,USA,hazard,5,spa,1,Physical (death),,0,0,
2026-09-12-7a0e,2026-09-12,USA,incident,843,ara;deu;eng;ita;por;spa;tur;zho,8,,High-action autonomy (human-out-of-the-loop),0,0,
2026-09-12-bf23,2026-09-12,UKR,incident,9,spa,1,Economic/Property,High-action autonomy (human-out-of-the-loop),0,0,
2026-09-12-0f74,2026-09-12,USA,hazard,207,ell;spa;sqi,3,,,0,0,
2026-09-12-f675,2026-09-12,USA,hazard,46,ara;fas;jpn;kor;zho,5,Public interest,,0,0,
2026-09-12-3605,2026-09-12,USA,incident,22,eng,1,Human or fundamental rights;Psychological,No-action autonomy (human support),0,0,
2026-09-12-286d,2026-09-12,IND,incident,5,eng,1,Reputational;Human or fundamental rights,Low-action autonomy (human-in-the-loop),0,0,
2026-09-12-7e64,2026-09-12,USA,incident,4,eng,1,Economic/Property,,0,0,
2026-09-13-2ee2,2026-09-13,USA,incident,12,eng,1,Human or fundamental rights;Public interest,Low-action autonomy (human-in-the-loop),0,0,
2026-09-13-15bd,2026-09-13,USA,hazard,126,ind,1,Physical (death);Public interest,,0,0,
2026-09-13-e27a,2026-09-13,CHN,incident,7,zho,1,Human or fundamental rights;Reputational,,0,0,
2026-09-13-5cfd,2026-09-13,MEX,incident,6,spa,1,Reputational;Human or fundamental rights;Public interest,,0,0,
2026-09-13-e861,2026-09-13,USA,hazard,74,eng;kor;lit;zho,4,Physical (death),,0,0,
2026-09-13-3c14,2026-09-13,USA,hazard,8,eng,1,Public interest;Economic/Property,High-action autonomy (human-out-of-the-loop),0,0,
2026-09-13-3d31,2026-09-13,DEU,hazard,7,eng,1,Physical (death);Environmental;Public interest,High-action autonomy (human-out-of-the-loop),0,0,
2026-09-13-8939,2026-09-13,USA,incident,4,eng,1,Environmental,High-action autonomy (human-out-of-the-loop),0,0,
2026-09-13-4c5b,2026-09-13,CHN,hazard,6,eng,1,,High-action autonomy (human-out-of-the-loop),0,0,
2026-09-13-0c3d,2026-09-13,USA,hazard,6,hrv,1,,,0,0,
2026-09-13-00d0,2026-09-13,USA,hazard,7,eng,1,Physical (injury);Economic/Property,High-action autonomy (human-out-of-the-loop),0,0,
2026-09-13-b7af,2026-09-13,NZL,incident,5,eng,1,Economic/Property;Human or fundamental rights,High-action autonomy (human-out-of-the-loop),0,0,
2026-09-14-cf3f,2026-09-14,USA,hazard,21,eng;zho,2,Physical (death);Physical (injury);Human or fundamental rights,High-action autonomy (human-out-of-the-loop),0,0,
2026-09-14-0959,2026-09-14,USA,incident,8,zho,1,Physical (injury);Human or fundamental rights;Public interest,No-action autonomy (human support),0,0,
2026-09-14-6e8d,2026-09-14,CHN,incident,3,zho,1,Physical (injury);Physical (death),High-action autonomy (human-out-of-the-loop),0,0,
2026-09-14-cd38,2026-09-14,DEU,incident,4,deu;eng;zho,3,Economic/Property,Low-action autonomy (human-in-the-loop),0,0,
2026-09-14-6a6b,2026-09-14,USA,hazard,6,eng,1,Public interest,High-action autonomy (human-out-of-the-loop),0,1,
2026-09-14-0e10,2026-09-14,USA,incident,8,eng,1,Economic/Property,Low-action autonomy (human-in-the-loop),0,0,
2026-09-14-001c,2026-09-14,USA,hazard,4,eng,1,Psychological;Public interest,High-action autonomy (human-out-of-the-loop),0,0,
2026-09-14-cd8c,2026-09-14,CHN,hazard,169,ara;deu;ell;eng;por;ron;zho,7,Public interest;Human or fundamental rights,,0,0,
2026-09-14-5c38,2026-09-14,USA,incident,31,eng;fra;por;spa,4,Human or fundamental rights;Reputational;Psychological,,0,0,
2026-09-14-296c,2026-09-14,,hazard,64,eng;por;ron;slk,4,Human or fundamental rights;Public interest,,0,0,
2026-09-14-5c6f,2026-09-14,USA,incident,7,eng,1,Psychological,High-action autonomy (human-out-of-the-loop),0,0,
2026-09-14-139e,2026-09-14,BIH,incident,5,hrv,1,Reputational;Public interest,,0,0,
2026-09-14-ae27,2026-09-14,ESP,hazard,6,spa,1,Psychological,No-action autonomy (human support),0,0,
2026-09-14-5e03,2026-09-14,UKR,incident,3,heb;pol,2,Physical (injury);Physical (death);Economic/Property,High-action autonomy (human-out-of-the-loop),0,0,
2026-09-14-c35d,2026-09-14,USA,incident,188,eng,1,Psychological;Reputational,,0,0,
2026-09-14-c59e,2026-09-14,ESP,incident,73,eng;por;spa,3,Human or fundamental rights,High-action autonomy (human-out-of-the-loop),0,1,1693
2026-09-14-ca4e,2026-09-14,USA,incident,55,eng;fra;ita;ron;spa;zho,6,Human or fundamental rights,Low-action autonomy (human-in-the-loop),0,0,
2026-09-14-8497,2026-09-14,CHN,hazard,11,ell;ind,2,,,0,0,
2026-09-14-1081,2026-09-14,GBR,hazard,6,sqi,1,,,0,0,
2026-09-14-c9de,2026-09-14,USA,hazard,8,ell;eng,2,Environmental;Physical (injury),,0,0,
2026-09-14-118f,2026-09-14,POL,incident,4,pol,1,Public interest,No-action autonomy (human support),0,0,
2026-09-14-2b60,2026-09-14,RUS,incident,4,vie,1,Physical (death);Physical (injury);Human or fundamental rights,High-action autonomy (human-out-of-the-loop),0,0,
2026-09-14-8dd8,2026-09-14,USA,incident,11,eng;zho,2,Physical (injury);Psychological,,0,0,
2026-09-14-2009,2026-09-14,USA,hazard,9,eng,1,Physical (death);Human or fundamental rights,High-action autonomy (human-out-of-the-loop),0,0,
2026-09-14-b6ed,2026-09-14,DEU,hazard,15,deu;fra;spa,3,Physical (injury);Physical (death),High-action autonomy (human-out-of-the-loop),0,0,
2026-09-14-1b26,2026-09-14,DEU,hazard,8,deu,1,Physical (injury);Physical (death);Economic/Property,High-action autonomy (human-out-of-the-loop),0,0,
2026-09-15-1cb1,2026-09-15,AUS,hazard,6,eng,1,Economic/Property;Public interest,,0,0,
2026-09-15-9822,2026-09-15,CHN,hazard,41,deu;eng;por;spa,4,,,0,0,
2026-09-15-d045,2026-09-15,CHN,incident,5,zho,1,Physical (death);Physical (injury),,0,0,
2026-09-15-c750,2026-09-15,IND,incident,4,eng,1,Economic/Property,High-action autonomy (human-out-of-the-loop),0,0,
2026-09-15-48e4,2026-09-15,USA,hazard,5,ell,1,Other,High-action autonomy (human-out-of-the-loop),0,1,
2026-09-15-d020,2026-09-15,GBR,incident,5,eng,1,Physical (injury);Human or fundamental rights,High-action autonomy (human-out-of-the-loop),0,0,
2026-09-15-4b1f,2026-09-15,BRA,incident,4,por,1,Public interest,High-action autonomy (human-out-of-the-loop),0,0,
2026-09-15-fd7e,2026-09-15,JPN,hazard,27,jpn;zho,2,Physical (death);Physical (injury),High-action autonomy (human-out-of-the-loop),0,0,
2026-09-15-447d,2026-09-15,USA,hazard,6,eng,1,Physical (injury);Human or fundamental rights,High-action autonomy (human-out-of-the-loop),0,1,
2026-09-15-a03d,2026-09-15,CHN,hazard,13,zho,1,,High-action autonomy (human-out-of-the-loop),0,0,
2026-09-15-5c18,2026-09-15,USA,incident,10,zho,1,Economic/Property,High-action autonomy (human-out-of-the-loop),0,1,
2026-09-15-aa4d,2026-09-15,USA,hazard,21,eng;jpn,2,Economic/Property;Reputational,High-action autonomy (human-out-of-the-loop),0,1,
2026-09-15-6d21,2026-09-15,USA,hazard,5,eng,1,Economic/Property;Human or fundamental rights,No-action autonomy (human support),0,0,
2026-09-15-0d45,2026-09-15,USA,incident,5,eng,1,Economic/Property;Public interest,,0,0,
2026-09-15-8e43,2026-09-15,USA,hazard,224,ell;eng;fra;kor;por;spa,6,Physical (death),,0,0,
2026-09-15-d7d1,2026-09-15,BRA,incident,17,por,1,Public interest,,0,0,
2026-09-15-6734,2026-09-15,USA,incident,14,eng,1,Economic/Property,,0,0,
2026-09-15-6cf4,2026-09-15,JPN,incident,13,zho,1,Economic/Property;Human or fundamental rights,,0,0,
2026-09-15-a90a,2026-09-15,JPN,incident,29,jpn;zho,2,Economic/Property,,0,0,
2026-09-15-c066,2026-09-15,,hazard,12,eng,1,Economic/Property,,0,0,
2026-09-15-3234,2026-09-15,USA,hazard,20,eng;tur;zho,3,Human or fundamental rights;Economic/Property;Reputational,High-action autonomy (human-out-of-the-loop),0,1,
2026-09-15-2f49,2026-09-15,GBR,incident,8,eng,1,Human or fundamental rights;Psychological,Low-action autonomy (human-in-the-loop),0,0,
2026-09-15-59b4,2026-09-15,DEU,incident,6,deu,1,Physical (death),High-action autonomy (human-out-of-the-loop),0,0,
2026-09-15-e911,2026-09-15,JPN,hazard,5,kor,1,Physical (injury);Physical (death);Public interest,High-action autonomy (human-out-of-the-loop),0,0,
2026-09-15-6588,2026-09-15,,hazard,5,eng;spa,2,Public interest;Human or fundamental rights,,0,0,
2026-09-15-c813,2026-09-15,KOR,hazard,3,kor,1,Physical (injury);Physical (death),High-action autonomy (human-out-of-the-loop),0,0,
2026-09-15-e52c,2026-09-15,USA,incident,37,eng,1,Human or fundamental rights;Psychological,Low-action autonomy (human-in-the-loop),0,0,1416
2026-09-15-ec2e,2026-09-15,CHN,incident,33,eng;zho,2,Physical (injury),No-action autonomy (human support),0,0,
2026-09-15-5b20,2026-09-15,CAN,hazard,7,eng,1,Environmental;Public interest,,0,0,
2026-09-15-85bb,2026-09-15,SEN,hazard,6,fra,1,Physical (death);Human or fundamental rights,High-action autonomy (human-out-of-the-loop),0,0,
2026-09-15-a015,2026-09-15,USA,incident,5,eng,1,Economic/Property,,0,0,
2026-09-16-b84b,2026-09-16,USA,hazard,8,ron,1,Economic/Property,High-action autonomy (human-out-of-the-loop),0,1,
2026-09-16-e19f,2026-09-16,USA,hazard,5,eng,1,Other,High-action autonomy (human-out-of-the-loop),0,1,
2026-09-16-2b9b,2026-09-16,SRB,incident,4,srp,1,Economic/Property;Psychological;Reputational,Low-action autonomy (human-in-the-loop),0,0,
2026-09-16-3d6c,2026-09-16,,hazard,5,ell,1,Economic/Property,High-action autonomy (human-out-of-the-loop),0,0,
2026-09-16-5ea1,2026-09-16,CHN,incident,9,eng,1,Human or fundamental rights;Economic/Property,High-action autonomy (human-out-of-the-loop),0,1,1700
2026-09-16-3200,2026-09-16,CHN,incident,23,eng;zho,2,Economic/Property,No-action autonomy (human support),0,0,
2026-09-16-1411,2026-09-16,USA,hazard,7,hrv,1,,High-action autonomy (human-out-of-the-loop),0,1,
2026-09-16-3d31,2026-09-16,USA,hazard,16,deu;fra;spa,3,Human or fundamental rights;Physical (injury);Economic/Property,Medium-action autonomy (human-on-the-loop),0,1,
2026-09-16-2cdc,2026-09-16,GBR,hazard,4,eng,1,Physical (death);Human or fundamental rights;Public interest,High-action autonomy (human-out-of-the-loop),0,0,
2026-09-16-f10b,2026-09-16,USA,hazard,18,ara;eng,2,Environmental;Physical (injury),,0,0,
2026-09-16-899a,2026-09-16,USA,hazard,15,por,1,Other,High-action autonomy (human-out-of-the-loop),0,1,
2026-09-16-7fb2,2026-09-16,USA,incident,25,eng,1,Economic/Property;Human or fundamental rights,High-action autonomy (human-out-of-the-loop),0,0,
2026-09-16-2f65,2026-09-16,,hazard,4,sqi,1,,,0,1,
2026-09-16-b66c,2026-09-16,BRA,incident,4,por,1,Economic/Property;Human or fundamental rights;Psychological,,0,0,
2026-09-16-accc,2026-09-16,USA,incident,101,ell;eng;por;spa;zho,5,Economic/Property;Reputational;Human or fundamental rights,High-action autonomy (human-out-of-the-loop),0,1,
2026-09-16-3691,2026-09-16,KOR,incident,7,kor,1,Economic/Property;Reputational,Medium-action autonomy (human-on-the-loop),0,0,
2026-09-16-e6b6,2026-09-16,USA,hazard,237,deu;eng;fra;kor;mkd;ron;spa;zho,8,Other,No-action autonomy (human support),0,0,
2026-09-16-5b31,2026-09-16,CAN,hazard,91,ell;eng;fra;kor;por;ron;spa;zho,8,Public interest,,0,1,
2026-09-16-8a08,2026-09-16,IND,hazard,23,eng;hin,2,Psychological,High-action autonomy (human-out-of-the-loop),0,0,
2026-09-16-ffdf,2026-09-16,USA,incident,27,eng,1,Human or fundamental rights,,0,0,
2026-09-16-319b,2026-09-16,KOR,incident,17,kor,1,Psychological;Human or fundamental rights;Reputational,Low-action autonomy (human-in-the-loop),0,0,
2026-09-16-6d66,2026-09-16,KOR,hazard,13,kor,1,Physical (injury);Physical (death),,0,0,
2026-09-16-9fd1,2026-09-16,USA,hazard,11,zho,1,Public interest,,0,0,
2026-09-16-2a33,2026-09-16,BRA,incident,7,spa,1,,,0,0,
2026-09-16-d593,2026-09-16,GBR,incident,8,eng,1,Economic/Property;Public interest,High-action autonomy (human-out-of-the-loop),0,0,
2026-09-17-6b9f,2026-09-17,ECU,hazard,3,spa,1,Human or fundamental rights,,0,0,
2026-09-17-2487,2026-09-17,CHN,incident,5,zho,1,Psychological;Public interest,High-action autonomy (human-out-of-the-loop),0,0,
2026-09-17-22c2,2026-09-17,USA,incident,6,eng,1,Physical (death),No-action autonomy (human support),0,0,
2026-09-17-f84d,2026-09-17,GBR,hazard,5,ron,1,Public interest;Economic/Property,High-action autonomy (human-out-of-the-loop),0,0,
2026-09-17-94ee,2026-09-17,AUS,incident,4,eng,1,Human or fundamental rights,,0,0,
2026-09-17-8577,2026-09-17,,hazard,69,deu;eng;ron,3,Physical (injury);Physical (death),High-action autonomy (human-out-of-the-loop),0,0,
2026-09-17-e351,2026-09-17,USA,incident,68,bul;deu;ell;ron;spa,5,Other,,0,0,
2026-09-17-b63f,2026-09-17,FRA,hazard,34,eng;fra;ita,3,Physical (death);Human or fundamental rights;Public interest,Medium-action autonomy (human-on-the-loop),0,1,
2026-09-17-9e85,2026-09-17,KOR,hazard,20,kor,1,,High-action autonomy (human-out-of-the-loop),0,0,
2026-09-17-7420,2026-09-17,KOR,hazard,20,kor,1,Physical (death);Physical (injury),High-action autonomy (human-out-of-the-loop),0,0,
2026-09-17-c021,2026-09-17,TWN,incident,12,zho,1,Reputational;Human or fundamental rights,,0,0,
2026-09-17-e839,2026-09-17,CHN,incident,17,eng,1,Economic/Property,Low-action autonomy (human-in-the-loop),0,0,
2026-09-17-35e8,2026-09-17,GBR,incident,37,eng;fra;spa,3,Reputational;Psychological,,0,0,
2026-09-17-9d72,2026-09-17,USA,incident,18,eng,1,Economic/Property,High-action autonomy (human-out-of-the-loop),0,0,
2026-09-17-22fb,2026-09-17,USA,incident,223,ara;eng;fra;ind;ita;mkd;ron;tur;urd;vie;zho,11,Reputational,High-action autonomy (human-out-of-the-loop),0,0,
2026-09-17-dcca,2026-09-17,DEU,incident,16,deu;eng;por,3,Economic/Property;Human or fundamental rights;Psychological,High-action autonomy (human-out-of-the-loop),0,0,
2026-09-17-132a,2026-09-17,USA,hazard,38,eng;zho,2,,No-action autonomy (human support),0,0,
2026-09-17-836d,2026-09-17,USA,hazard,39,eng;spa;tur,3,Physical (death);Public interest,High-action autonomy (human-out-of-the-loop),0,0,
2026-09-17-2f5f,2026-09-17,CAN,hazard,11,eng,1,Physical (death);Public interest;Human or fundamental rights,High-action autonomy (human-out-of-the-loop),0,0,
2026-09-17-e103,2026-09-17,CHN,hazard,5,eng,1,Physical (death);Public interest,High-action autonomy (human-out-of-the-loop),0,0,
2026-09-17-3946,2026-09-17,THA,incident,5,eng,1,Psychological,High-action autonomy (human-out-of-the-loop),0,0,
2026-09-17-198c,2026-09-17,,hazard,7,eng,1,Psychological,,0,0,
2026-09-17-ec6a,2026-09-17,USA,hazard,7,zho,1,Physical (death);Environmental;Public interest,High-action autonomy (human-out-of-the-loop),0,0,
2026-09-17-b58d,2026-09-17,USA,incident,8,eng,1,Economic/Property;Reputational,Low-action autonomy (human-in-the-loop),0,1,
2026-09-17-3cb7,2026-09-17,USA,hazard,5,spa,1,Physical (death),,0,0,
2026-09-17-8e21,2026-09-17,CHN,incident,20,eng;ind;vie,3,Economic/Property;Human or fundamental rights,High-action autonomy (human-out-of-the-loop),0,0,
2026-09-17-1a13,2026-09-17,USA,hazard,4,spa,1,Economic/Property,High-action autonomy (human-out-of-the-loop),0,1,
2026-09-17-8955,2026-09-17,UKR,incident,4,eng,1,Economic/Property,,0,0,
2026-09-17-a0a3,2026-09-17,USA,hazard,20,eng;spa;zho,3,Human or fundamental rights,,0,0,
2026-09-18-006d,2026-09-18,VNM,incident,5,vie,1,Reputational;Public interest,No-action autonomy (human support),0,0,
2026-09-18-bf11,2026-09-18,USA,hazard,4,eng,1,Physical (death);Physical (injury),High-action autonomy (human-out-of-the-loop),0,0,
2026-09-18-0a1f,2026-09-18,USA,hazard,4,eng,1,Economic/Property,,0,0,
2026-09-18-2647,2026-09-18,JPN,incident,6,jpn,1,Economic/Property;Reputational,Low-action autonomy (human-in-the-loop),0,0,
2026-09-18-dc3d,2026-09-18,USA,incident,39,ell;eng;spa,3,Reputational;Public interest,High-action autonomy (human-out-of-the-loop),0,1,
2026-09-18-2cd7,2026-09-18,CHN,incident,78,eng;zho,2,Human or fundamental rights,,0,0,
2026-09-18-5a1c,2026-09-18,USA,incident,9,eng,1,Public interest,High-action autonomy (human-out-of-the-loop),0,1,
2026-09-18-336b,2026-09-18,AUS,incident,5,eng,1,Human or fundamental rights,,0,0,
2026-09-18-e8a9,2026-09-18,USA,incident,9,eng;ukr,2,Human or fundamental rights;Economic/Property,High-action autonomy (human-out-of-the-loop),0,0,1668
2026-09-18-b6de,2026-09-18,USA,incident,27,eng,1,Economic/Property;Reputational,,0,0,
2026-09-18-7058,2026-09-18,USA,incident,41,deu;eng;ukr;zho,4,Economic/Property,Low-action autonomy (human-in-the-loop),0,0,
2026-09-18-8e27,2026-09-18,USA,incident,23,eng;por,2,Economic/Property;Psychological,High-action autonomy (human-out-of-the-loop),0,0,
2026-09-18-18fa,2026-09-18,CHN,incident,8,zho,1,Economic/Property;Reputational;Human or fundamental rights,,0,0,
2026-09-18-2ef0,2026-09-18,USA,incident,367,ara;deu;ell;eng;fas;fra;hin;ita;kor;nld;por;spa;tur;ukr;zho,15,Human or fundamental rights,Low-action autonomy (human-in-the-loop),0,0,
2026-09-18-d635,2026-09-18,USA,incident,629,ara;bul;deu;ell;eng;fas;fra;heb;hin;hrv;hun;ind;ita;jpn;kor;mkd;por;ron;slk;slv;spa;sqi;srp;tur;ukr;vie,26,Public interest,No-action autonomy (human support),0,0,1701
2026-09-18-d189,2026-09-18,ARG,hazard,18,spa,1,Reputational,Low-action autonomy (human-in-the-loop),0,0,
2026-09-18-a444,2026-09-18,GRC,incident,65,bul;ell,2,Economic/Property,No-action autonomy (human support),0,0,
2026-09-18-6bba,2026-09-18,DEU,incident,14,deu,1,Psychological;Human or fundamental rights,No-action autonomy (human support),0,0,
2026-09-18-795f,2026-09-18,ROU,incident,26,ron,1,Psychological;Reputational,High-action autonomy (human-out-of-the-loop),0,0,
2026-09-18-a4e8,2026-09-18,USA,incident,56,ara;eng;fra;kor;slk,5,Economic/Property,No-action autonomy (human support),0,0,
2026-09-18-27a0,2026-09-18,NGA,incident,10,eng,1,Physical (death);Physical (injury),Low-action autonomy (human-in-the-loop),0,0,
2026-09-18-dd16,2026-09-18,BRA,incident,8,por,1,Reputational;Psychological,,0,0,
2026-09-18-40a6,2026-09-18,ROU,incident,7,ron,1,Economic/Property;Reputational;Human or fundamental rights,No-action autonomy (human support),0,0,
2026-09-18-a6e6,2026-09-18,USA,incident,923,ara;bul;deu;ell;eng;fas;fra;heb;hin;hrv;hun;ind;ita;jpn;kor;mkd;nld;pol;por;ron;slk;slv;spa;sqi;tam;tur;ukr;vie;zho,29,Human or fundamental rights;Reputational,High-action autonomy (human-out-of-the-loop),0,0,
2026-09-19-6fe9,2026-09-19,GBR,incident,10,eng,1,Economic/Property,High-action autonomy (human-out-of-the-loop),0,0,
2026-09-19-f70b,2026-09-19,USA,hazard,3,eng,1,Environmental;Public interest,,0,0,
2026-09-19-af1d,2026-09-19,USA,hazard,7,eng,1,Physical (injury),Medium-action autonomy (human-on-the-loop),0,0,
2026-09-19-e269,2026-09-19,EGY,incident,10,ara,1,Public interest;Psychological;Physical (injury),,0,0,
2026-09-19-39a1,2026-09-19,ETH,hazard,5,eng,1,Human or fundamental rights,,0,0,
2026-09-19-6893,2026-09-19,IND,incident,127,eng,1,Physical (death);Psychological,No-action autonomy (human support),0,0,
2026-09-19-a8ee,2026-09-19,IRN,incident,22,eng,1,Physical (death);Human or fundamental rights,Low-action autonomy (human-in-the-loop),0,0,
2026-09-19-e623,2026-09-19,KOR,incident,6,kor,1,Reputational;Public interest,No-action autonomy (human support),0,0,
2026-09-19-926e,2026-09-19,VNM,incident,8,vie,1,Economic/Property,No-action autonomy (human support),0,0,
2026-09-19-eac0,2026-09-19,CHN,hazard,4,eng,1,,,0,0,
2026-09-19-fceb,2026-09-19,CHN,hazard,6,zho,1,Public interest,High-action autonomy (human-out-of-the-loop),0,0,
2026-09-19-4786,2026-09-19,USA,incident,8,eng,1,Reputational;Public interest,,0,0,
2026-09-19-36d5,2026-09-19,USA,incident,26,zho,1,Physical (death);Public interest,Low-action autonomy (human-in-the-loop),0,0,
2026-09-19-948e,2026-09-19,USA,incident,46,ell;eng;ron,3,Economic/Property;Psychological;Public interest,High-action autonomy (human-out-of-the-loop),0,1,
2026-09-20-08a2,2026-09-20,AUS,incident,6,eng,1,Economic/Property;Public interest;Human or fundamental rights,High-action autonomy (human-out-of-the-loop),0,1,
2026-09-20-d4f3,2026-09-20,JPN,hazard,3,jpn,1,Economic/Property,,0,0,
2026-09-20-8212,2026-09-20,USA,incident,3,zho,1,Physical (injury),Low-action autonomy (human-in-the-loop),0,0,
2026-09-20-bda1,2026-09-20,USA,incident,75,ara;eng;ita;spa;tur,5,Human or fundamental rights,,0,0,
2026-09-20-c54a,2026-09-20,USA,incident,6,sqi,1,Physical (injury);Human or fundamental rights;Public interest,High-action autonomy (human-out-of-the-loop),0,1,
2026-09-20-7e18,2026-09-20,UKR,incident,18,eng;ron,2,Physical (death);Physical (injury),High-action autonomy (human-out-of-the-loop),0,0,
2026-09-20-5c05,2026-09-20,IND,incident,8,eng,1,Economic/Property,High-action autonomy (human-out-of-the-loop),0,1,
2026-09-20-35d8,2026-09-20,NLD,incident,9,nld,1,Human or fundamental rights;Reputational,Low-action autonomy (human-in-the-loop),0,0,
2026-09-20-45da,2026-09-20,ROU,incident,5,ron,1,Economic/Property;Human or fundamental rights,,0,1,
2026-09-20-aad3,2026-09-20,TUR,incident,3,tur,1,Economic/Property;Human or fundamental rights,,0,0,
2026-09-20-a889,2026-09-20,RUS,incident,3,eng;hrv,2,Public interest;Human or fundamental rights,High-action autonomy (human-out-of-the-loop),0,0,
2026-09-20-1b7c,2026-09-20,USA,incident,35,eng;zho,2,Physical (injury);Environmental,High-action autonomy (human-out-of-the-loop),0,0,
2026-09-21-6706,2026-09-21,EGY,incident,19,ara,1,Economic/Property;Public interest,No-action autonomy (human support),0,0,
2026-09-21-d0cc,2026-09-21,USA,incident,116,ara;deu;eng;fra;por;spa;tur;zho,8,Economic/Property;Human or fundamental rights,High-action autonomy (human-out-of-the-loop),0,0,
2026-09-21-2a5c,2026-09-21,USA,incident,10,eng,1,Reputational;Public interest,No-action autonomy (human support),0,0,1702
2026-09-21-7f4c,2026-09-21,BRA,hazard,10,por,1,Psychological;Human or fundamental rights,High-action autonomy (human-out-of-the-loop),0,0,
2026-09-21-0682,2026-09-21,USA,incident,6,eng,1,Environmental,,0,0,
2026-09-21-0b19,2026-09-21,,hazard,5,eng,1,Human or fundamental rights,,0,0,
2026-09-21-bdf3,2026-09-21,USA,incident,5,eng,1,Human or fundamental rights,No-action autonomy (human support),0,0,
2026-09-21-8c37,2026-09-21,AUS,incident,3,jpn,1,Human or fundamental rights;Psychological;Public interest,Medium-action autonomy (human-on-the-loop),0,0,
2026-09-21-d86b,2026-09-21,USA,hazard,1094,ara;bul;deu;ell;eng;fas;fra;heb;hin;hrv;hun;ind;ita;jpn;kor;nld;pol;por;ron;slk;spa;sqi;srp;tur;ukr;urd;vie;zho,28,Physical (death),,0,0,
2026-09-21-d41e,2026-09-21,,hazard,13,deu;spa,2,Human or fundamental rights,,0,0,
2026-09-21-e114,2026-09-21,IND,incident,4,eng,1,Public interest;Reputational,Low-action autonomy (human-in-the-loop),0,0,
2026-09-21-3d68,2026-09-21,MEX,incident,6,spa,1,Economic/Property;Human or fundamental rights,High-action autonomy (human-out-of-the-loop),0,0,
2026-09-21-bd2d,2026-09-21,USA,incident,77,eng;fra;ita;por;spa;zho,6,Psychological;Reputational;Human or fundamental rights,,0,0,
2026-09-21-5982,2026-09-21,USA,incident,28,eng;spa,2,Economic/Property;Human or fundamental rights,High-action autonomy (human-out-of-the-loop),0,0,
2026-09-21-9040,2026-09-21,USA,incident,20,eng,1,Environmental;Human or fundamental rights;Economic/Property,High-action autonomy (human-out-of-the-loop),0,0,
2026-09-21-1eec,2026-09-21,USA,incident,17,eng,1,Economic/Property;Reputational,,0,0,
2026-09-21-2de9,2026-09-21,NGA,hazard,5,eng,1,Public interest;Reputational,,0,0,
2026-09-21-ee85,2026-09-21,AUS,incident,5,eng,1,Human or fundamental rights;Reputational;Psychological,Medium-action autonomy (human-on-the-loop),0,0,
2026-09-21-c60b,2026-09-21,PRY,incident,4,spa,1,Psychological;Human or fundamental rights,Low-action autonomy (human-in-the-loop),0,0,
2026-09-21-7af7,2026-09-21,ESP,incident,5,eng,1,Economic/Property;Human or fundamental rights,High-action autonomy (human-out-of-the-loop),0,0,
2026-09-21-7865,2026-09-21,ITA,incident,3,ita,1,Human or fundamental rights;Economic/Property,,0,0,
2026-09-21-05b0,2026-09-21,USA,hazard,21,ell;por,2,Human or fundamental rights,Low-action autonomy (human-in-the-loop),0,0,
2026-09-21-db87,2026-09-21,USA,incident,34,eng,1,Psychological,High-action autonomy (human-out-of-the-loop),0,0,
2026-09-21-793e,2026-09-21,GBR,incident,6,eng,1,Public interest,High-action autonomy (human-out-of-the-loop),0,0,
2026-09-21-e5d0,2026-09-21,GBR,hazard,26,ara;eng;por,3,Economic/Property,High-action autonomy (human-out-of-the-loop),0,0,
2026-09-21-cdcc,2026-09-21,GBR,hazard,41,eng;fra;spa;zho,4,,High-action autonomy (human-out-of-the-loop),0,0,
2026-09-21-2a05,2026-09-21,CAN,incident,184,deu;ell;eng;fra;nld;spa;tur;ukr;zho,9,Physical (death),No-action autonomy (human support),0,0,
2026-09-21-202d,2026-09-21,TWN,incident,18,zho,1,Economic/Property;Reputational,No-action autonomy (human support),0,0,
2026-09-21-6d2b,2026-09-21,USA,hazard,31,hrv;mkd;srp,3,,High-action autonomy (human-out-of-the-loop),0,1,
2026-09-21-24c2,2026-09-21,IND,hazard,7,eng,1,Economic/Property,High-action autonomy (human-out-of-the-loop),0,1,
2026-09-22-24dc,2026-09-22,USA,hazard,11,eng;ind,2,Economic/Property;Reputational,High-action autonomy (human-out-of-the-loop),0,1,
2026-09-22-3e15,2026-09-22,USA,hazard,7,eng,1,Other,High-action autonomy (human-out-of-the-loop),0,0,
2026-09-22-1ff1,2026-09-22,BGR,hazard,6,bul,1,Physical (injury);Physical (death),High-action autonomy (human-out-of-the-loop),0,0,
2026-09-22-b315,2026-09-22,BRA,incident,18,por,1,Public interest,,0,0,
2026-09-22-573b,2026-09-22,GRC,incident,7,ell,1,Economic/Property,No-action autonomy (human support),0,0,
2026-09-22-9e4e,2026-09-22,CHN,incident,4,zho,1,Economic/Property;Reputational;Human or fundamental rights,High-action autonomy (human-out-of-the-loop),0,0,
2026-09-22-6cfd,2026-09-22,USA,hazard,6,ara,1,Public interest,High-action autonomy (human-out-of-the-loop),0,0,
2026-09-22-fd04,2026-09-22,USA,hazard,9,eng,1,Physical (death),Medium-action autonomy (human-on-the-loop),0,0,
2026-09-22-c094,2026-09-22,GBR,hazard,57,ara;eng;por;spa,4,Economic/Property;Human or fundamental rights,Medium-action autonomy (human-on-the-loop),0,1,
2026-09-22-cdde,2026-09-22,USA,incident,75,eng;kor;spa,3,Psychological,Low-action autonomy (human-in-the-loop),0,0,
2026-09-22-f51d,2026-09-22,USA,hazard,72,ara;eng;jpn;por;spa;srp;zho,7,Psychological,High-action autonomy (human-out-of-the-loop),0,0,
2026-09-22-c7a8,2026-09-22,GBR,incident,46,eng;vie,2,Economic/Property;Human or fundamental rights,High-action autonomy (human-out-of-the-loop),0,0,
2026-09-22-5be4,2026-09-22,AUS,incident,9,eng,1,Psychological;Human or fundamental rights,,0,0,
2026-09-22-01bb,2026-09-22,KOR,incident,12,kor,1,Reputational,No-action autonomy (human support),0,0,
2026-09-22-4b7a,2026-09-22,RUS,incident,10,eng;ukr,2,Physical (injury);Psychological;Human or fundamental rights,,0,0,
2026-09-22-a55a,2026-09-22,AUT,hazard,6,eng;fra,2,Environmental,,0,0,
2026-09-22-3dfa,2026-09-22,CHN,incident,7,zho,1,Reputational;Human or fundamental rights,High-action autonomy (human-out-of-the-loop),0,0,
2026-09-22-24ba,2026-09-22,USA,hazard,10,eng,1,Human or fundamental rights,Medium-action autonomy (human-on-the-loop),0,0,
2026-09-22-ad92,2026-09-22,GBR,incident,58,deu;eng;fra;ind;ita;por;spa;tur;ukr,9,Human or fundamental rights,,0,0,
2026-09-22-f947,2026-09-22,ARG,incident,7,spa,1,Reputational;Psychological,No-action autonomy (human support),0,0,
2026-09-22-5f4a,2026-09-22,BGR,hazard,6,bul,1,Physical (injury);Physical (death),High-action autonomy (human-out-of-the-loop),0,0,
2026-09-22-5a7b,2026-09-22,ESP,hazard,3,spa,1,Physical (death);Human or fundamental rights,High-action autonomy (human-out-of-the-loop),0,0,
2026-09-22-2309,2026-09-22,USA,hazard,4,spa,1,Human or fundamental rights;Psychological,High-action autonomy (human-out-of-the-loop),0,0,
2026-09-22-beb7,2026-09-22,AUS,hazard,3,eng,1,Environmental,,0,0,
2026-09-22-d029,2026-09-22,IRL,incident,16,eng,1,Physical (death);Physical (injury),High-action autonomy (human-out-of-the-loop),0,0,
2026-09-22-ec05,2026-09-22,PAK,incident,8,urd,1,Psychological;Human or fundamental rights,Medium-action autonomy (human-on-the-loop),0,0,
2026-09-22-5c16,2026-09-22,GBR,hazard,8,eng,1,Physical (death),High-action autonomy (human-out-of-the-loop),0,1,
2026-09-22-8ba6,2026-09-22,BRA,incident,8,por,1,Reputational;Public interest,Low-action autonomy (human-in-the-loop),0,0,
2026-09-22-0836,2026-09-22,USA,incident,20,eng;spa,2,Economic/Property;Human or fundamental rights;Reputational,High-action autonomy (human-out-of-the-loop),0,1,
2026-09-22-34c7,2026-09-22,CHN,incident,25,zho,1,Psychological;Public interest,No-action autonomy (human support),0,0,
2026-09-22-8414,2026-09-22,GBR,incident,5,eng,1,Public interest;Reputational,Low-action autonomy (human-in-the-loop),0,0,
2026-09-22-cf4c,2026-09-22,FRA,incident,5,spa,1,Human or fundamental rights,No-action autonomy (human support),0,0,
2026-09-22-727c,2026-09-22,KOR,incident,7,kor;zho,2,Economic/Property,High-action autonomy (human-out-of-the-loop),0,0,
2026-09-22-7ddd,2026-09-22,ARG,incident,20,fra;spa,2,Economic/Property;Human or fundamental rights,High-action autonomy (human-out-of-the-loop),0,0,
2026-09-23-098f,2026-09-23,USA,hazard,365,bul;deu;eng;fra;ita;por;spa,7,Economic/Property;Reputational;Public interest,High-action autonomy (human-out-of-the-loop),0,1,
2026-09-23-31a7,2026-09-23,ISR,incident,45,eng;jpn,2,Economic/Property,High-action autonomy (human-out-of-the-loop),0,1,1700
2026-09-23-8ece,2026-09-23,UKR,incident,6,eng;srp,2,Physical (death);Human or fundamental rights,High-action autonomy (human-out-of-the-loop),0,0,
2026-09-23-997c,2026-09-23,GBR,hazard,4,eng,1,Public interest;Human or fundamental rights,,0,0,
2026-09-23-94db,2026-09-23,,incident,3,eng,1,Economic/Property,Low-action autonomy (human-in-the-loop),0,1,
2026-09-23-c5d1,2026-09-23,USA,incident,5,ara,1,Economic/Property;Human or fundamental rights;Psychological,No-action autonomy (human support),0,0,
2026-09-23-20de,2026-09-23,USA,hazard,5,spa,1,Physical (injury);Physical (death),,0,0,
2026-09-23-3539,2026-09-23,GRC,incident,4,ell,1,Psychological;Reputational,,0,0,
2026-09-23-26fa,2026-09-23,USA,incident,3,eng,1,Public interest;Economic/Property,High-action autonomy (human-out-of-the-loop),0,1,
2026-09-23-89de,2026-09-23,,incident,6,eng,1,Human or fundamental rights;Reputational,Low-action autonomy (human-in-the-loop),0,0,
2026-09-23-c2dd,2026-09-23,BRA,hazard,7,por,1,Human or fundamental rights,,0,0,
2026-09-23-437f,2026-09-23,GBR,hazard,7,eng,1,,High-action autonomy (human-out-of-the-loop),0,0,
2026-09-23-6deb,2026-09-23,,incident,5,eng,1,Psychological;Reputational,,0,0,
2026-09-23-a062,2026-09-23,USA,hazard,5,eng,1,Economic/Property;Reputational,High-action autonomy (human-out-of-the-loop),0,1,
2026-09-23-6533,2026-09-23,AUS,incident,1898,ara;bul;ces;deu;ell;eng;fas;fra;hin;hrv;hun;ind;ita;jpn;kor;nld;pol;por;ron;slv;spa;sqi;srp;swe;tur;ukr;urd;vie;zho,29,Human or fundamental rights;Reputational,High-action autonomy (human-out-of-the-loop),0,1,
2026-09-23-27c6,2026-09-23,TUR,incident,31,tur,1,Reputational;Public interest,,0,0,
2026-09-23-d425,2026-09-23,PAK,incident,23,eng;spa,2,Physical (injury),No-action autonomy (human support),0,0,
2026-09-23-a6c2,2026-09-23,USA,incident,43,eng,1,Human or fundamental rights;Psychological;Reputational,High-action autonomy (human-out-of-the-loop),0,0,
2026-09-23-30b5,2026-09-23,IDN,incident,19,ind,1,Psychological;Reputational;Human or fundamental rights,Low-action autonomy (human-in-the-loop),0,0,
2026-09-23-c69a,2026-09-23,USA,incident,13,eng,1,Physical (death);Physical (injury),Medium-action autonomy (human-on-the-loop),0,0,
2026-09-23-2609,2026-09-23,ESP,incident,10,spa,1,Physical (injury);Reputational;Human or fundamental rights,,0,0,
2026-09-23-4cd5,2026-09-23,BRA,incident,9,por,1,Reputational;Public interest,No-action autonomy (human support),0,0,
2026-09-23-9d5c,2026-09-23,JPN,hazard,5,ukr,1,Physical (injury);Public interest,,0,0,
2026-09-23-1c82,2026-09-23,USA,incident,19,eng,1,Human or fundamental rights;Psychological,No-action autonomy (human support),0,0,
2026-09-24-708c,2026-09-24,USA,hazard,4,ara,1,Physical (death);Physical (injury);Public interest,High-action autonomy (human-out-of-the-loop),0,0,
2026-09-24-c802,2026-09-24,,incident,6,zho,1,Psychological;Human or fundamental rights,High-action autonomy (human-out-of-the-loop),0,0,
2026-09-24-4802,2026-09-24,USA,incident,5,eng,1,Economic/Property;Reputational,High-action autonomy (human-out-of-the-loop),0,0,
2026-09-24-3dfd,2026-09-24,USA,incident,91,ara;fas;ind;tur;urd,5,Human or fundamental rights;Public interest,High-action autonomy (human-out-of-the-loop),0,1,
2026-09-24-8792,2026-09-24,AUS,incident,8,slk,1,Other,High-action autonomy (human-out-of-the-loop),0,1,
2026-09-24-ad11,2026-09-24,IND,incident,83,eng;hin,2,Reputational,,0,0,
2026-09-24-ba99,2026-09-24,USA,incident,45,ara;eng,2,Economic/Property,Low-action autonomy (human-in-the-loop),0,0,
2026-09-24-d748,2026-09-24,NLD,hazard,10,nld,1,Public interest;Human or fundamental rights,,0,0,
2026-09-24-f969,2026-09-24,IDN,hazard,7,ind,1,Economic/Property;Human or fundamental rights,,0,0,
2026-09-24-6658,2026-09-24,USA,incident,10,eng,1,Economic/Property;Reputational;Public interest,High-action autonomy (human-out-of-the-loop),0,0,
2026-09-24-76b8,2026-09-24,AUS,incident,19,bul;eng;mkd,3,Reputational;Public interest,,0,0,
2026-09-24-cb65,2026-09-24,BRA,incident,6,por,1,Economic/Property;Human or fundamental rights,,0,0,
2026-09-24-c304,2026-09-24,USA,incident,7,eng,1,Human or fundamental rights;Psychological;Reputational,Low-action autonomy (human-in-the-loop),0,0,
2026-09-24-c526,2026-09-24,BEL,incident,28,eng;fra,2,Physical (injury),Medium-action autonomy (human-on-the-loop),0,0,
2026-09-24-62f4,2026-09-24,USA,incident,89,eng;spa;zho,3,Human or fundamental rights,High-action autonomy (human-out-of-the-loop),0,1,
2026-09-24-355f,2026-09-24,AUS,incident,841,cat;dan;deu;eng;fra;hrv;ita;por;slv;spa;tur;ukr,12,Human or fundamental rights;Public interest,High-action autonomy (human-out-of-the-loop),0,1,
2026-09-25-1a78,2026-09-25,USA,incident,6,eng,1,Psychological,High-action autonomy (human-out-of-the-loop),0,0,
2026-09-25-1040,2026-09-25,ITA,incident,4,ita,1,Economic/Property;Public interest,No-action autonomy (human support),0,0,
2026-09-25-e385,2026-09-25,USA,incident,12,ell,1,Economic/Property;Reputational;Human or fundamental rights,,0,0,
2026-09-25-8862,2026-09-25,AUS,incident,110,deu;est;fra;ita;spa;vie,6,Human or fundamental rights,High-action autonomy (human-out-of-the-loop),0,1,
2026-09-25-1b9f,2026-09-25,USA,incident,7,eng,1,Public interest;Reputational,No-action autonomy (human support),0,0,
2026-09-25-a72f,2026-09-25,USA,hazard,5,eng,1,Economic/Property,,0,0,
2026-09-25-5d7e,2026-09-25,BRA,hazard,5,por,1,Physical (injury),,0,0,
2026-09-25-e83b,2026-09-25,CHE,hazard,10,deu,1,Economic/Property;Public interest,,0,0,
2026-09-25-1906,2026-09-25,FRA,incident,5,fra,1,Reputational,Low-action autonomy (human-in-the-loop),0,0,
2026-09-25-d1b2,2026-09-25,USA,incident,75,eng,1,Human or fundamental rights;Public interest;Reputational,Medium-action autonomy (human-on-the-loop),0,0,
2026-09-25-f5d3,2026-09-25,CHN,incident,15,zho,1,Economic/Property,High-action autonomy (human-out-of-the-loop),0,0,
2026-09-25-9879,2026-09-25,USA,incident,14,eng;kor,2,Human or fundamental rights,Medium-action autonomy (human-on-the-loop),0,1,
2026-09-25-e3f8,2026-09-25,ARG,hazard,6,spa,1,Human or fundamental rights;Public interest,,0,0,
2026-09-25-b1eb,2026-09-25,ESP,incident,5,fra,1,Human or fundamental rights;Reputational,High-action autonomy (human-out-of-the-loop),0,0,
2026-09-25-22ee,2026-09-25,,hazard,5,ita,1,Economic/Property;Public interest,,0,0,
2026-09-25-9b03,2026-09-25,USA,incident,5,eng,1,Physical (death);Public interest,High-action autonomy (human-out-of-the-loop),0,0,
2026-09-25-936d,2026-09-25,ESP,incident,3,spa,1,Human or fundamental rights;Public interest,,0,0,
2026-09-25-90d3,2026-09-25,USA,incident,333,ara;deu;ell;eng;fra;hrv;ind;nld;por;ron;spa;tur;vie;zho,14,Psychological,High-action autonomy (human-out-of-the-loop),0,0,
2026-09-25-b291,2026-09-25,ITA,incident,126,ara;deu;eng;fra;ita;ron;tur,7,Economic/Property,No-action autonomy (human support),0,0,
2026-09-25-acd7,2026-09-25,BRA,incident,6,por,1,Public interest,No-action autonomy (human support),0,0,
2026-09-25-c7d2,2026-09-25,FRA,incident,75,ara;deu;eng;fra;nld;por;spa;srp;tur;zho,10,Economic/Property;Reputational,Low-action autonomy (human-in-the-loop),0,0,
2026-09-25-778f,2026-09-25,BRA,incident,22,por,1,,Low-action autonomy (human-in-the-loop),0,0,
2026-09-25-ac83,2026-09-25,FRA,incident,17,fra,1,Psychological;Reputational,High-action autonomy (human-out-of-the-loop),0,0,
2026-09-25-18d4,2026-09-25,TWN,incident,10,zho,1,Economic/Property,,0,0,
2026-09-25-e04a,2026-09-25,BGR,incident,9,bul,1,Economic/Property,Low-action autonomy (human-in-the-loop),0,0,
2026-09-26-21a5,2026-09-26,USA,hazard,10,eng,1,Economic/Property,High-action autonomy (human-out-of-the-loop),0,0,
2026-09-26-b89b,2026-09-26,JPN,incident,3,zho,1,Economic/Property;Public interest,,0,0,
2026-09-26-ff0f,2026-09-26,USA,incident,4,eng,1,Economic/Property,High-action autonomy (human-out-of-the-loop),0,0,
2026-09-26-a531,2026-09-26,USA,incident,14,hun;mkd,2,Human or fundamental rights;Reputational,High-action autonomy (human-out-of-the-loop),0,0,
2026-09-26-3b58,2026-09-26,DNK,hazard,6,eng,1,Public interest;Human or fundamental rights,High-action autonomy (human-out-of-the-loop),0,0,
2026-09-26-0397,2026-09-26,UKR,hazard,74,bul;deu;eng;hrv;mkd;ron;ukr,7,Physical (death);Physical (injury),High-action autonomy (human-out-of-the-loop),0,0,
2026-09-26-e3bd,2026-09-26,USA,incident,241,ara;ces;deu;ell;eng;fas;heb;hin;hun;kor;nld;slk;sqi;srp,14,Human or fundamental rights;Public interest,High-action autonomy (human-out-of-the-loop),0,1,
2026-09-26-4ad6,2026-09-26,IND,incident,44,eng;hin,2,Economic/Property,High-action autonomy (human-out-of-the-loop),0,0,
2026-09-26-97a8,2026-09-26,USA,hazard,36,zho,1,Physical (death);Public interest;Human or fundamental rights,,0,0,
2026-09-26-9687,2026-09-26,USA,incident,37,eng;kor;pol;srp,4,Public interest,High-action autonomy (human-out-of-the-loop),0,0,
2026-09-26-4dad,2026-09-26,USA,hazard,13,ell;fra;ita;spa,4,Physical (injury),Medium-action autonomy (human-on-the-loop),0,0,
2026-09-26-3ae5,2026-09-26,USA,hazard,18,eng;zho,2,Economic/Property;Public interest,,0,0,
2026-09-26-4f87,2026-09-26,JPN,incident,8,zho,1,Economic/Property,No-action autonomy (human support),0,0,
2026-09-26-993b,2026-09-26,USA,incident,21,ara;deu;spa,3,Human or fundamental rights,High-action autonomy (human-out-of-the-loop),0,0,
2026-09-26-e580,2026-09-26,USA,incident,41,eng;hin;kor;zho,4,Economic/Property,No-action autonomy (human support),0,0,
2026-09-27-a96b,2026-09-27,USA,hazard,4,eng,1,Physical (injury);Physical (death);Economic/Property,High-action autonomy (human-out-of-the-loop),0,0,
2026-09-27-1db8,2026-09-27,GBR,incident,8,eng,1,Economic/Property;Psychological,,0,0,
2026-09-27-bd21,2026-09-27,TWN,incident,8,zho,1,Physical (injury),High-action autonomy (human-out-of-the-loop),0,0,
2026-09-27-444a,2026-09-27,USA,hazard,15,hrv;srp,2,Physical (death);Public interest,,0,0,
2026-09-27-08bd,2026-09-27,CHE,hazard,11,eng,1,Public interest,High-action autonomy (human-out-of-the-loop),0,1,
2026-09-27-ad0d,2026-09-27,AUS,incident,9,eng,1,Public interest;Economic/Property,,0,0,
2026-09-27-31e2,2026-09-27,BRA,incident,4,por,1,Psychological;Reputational;Human or fundamental rights,,0,0,
2026-09-27-716a,2026-09-27,USA,hazard,15,ita;spa,2,Economic/Property;Public interest;Human or fundamental rights,High-action autonomy (human-out-of-the-loop),0,0,
2026-09-27-ac9e,2026-09-27,GBR,incident,5,eng,1,Economic/Property;Reputational,No-action autonomy (human support),0,0,
2026-09-27-e1d2,2026-09-27,USA,incident,107,ara;deu;zho,3,Human or fundamental rights;Public interest,High-action autonomy (human-out-of-the-loop),0,1,
2026-09-27-acf1,2026-09-27,JPN,incident,116,eng;fra;jpn;vie;zho,5,Economic/Property;Human or fundamental rights,High-action autonomy (human-out-of-the-loop),0,0,
2026-09-27-081c,2026-09-27,AUS,incident,98,ara;eng;fra;spa;tam;zho,6,Human or fundamental rights;Public interest;Reputational,High-action autonomy (human-out-of-the-loop),0,1,
2026-09-27-ca87,2026-09-27,CHE,hazard,17,eng;ukr;zho,3,Physical (death);Physical (injury);Human or fundamental rights,High-action autonomy (human-out-of-the-loop),0,0,
2026-09-27-c404,2026-09-27,CHN,incident,14,zho,1,Physical (injury),,0,0,
2026-09-27-6b4c,2026-09-27,BRA,incident,5,por,1,Reputational,,0,0,
2026-09-27-8705,2026-09-27,ARG,hazard,12,spa,1,Public interest;Human or fundamental rights,,0,0,
2026-09-27-eca7,2026-09-27,USA,hazard,28,eng,1,Economic/Property;Public interest,High-action autonomy (human-out-of-the-loop),0,1,
2026-09-27-640e,2026-09-27,USA,incident,39,eng;kor;pol;spa,4,Human or fundamental rights;Reputational,High-action autonomy (human-out-of-the-loop),0,0,
2026-09-27-fb1d,2026-09-27,USA,hazard,9,eng,1,,High-action autonomy (human-out-of-the-loop),0,0,
2026-09-28-b17d,2026-09-28,MUS,incident,3,fra,1,Economic/Property;Psychological;Public interest,,0,0,
2026-09-28-1fdd,2026-09-28,USA,incident,10,por,1,Human or fundamental rights,High-action autonomy (human-out-of-the-loop),0,1,
2026-09-28-b770,2026-09-28,GBR,incident,5,eng,1,Psychological,High-action autonomy (human-out-of-the-loop),0,0,
2026-09-28-d892,2026-09-28,USA,hazard,5,spa,1,Economic/Property;Public interest,High-action autonomy (human-out-of-the-loop),0,1,
2026-09-28-9cbc,2026-09-28,GBR,hazard,17,pol;ukr,2,Physical (death);Public interest,High-action autonomy (human-out-of-the-loop),0,0,
2026-09-28-1c25,2026-09-28,AUS,incident,774,ara;bul;deu;ell;eng;fra;hin;hrv;ita;por;ron;spa;sqi;tur;ukr;vie,16,Public interest,Medium-action autonomy (human-on-the-loop),0,0,
2026-09-28-7d76,2026-09-28,USA,incident,90,ell;eng;spa,3,Psychological,No-action autonomy (human support),0,0,
2026-09-28-0029,2026-09-28,KOR,incident,23,kor,1,Reputational;Human or fundamental rights,No-action autonomy (human support),0,0,
2026-09-28-4bc3,2026-09-28,USA,incident,9,zho,1,Public interest;Reputational,Low-action autonomy (human-in-the-loop),0,0,
2026-09-28-5fcf,2026-09-28,GBR,hazard,10,spa,1,Public interest,,0,0,
2026-09-28-4f1b,2026-09-28,FIN,hazard,9,fin,1,Economic/Property;Public interest,High-action autonomy (human-out-of-the-loop),0,0,
2026-09-28-5e9d,2026-09-28,KOR,incident,7,kor,1,Economic/Property;Reputational,Low-action autonomy (human-in-the-loop),0,0,
2026-09-28-b203,2026-09-28,DEU,incident,7,deu,1,Psychological;Human or fundamental rights,High-action autonomy (human-out-of-the-loop),0,0,
2026-09-28-9730,2026-09-28,DNK,hazard,5,tur,1,Economic/Property,,0,0,
2026-09-28-564b,2026-09-28,TWN,hazard,4,eng,1,Physical (death);Physical (injury);Human or fundamental rights,,0,0,
2026-09-28-946b,2026-09-28,ITA,incident,4,ita,1,Economic/Property,,0,0,
2026-09-28-751f,2026-09-28,AUS,incident,6,eng,1,Human or fundamental rights,No-action autonomy (human support),0,0,
2026-09-28-11be,2026-09-28,NGA,hazard,17,eng,1,Public interest;Reputational,,0,0,
2026-09-28-db94,2026-09-28,USA,incident,12,eng,1,Psychological;Human or fundamental rights,High-action autonomy (human-out-of-the-loop),0,0,
2026-09-28-a8f3,2026-09-28,USA,incident,6,eng,1,Psychological;Reputational;Human or fundamental rights,No-action autonomy (human support),0,0,
2026-09-28-e6b7,2026-09-28,USA,incident,5,eng,1,Economic/Property;Public interest,High-action autonomy (human-out-of-the-loop),0,0,
2026-09-28-8b2e,2026-09-28,POL,incident,7,pol,1,Physical (injury),No-action autonomy (human support),0,0,
2026-09-28-9bf0,2026-09-28,USA,hazard,6,eng,1,Environmental;Physical (injury),High-action autonomy (human-out-of-the-loop),0,0,
2026-09-28-b82a,2026-09-28,USA,hazard,4,eng,1,Public interest,Low-action autonomy (human-in-the-loop),0,0,
2026-09-28-e56f,2026-09-28,,incident,8,deu,1,Psychological;Reputational;Human or fundamental rights,Low-action autonomy (human-in-the-loop),0,0,
2026-09-29-c7ae,2026-09-29,USA,incident,6,eng,1,Economic/Property,High-action autonomy (human-out-of-the-loop),0,0,
2026-09-29-47da,2026-09-29,USA,hazard,3,fra,1,Economic/Property,,0,0,
2026-09-29-0401,2026-09-29,,hazard,14,eng,1,Human or fundamental rights;Public interest,,0,0,
2026-09-29-dce4,2026-09-29,USA,hazard,154,ara;deu;fra;ind;ita;kor;nld;pol;ron;spa;swe;zho,12,Economic/Property;Reputational,High-action autonomy (human-out-of-the-loop),0,0,
2026-09-29-692e,2026-09-29,USA,incident,144,cat;deu;eng;ita;por;spa;ukr;zho,8,Economic/Property;Public interest,High-action autonomy (human-out-of-the-loop),0,1,
2026-09-29-0de7,2026-09-29,CHN,incident,99,ara;bul;ell;eng;hrv;ron;spa;srp;tur;zho,10,Physical (death);Public interest;Human or fundamental rights,,0,0,
2026-09-29-1157,2026-09-29,IND,incident,14,eng,1,Human or fundamental rights;Economic/Property,High-action autonomy (human-out-of-the-loop),0,0,
2026-09-29-5a94,2026-09-29,USA,incident,8,eng,1,Economic/Property;Reputational;Human or fundamental rights,High-action autonomy (human-out-of-the-loop),0,1,
2026-09-29-34cc,2026-09-29,USA,incident,7,eng,1,Economic/Property,,0,0,
2026-09-29-d38a,2026-09-29,USA,hazard,8,eng,1,Physical (death);Physical (injury);Human or fundamental rights,High-action autonomy (human-out-of-the-loop),0,0,
2026-09-29-cfdc,2026-09-29,NGA,hazard,6,eng,1,Public interest,,0,0,
2026-09-29-7bed,2026-09-29,USA,hazard,5,spa,1,Physical (death);Public interest,High-action autonomy (human-out-of-the-loop),0,0,
2026-09-29-9ab7,2026-09-29,CHN,hazard,8,eng;zho,2,Economic/Property;Public interest,High-action autonomy (human-out-of-the-loop),0,0,
2026-09-29-c02d,2026-09-29,UKR,hazard,3,ukr,1,Physical (death);Physical (injury);Human or fundamental rights,High-action autonomy (human-out-of-the-loop),0,0,
2026-09-29-c0f3,2026-09-29,USA,incident,33,eng,1,Human or fundamental rights;Reputational;Economic/Property,,0,0,
2026-09-29-0327,2026-09-29,USA,hazard,76,ces;heb;jpn;nld;pol;ron;ukr,7,Physical (death);Public interest,,0,0,
2026-09-29-690a,2026-09-29,SGP,incident,47,eng;tur;zho,3,Economic/Property;Public interest,No-action autonomy (human support),0,0,
2026-09-29-e27c,2026-09-29,DEU,hazard,15,deu,1,,High-action autonomy (human-out-of-the-loop),0,0,
2026-09-29-23e8,2026-09-29,USA,incident,20,eng,1,Economic/Property,,0,0,
2026-09-29-1c4b,2026-09-29,CHN,hazard,46,eng;spa;zho,3,Economic/Property;Reputational;Public interest,High-action autonomy (human-out-of-the-loop),0,1,
2026-09-29-5b54,2026-09-29,USA,hazard,18,eng;ind,2,Economic/Property,,0,0,
2026-09-29-cf5e,2026-09-29,USA,hazard,9,eng,1,Reputational;Public interest,,0,0,
2026-09-29-1fd0,2026-09-29,GBR,hazard,7,eng,1,Other,Medium-action autonomy (human-on-the-loop),0,0,
2026-09-29-3ae5,2026-09-29,BRA,incident,7,por,1,Reputational;Public interest,,0,0,
2026-09-29-38c7,2026-09-29,CAN,incident,5,eng,1,Psychological,High-action autonomy (human-out-of-the-loop),0,0,
2026-09-29-c442,2026-09-29,USA,incident,39,eng;fra;spa,3,Reputational;Economic/Property,High-action autonomy (human-out-of-the-loop),0,0,
2026-09-29-2939,2026-09-29,TWN,incident,5,zho,1,Economic/Property,No-action autonomy (human support),0,0,
2026-09-29-4fed,2026-09-29,USA,hazard,5,eng,1,Economic/Property;Public interest,,0,0,
2026-09-30-60fe,2026-09-30,USA,hazard,42,eng,1,,,0,0,
2026-09-30-01a1,2026-09-30,GBR,hazard,24,eng,1,Economic/Property;Public interest,High-action autonomy (human-out-of-the-loop),0,0,
2026-09-30-83cd,2026-09-30,GRC,incident,23,ell,1,Reputational,,0,0,
2026-09-30-dce2,2026-09-30,DEU,incident,10,deu,1,Reputational;Economic/Property,High-action autonomy (human-out-of-the-loop),0,0,
2026-09-30-1509,2026-09-30,SGP,incident,14,eng;zho,2,Human or fundamental rights,Low-action autonomy (human-in-the-loop),0,0,
2026-09-30-6220,2026-09-30,ARG,hazard,7,spa,1,Public interest,,0,0,
2026-09-30-7ccb,2026-09-30,KOR,incident,5,kor,1,Economic/Property,High-action autonomy (human-out-of-the-loop),0,0,
2026-09-30-97df,2026-09-30,USA,hazard,5,dan,1,Economic/Property;Public interest,Low-action autonomy (human-in-the-loop),0,0,
2026-09-30-fbff,2026-09-30,CHN,hazard,5,jpn,1,,,0,0,
2026-09-30-219d,2026-09-30,FRA,hazard,5,fra,1,Environmental;Physical (injury),,0,0,
2026-09-30-6ebe,2026-09-30,USA,hazard,3,eng,1,Physical (injury);Physical (death),High-action autonomy (human-out-of-the-loop),0,0,
2026-09-30-66e1,2026-09-30,USA,hazard,15,eng;por,2,Physical (death);Human or fundamental rights;Public interest,High-action autonomy (human-out-of-the-loop),0,0,
